source,relation,target
Parcours_Informatique_Multimedia_Technologie_de_l_Information_et_de_la_Communication_et_I,enseigne,Matiere_Deep_Learning
Parcours_Commerce_et_Administration_des_Affaires,prepareA,Metier_Administrateur_des_ventes_Responsable_export
Parcours_Genie_Civil_et_Architecture,enseigne,Matiere_AUTOCAD
Parcours_Tourisme_Environnement_et_Hotellerie,enseigne,Matiere_Technique_d_agence
Etudiant_P01117,aCentreInteret,Interet_Reseaux_sociaux_et_numerique
Parcours_Informatique_de_Gestion_Genie_Logiciel_et_Intelligence_Artificielle,enseigne,Matiere_Informatique_Quantique
Etudiant_P01207,possede,Competence_esprit_d_equipe
Parcours_Electromecanique_et_Informatique_Industrielle,enseigne,Matiere_Geometrie_analytique
Parcours_Genie_Civil_et_Architecture,enseigne,Matiere_Hydraulique
Parcours_Pharmacologie_et_Industries_Pharmaceutiques,enseigne,Matiere_Plantes_medicales
Parcours_Droit_et_Techniques_Juridiques_des_Affaires,necessite,Prerequis_Baccalaureat_serie_A1
Parcours_Genie_Civil_et_Architecture,enseigne,Matiere_Constructions_Metalliques
Etudiant_P01117,aCentreInteret,Interet_Programmation
Etudiant_P01117,aCentreInteret,Interet_Reseaux_sociaux
Competence_Calcul_de_structures_RDM,estRequisePour,Metier_Ingenieur_d_etudes_BTP
Etudiant_P00458,aCentreInteret,Interet_Lecture
Parcours_Informatique_de_Gestion_Genie_Logiciel_et_Intelligence_Artificielle,necessite,Prerequis_Baccalaureat_serie_C
Competence_Modelisation_UML_Merise,estRequisePour,Metier_Analyste_Programmeur_Concepteur
Parcours_Informatique_Multimedia_Technologie_de_l_Information_et_de_la_Communication_et_I,prepareA,Metier_Ingenieur_en_technologies_de_la_communication
Parcours_Finances_et_Comptabilite,enseigne,Matiere_Organisation
Etudiant_P00866,aCentreInteret,Interet_Benevolat_associatif
Parcours_Informatique_de_Gestion_Genie_Logiciel_et_Intelligence_Artificielle,prepareA,Metier_Chef_de_projet_informatique
Parcours_Industries_Chimiques_Minieres_et_Petrolieres,enseigne,Matiere_Science_et_technique_petrolieres
Parcours_Informatique_de_Gestion_Genie_Logiciel_et_Intelligence_Artificielle,enseigne,Matiere_PHP
Parcours_Informatique_Multimedia_Technologie_de_l_Information_et_de_la_Communication_et_I,enseigne,Matiere_C
Parcours_Informatique_Statistique_Appliquee_et_Intelligence_Artificielle,enseigne,Matiere_Gestion_de_Projet
Parcours_Informatique_Statistique_Appliquee_et_Intelligence_Artificielle,enseigne,Matiere_SGBDR
Competence_Maintenance_multi_technique,estRequisePour,Metier_Responsable_Maintenance
Etudiant_P00564,possede,Competence_sens_de_l_organisation
Etudiant_P01386,prefere,Matiere_Malgache
Parcours_Genie_Civil_et_Architecture,enseigne,Matiere_Hydrologie
Parcours_Agriculture_et_Elevage,enseigne,Matiere_Biotechnologie
Etudiant_P00865,prefere,Matiere_Economie
Etudiant_P00564,prefere,Matiere_Physique_Chimie
Parcours_Industries_Agroalimentaires,enseigne,Matiere_Genie_industriel_alimentaire
Parcours_Commerce_et_Administration_des_Affaires,necessite,Prerequis_Baccalaureat_serie_OSE
Parcours_Tourisme_Environnement_et_Hotellerie,appartientAMention,Mention_Tourisme
Parcours_Informatique_Multimedia_Technologie_de_l_Information_et_de_la_Communication_et_I,enseigne,Matiere_Base_de_Donnees
Parcours_Electronique_Systemes_Informatiques_et_Intelligence_Artificielle,enseigne,Matiere_Unified_Modeling_Language
Parcours_Pharmacologie_et_Industries_Pharmaceutiques,enseigne,Matiere_Chimie_analytique
Parcours_Informatique_Multimedia_Technologie_de_l_Information_et_de_la_Communication_et_I,enseigne,Matiere_Langage_C
Parcours_Informatique_Multimedia_Technologie_de_l_Information_et_de_la_Communication_et_I,enseigne,Matiere_Java
Parcours_Pharmacologie_et_Industries_Pharmaceutiques,necessite,Prerequis_Baccalaureat_serie_C
Etudiant_P00286,possede,Competence_aisance_relationnelle
Etudiant_P00564,aCentreInteret,Interet_Animaux
Etudiant_P01117,possede,Competence_esprit_d_equipe
Parcours_Informatique_Statistique_Appliquee_et_Intelligence_Artificielle,enseigne,Matiere_Deep_Learning
Etudiant_P00697,estOrienteVers,Parcours_Industries_Agroalimentaires
Parcours_Tourisme_Environnement_et_Hotellerie,developpe,Competence_Management_operationnel_et_strategique_en_hotellerie_et_restauration
Parcours_Informatique_Statistique_Appliquee_et_Intelligence_Artificielle,enseigne,Matiere_Programmation_Logique
Parcours_Commerce_et_Administration_des_Affaires,enseigne,Matiere_Technique_de_vente
Parcours_Industries_Chimiques_Minieres_et_Petrolieres,enseigne,Matiere_Chimie_industrielle
Parcours_Electromecanique_et_Informatique_Industrielle,enseigne,Matiere_Moteur_a_combustion_interne
Parcours_Economie_et_Management_de_Projet,enseigne,Matiere_Neuro_marketing
Parcours_Commerce_et_Administration_des_Affaires,enseigne,Matiere_Economie_monetaire
Etudiant_P00229,estOrienteVers,Parcours_Droit_et_Techniques_Juridiques_des_Affaires
Parcours_Genie_Civil_et_Architecture,enseigne,Matiere_Port
Parcours_Industries_Agroalimentaires,enseigne,Matiere_Securite_alimentaire
Parcours_Electronique_Systemes_Informatiques_et_Intelligence_Artificielle,necessite,Prerequis_Baccalaureat_serie_D
Etudiant_P00458,aCentreInteret,Interet_Gestion
Parcours_Commerce_et_Administration_des_Affaires,enseigne,Matiere_Comptabilite_financiere
Etudiant_P00866,possede,Competence_esprit_d_analyse
Etudiant_P01035,prefere,Matiere_Mathematiques
Etudiant_P00865,prefere,Matiere_Francais
Etudiant_P01310,possede,Competence_esprit_d_analyse
Parcours_Genie_Civil_et_Architecture,necessite,Prerequis_Baccalaureat_serie_D
Etudiant_P01150,estOrienteVers,Parcours_Industries_Agroalimentaires
Parcours_Commerce_et_Administration_des_Affaires,enseigne,Matiere_Gestion_financiere
Parcours_Droit_et_Techniques_Juridiques_des_Affaires,appartientAMention,Mention_Droit_et_Techniques_des_Affaires
Etudiant_P01386,possede,Competence_curiosite
Etudiant_P00055,aCentreInteret,Interet_Debat_et_droit
Parcours_Electronique_Systemes_Informatiques_et_Intelligence_Artificielle,enseigne,Matiere_Cybersecurite
Etudiant_P00014,aCentreInteret,Interet_Industrie
Etudiant_P01035,possede,Competence_sens_de_l_observation
Parcours_Industries_Chimiques_Minieres_et_Petrolieres,developpe,Competence_Gestion_des_risques_industriels_securite_HSE_et_environnementaux
Etudiant_P01519,aCentreInteret,Interet_Programmation
Parcours_Informatique_Statistique_Appliquee_et_Intelligence_Artificielle,enseigne,Matiere_C
Parcours_Electromecanique_et_Informatique_Industrielle,appartientAMention,Mention_Genie_Industriel
Parcours_Electronique_Systemes_Informatiques_et_Intelligence_Artificielle,enseigne,Matiere_Maintenance_des_Systemes_Informatiques_Hardware
Parcours_Informatique_Multimedia_Technologie_de_l_Information_et_de_la_Communication_et_I,enseigne,Matiere_Publication_Assistee_par_Ordinateur
Parcours_Electronique_Systemes_Informatiques_et_Intelligence_Artificielle,developpe,Competence_Architecture_et_administration_de_reseaux_informatiques_GSM_TCP_IP
Parcours_Agriculture_et_Elevage,prepareA,Metier_Consultant_en_agroecologie_et_environnement
Parcours_Droit_et_Techniques_Juridiques_des_Affaires,necessite,Prerequis_Baccalaureat_serie_D
Parcours_Economie_et_Management_de_Projet,enseigne,Matiere_Macroeconomie
Etudiant_P00014,possede,Competence_curiosite
Parcours_Industries_Agroalimentaires,enseigne,Matiere_Technologie_des_pectines
Parcours_Industries_Agroalimentaires,enseigne,Matiere_Atomistique
Parcours_Electronique_Systemes_Informatiques_et_Intelligence_Artificielle,prepareA,Metier_Expert_en_systemes_embarques_et_IoT
Competence_Semiologie_Physiopathologie,estRequisePour,Metier_Delegue_medical_expert
Parcours_Industries_Agroalimentaires,developpe,Competence_Pilotage_des_procedes_de_transformation_agroalimentaire_cafe_cacao_lait
Parcours_Informatique_Statistique_Appliquee_et_Intelligence_Artificielle,enseigne,Matiere_Base_de_Donnees
Parcours_Pharmacologie_et_Industries_Pharmaceutiques,enseigne,Matiere_Biologie_Animale
Etudiant_P00052,prefere,Matiere_SVT
Etudiant_P00564,possede,Competence_autonomie
Parcours_Electromecanique_et_Informatique_Industrielle,enseigne,Matiere_Grafcet
Etudiant_P00210,aCentreInteret,Interet_Gestion
Parcours_Informatique_Multimedia_Technologie_de_l_Information_et_de_la_Communication_et_I,enseigne,Matiere_Intelligence_Artificielle
Etudiant_P00697,prefere,Matiere_Informatique
Etudiant_P00014,prefere,Matiere_Mathematiques
Competence_Production_Audiovisuelle_PAO,estRequisePour,Metier_Infographiste_Monteur_Video
Competence_Robotique_et_Domotique,estRequisePour,Metier_Specialiste_Robotique
Parcours_Informatique_Statistique_Appliquee_et_Intelligence_Artificielle,enseigne,Matiere_Java
Parcours_Genie_Civil_et_Architecture,enseigne,Matiere_ARCHICAD
Competence_Traitement_du_signal_Automatique,estRequisePour,Metier_Ingenieur_en_Automatismes
Parcours_Pharmacologie_et_Industries_Pharmaceutiques,prepareA,Metier_Specialiste_en_valorisation_des_ressources_naturelles_Phyto_medicaments
Etudiant_P00408,prefere,Matiere_Histoire_Geo
Parcours_Finances_et_Comptabilite,enseigne,Matiere_Gestion_d_entreprise
Parcours_Electronique_Systemes_Informatiques_et_Intelligence_Artificielle,enseigne,Matiere_Management
Etudiant_P00055,possede,Competence_esprit_d_analyse
Etudiant_P01150,possede,Competence_perseverance
Parcours_Informatique_Statistique_Appliquee_et_Intelligence_Artificielle,enseigne,Matiere_Combinatoire_et_probabilites
Etudiant_P01207,aSerieBac,Prerequis_Baccalaureat_serie_D
Etudiant_P01517,estOrienteVers,Parcours_Pharmacologie_et_Industries_Pharmaceutiques
Etudiant_P01035,prefere,Matiere_Economie
Parcours_Industries_Chimiques_Minieres_et_Petrolieres,enseigne,Matiere_Petrologie
Competence_Suivi_evaluation,estRequisePour,Metier_Responsable_suivi_evaluation
Parcours_Pharmacologie_et_Industries_Pharmaceutiques,enseigne,Matiere_Microbiologie_medicale
Parcours_Finances_et_Comptabilite,enseigne,Matiere_Politique_economique
Parcours_Informatique_Multimedia_Technologie_de_l_Information_et_de_la_Communication_et_I,necessite,Prerequis_Baccalaureat_serie_A2
Etudiant_P00697,aSerieBac,Prerequis_Baccalaureat_serie_A1
Competence_Technologies_de_l_information,estRequisePour,Metier_Ingenieur_en_technologies_de_la_communication
Parcours_Genie_Civil_et_Architecture,enseigne,Matiere_Management
Parcours_Industries_Agroalimentaires,enseigne,Matiere_Bio_informatique
Etudiant_P00179,aCentreInteret,Interet_Technologie
Parcours_Droit_et_Techniques_Juridiques_des_Affaires,prepareA,Metier_Expert_en_contentieux_d_affaires_Agent_de_recouvrement
Parcours_Informatique_Multimedia_Technologie_de_l_Information_et_de_la_Communication_et_I,enseigne,Matiere_JavaScript
Parcours_Genie_Civil_et_Architecture,appartientAMention,Mention_Genie_Civil_et_Architecture
Parcours_Finances_et_Comptabilite,developpe,Competence_Analyse_des_etats_financiers_et_aide_a_la_decision_d_investissement
Parcours_Genie_Civil_et_Architecture,enseigne,Matiere_Amenagement_hydrogricole
Parcours_Electronique_Systemes_Informatiques_et_Intelligence_Artificielle,prepareA,Metier_Ingenieur_systeme_et_reseau
Parcours_Informatique_de_Gestion_Genie_Logiciel_et_Intelligence_Artificielle,enseigne,Matiere_Informatique_Decisionnelle
Parcours_Informatique_Multimedia_Technologie_de_l_Information_et_de_la_Communication_et_I,enseigne,Matiere_Merise
Parcours_Informatique_Statistique_Appliquee_et_Intelligence_Artificielle,prepareA,Metier_Responsable_de_planification_strategique_et_economique
Parcours_Pharmacologie_et_Industries_Pharmaceutiques,enseigne,Matiere_Toxicologie_Generale
Etudiant_P00502,possede,Competence_rigueur
Parcours_Agriculture_et_Elevage,enseigne,Matiere_Microbiologie
Parcours_Finances_et_Comptabilite,prepareA,Metier_Analyste_financier_en_banque_ou_cabinet_d_audit
Etudiant_P01233,possede,Competence_creativite
Etudiant_P00066,prefere,Matiere_Informatique
Parcours_Commerce_et_Administration_des_Affaires,enseigne,Matiere_Gestion_previsionnelle
Parcours_Finances_et_Comptabilite,enseigne,Matiere_Choix_d_investissement
Parcours_Droit_et_Techniques_Juridiques_des_Affaires,enseigne,Matiere_Management
Etudiant_P00448,prefere,Matiere_Malgache
Parcours_Informatique_Statistique_Appliquee_et_Intelligence_Artificielle,enseigne,Matiere_Statistiques_appliquees
Parcours_Informatique_Multimedia_Technologie_de_l_Information_et_de_la_Communication_et_I,enseigne,Matiere_Informatique_Scientifique
Parcours_Pharmacologie_et_Industries_Pharmaceutiques,enseigne,Matiere_Phytochimie
Etudiant_P01035,possede,Competence_sens_de_l_organisation
Etudiant_P00448,aCentreInteret,Interet_Gestion
Parcours_Informatique_de_Gestion_Genie_Logiciel_et_Intelligence_Artificielle,enseigne,Matiere_Structure_de_donnees
Parcours_Economie_et_Management_de_Projet,enseigne,Matiere_Economie_bleu
Parcours_Tourisme_Environnement_et_Hotellerie,prepareA,Metier_Manager_d_agence_de_voyage_Tour_operateur
Parcours_Finances_et_Comptabilite,prepareA,Metier_Controleur_de_gestion
Parcours_Electronique_Systemes_Informatiques_et_Intelligence_Artificielle,enseigne,Matiere_Geometrie_appliquee_aux_Formes_et_Images
Parcours_Electromecanique_et_Informatique_Industrielle,enseigne,Matiere_Mecanique_analytique
Parcours_Electronique_Systemes_Informatiques_et_Intelligence_Artificielle,enseigne,Matiere_Maintenance_des_Systemes_Informatiques
Parcours_Genie_Civil_et_Architecture,enseigne,Matiere_Ossatures_bois
Etudiant_P01386,estOrienteVers,Parcours_Genie_Civil_et_Architecture
Parcours_Agriculture_et_Elevage,enseigne,Matiere_Agronomie_tropicale
Parcours_Finances_et_Comptabilite,developpe,Competence_Maitrise_de_la_fiscalite_d_entreprise_et_du_droit_des_societes
Parcours_Informatique_Statistique_Appliquee_et_Intelligence_Artificielle,enseigne,Matiere_Intelligence_Artificielle
Parcours_Electronique_Systemes_Informatiques_et_Intelligence_Artificielle,enseigne,Matiere_Assembleur
Etudiant_P01519,prefere,Matiere_Physique_Chimie
Parcours_Agriculture_et_Elevage,enseigne,Matiere_Nutrition_animale
Parcours_Pharmacologie_et_Industries_Pharmaceutiques,enseigne,Matiere_Physiologie_Animale
Parcours_Informatique_de_Gestion_Genie_Logiciel_et_Intelligence_Artificielle,enseigne,Matiere_Processus_Stochastique
Etudiant_P01150,aCentreInteret,Interet_Musique
Etudiant_P00860,estOrienteVers,Parcours_Tourisme_Environnement_et_Hotellerie
Competence_Gestion_de_production_industrielle,estRequisePour,Metier_Responsable_de_production
Parcours_Electronique_Systemes_Informatiques_et_Intelligence_Artificielle,enseigne,Matiere_Microcontroleur
Parcours_Finances_et_Comptabilite,enseigne,Matiere_Marketing_international
Parcours_Informatique_Multimedia_Technologie_de_l_Information_et_de_la_Communication_et_I,enseigne,Matiere_Theorie_des_Signales
Etudiant_P00066,possede,Competence_autonomie
Parcours_Informatique_Multimedia_Technologie_de_l_Information_et_de_la_Communication_et_I,developpe,Competence_Production_montage_et_traitement_audiovisuel_Son_Photo_Video
Etudiant_P00564,aSerieBac,Prerequis_Baccalaureat_serie_D
Etudiant_P00452,prefere,Matiere_SVT
Etudiant_P00014,possede,Competence_sens_de_l_organisation
Etudiant_P00920,prefere,Matiere_Arts
Parcours_Electronique_Systemes_Informatiques_et_Intelligence_Artificielle,enseigne,Matiere_Reseaux_de_Neurones_Artificiels
Parcours_Economie_et_Management_de_Projet,enseigne,Matiere_Marketing
Parcours_Informatique_Statistique_Appliquee_et_Intelligence_Artificielle,enseigne,Matiere_JavaScript
Etudiant_P00014,prefere,Matiere_Physique_Chimie
Parcours_Pharmacologie_et_Industries_Pharmaceutiques,prepareA,Metier_Technicien_ou_Ingenieur_de_laboratoire_medical_industriel
Parcours_Agriculture_et_Elevage,enseigne,Matiere_Culture_des_plantes
Parcours_Informatique_de_Gestion_Genie_Logiciel_et_Intelligence_Artificielle,developpe,Competence_Maitrise_de_la_programmation_multi_langages_Java_C_PHP_JavaScript
Parcours_Commerce_et_Administration_des_Affaires,enseigne,Matiere_Fiscalite
Etudiant_P00014,prefere,Matiere_Francais
Parcours_Informatique_Multimedia_Technologie_de_l_Information_et_de_la_Communication_et_I,enseigne,Matiere_Theorie_des_jeux
Parcours_Informatique_Statistique_Appliquee_et_Intelligence_Artificielle,enseigne,Matiere_Merise
Parcours_Pharmacologie_et_Industries_Pharmaceutiques,developpe,Competence_Controle_qualite_reglementation_et_pharmacotechnie
Etudiant_P01430,prefere,Matiere_Informatique
Etudiant_P01519,possede,Competence_creativite
Etudiant_P01467,prefere,Matiere_EPS
Parcours_Genie_Civil_et_Architecture,enseigne,Matiere_Elasticite_et_plasticite
Etudiant_P00477,aSerieBac,Prerequis_Baccalaureat_serie_D
Etudiant_P01386,aSerieBac,Prerequis_Baccalaureat_serie_S
Etudiant_P01555,estOrienteVers,Parcours_Commerce_et_Administration_des_Affaires
Parcours_Pharmacologie_et_Industries_Pharmaceutiques,enseigne,Matiere_Genetique
Parcours_Industries_Agroalimentaires,enseigne,Matiere_Matieres_grasses
Parcours_Agriculture_et_Elevage,enseigne,Matiere_Agroecologie
Parcours_Informatique_Statistique_Appliquee_et_Intelligence_Artificielle,enseigne,Matiere_Informatique_Scientifique
Etudiant_P00210,aSerieBac,Prerequis_Baccalaureat_serie_A2
Etudiant_P01310,aSerieBac,Prerequis_Baccalaureat_serie_D
Etudiant_P01233,aCentreInteret,Interet_Benevolat_associatif
Competence_Marketing_Negociation,estRequisePour,Metier_Chef_de_produit_marketing
Parcours_Finances_et_Comptabilite,enseigne,Matiere_Economie_mathematique
Etudiant_P00865,aSerieBac,Prerequis_Baccalaureat_serie_C
Competence_Gestion_d_exploitation_agricole,estRequisePour,Metier_Chef_d_exploitation
Parcours_Electronique_Systemes_Informatiques_et_Intelligence_Artificielle,enseigne,Matiere_Theorie_des_Signals
Parcours_Pharmacologie_et_Industries_Pharmaceutiques,developpe,Competence_Maitrise_de_la_pharmacologie_moleculaire_cellulaire_et_des_grandes_fonctions
Etudiant_P00502,prefere,Matiere_Mathematiques
Parcours_Informatique_de_Gestion_Genie_Logiciel_et_Intelligence_Artificielle,enseigne,Matiere_GLCIA
Etudiant_P00865,prefere,Matiere_Histoire_Geo
Parcours_Industries_Chimiques_Minieres_et_Petrolieres,enseigne,Matiere_Chimie_analytique
Parcours_Electromecanique_et_Informatique_Industrielle,enseigne,Matiere_Maintenance_avion
Etudiant_P00052,aSerieBac,Prerequis_Baccalaureat_serie_D
Parcours_Electronique_Systemes_Informatiques_et_Intelligence_Artificielle,developpe,Competence_Traitement_du_signal_automatique_et_robotique_industrielle
Parcours_Finances_et_Comptabilite,enseigne,Matiere_Neuro_marketing
Parcours_Electronique_Systemes_Informatiques_et_Intelligence_Artificielle,enseigne,Matiere_Maintenance_des_Systemes_Electroniques
Etudiant_P00502,possede,Competence_sens_de_l_observation
Parcours_Industries_Chimiques_Minieres_et_Petrolieres,enseigne,Matiere_Metallurgie
Etudiant_P01310,possede,Competence_aisance_relationnelle
Parcours_Electronique_Systemes_Informatiques_et_Intelligence_Artificielle,enseigne,Matiere_Electricite
Parcours_Droit_et_Techniques_Juridiques_des_Affaires,developpe,Competence_Redaction_d_actes_juridiques_de_contrats_commerciaux_et_sociaux
Parcours_Tourisme_Environnement_et_Hotellerie,developpe,Competence_Communication_touristique_et_pratique_des_langues_etrangeres_Anglais_Allemand_Fr
Parcours_Pharmacologie_et_Industries_Pharmaceutiques,enseigne,Matiere_Pharmacologie_des_grandes_fonctions
Parcours_Industries_Agroalimentaires,enseigne,Matiere_Technologie_et_transformation_du_cafe_et_cacao
Parcours_Industries_Agroalimentaires,prepareA,Metier_Ingenieur_de_production_en_industrie_agroalimentaire
Parcours_Electromecanique_et_Informatique_Industrielle,enseigne,Matiere_Aeronautique
Etudiant_P01207,possede,Competence_sens_de_l_observation
Parcours_Informatique_de_Gestion_Genie_Logiciel_et_Intelligence_Artificielle,enseigne,Matiere_Codage
Etudiant_P01519,aCentreInteret,Interet_Robotique
Parcours_Electronique_Systemes_Informatiques_et_Intelligence_Artificielle,developpe,Competence_Conception_et_programmation_de_systemes_embarques_Microcontroleurs
Competence_Maintenance_Hardware_Microcontroleurs,estRequisePour,Metier_Ingenieur_de_maintenance_electronique
Etudiant_P01210,prefere,Matiere_Economie
Parcours_Electromecanique_et_Informatique_Industrielle,prepareA,Metier_Ingenieur_en_bureau_d_etudes_mecanique
Parcours_Informatique_Multimedia_Technologie_de_l_Information_et_de_la_Communication_et_I,enseigne,Matiere_Systemes_Multi_Agents
Parcours_Economie_et_Management_de_Projet,necessite,Prerequis_Baccalaureat_serie_A1
Etudiant_P00210,prefere,Matiere_Arts
Etudiant_P01150,prefere,Matiere_SVT
Etudiant_P00210,possede,Competence_esprit_d_analyse
Parcours_Droit_et_Techniques_Juridiques_des_Affaires,enseigne,Matiere_Droit_des_societes
Parcours_Informatique_Multimedia_Technologie_de_l_Information_et_de_la_Communication_et_I,enseigne,Matiere_Reseaux_informatiques
Parcours_Droit_et_Techniques_Juridiques_des_Affaires,enseigne,Matiere_Droit_de_travail
Etudiant_P00477,aCentreInteret,Interet_Entrepreneuriat
Parcours_Commerce_et_Administration_des_Affaires,enseigne,Matiere_Gestion_de_projet
Parcours_Genie_Civil_et_Architecture,enseigne,Matiere_Assainissement
Parcours_Informatique_de_Gestion_Genie_Logiciel_et_Intelligence_Artificielle,enseigne,Matiere_Machine_Learning
Parcours_Economie_et_Management_de_Projet,necessite,Prerequis_Baccalaureat_serie_A2
Etudiant_P00327,aSerieBac,Prerequis_Baccalaureat_serie_C
Parcours_Industries_Chimiques_Minieres_et_Petrolieres,prepareA,Metier_Expert_en_controle_qualite_dans_l_industrie_lourde
Etudiant_P00408,possede,Competence_rigueur
Etudiant_P00458,possede,Competence_esprit_d_equipe
Parcours_Economie_et_Management_de_Projet,enseigne,Matiere_Economie_rurale
Etudiant_P00062,possede,Competence_esprit_d_analyse
Competence_Biochimie_Microbiologie_medicale,estRequisePour,Metier_Ingenieur_de_laboratoire
Parcours_Agriculture_et_Elevage,developpe,Competence_Conduite_de_systemes_de_productions_vegetales_et_animales_modernes
Parcours_Commerce_et_Administration_des_Affaires,enseigne,Matiere_Negociaiton_commerciale
Etudiant_P01467,possede,Competence_autonomie
Etudiant_P00570,aCentreInteret,Interet_Urbanisme
Parcours_Genie_Civil_et_Architecture,enseigne,Matiere_Resistance_des_materiaux
Parcours_Pharmacologie_et_Industries_Pharmaceutiques,prepareA,Metier_Responsable_de_production_pharmaceutique_Ingenieur_formulation
Competence_Genie_des_procedes_Chimie,estRequisePour,Metier_Ingenieur_Chimiste
Parcours_Commerce_et_Administration_des_Affaires,developpe,Competence_Gestion_administrative_organisationnelle_et_management_d_entreprise
Parcours_Agriculture_et_Elevage,prepareA,Metier_Ingenieur_Agronome_Gestionnaire_d_exploitation_agricole
Etudiant_P01150,aCentreInteret,Interet_Nature
Parcours_Agriculture_et_Elevage,enseigne,Matiere_Aviculture
Parcours_Electronique_Systemes_Informatiques_et_Intelligence_Artificielle,enseigne,Matiere_Cryptographie
Etudiant_P01035,prefere,Matiere_Histoire_Geo
Parcours_Tourisme_Environnement_et_Hotellerie,developpe,Competence_Maitrise_de_l_accueil_de_l_hygiene_et_de_la_relation_client_de_luxe
Parcours_Informatique_Multimedia_Technologie_de_l_Information_et_de_la_Communication_et_I,enseigne,Matiere_Musique
Parcours_Genie_Civil_et_Architecture,enseigne,Matiere_Metre
Parcours_Pharmacologie_et_Industries_Pharmaceutiques,enseigne,Matiere_Industrie_pharmaceutique
Parcours_Informatique_Statistique_Appliquee_et_Intelligence_Artificielle,enseigne,Matiere_Systemes_Multi_Agents
Parcours_Informatique_de_Gestion_Genie_Logiciel_et_Intelligence_Artificielle,necessite,Prerequis_Baccalaureat_serie_Technique
Parcours_Electromecanique_et_Informatique_Industrielle,developpe,Competence_Conception_et_programmation_de_systemes_automatises_Grafcet_Automates
Parcours_Industries_Agroalimentaires,enseigne,Matiere_Biochimie_alimentaire
Etudiant_P01310,possede,Competence_perseverance
Etudiant_P00229,aCentreInteret,Interet_Actualite_et_politique
Etudiant_P00866,estOrienteVers,Parcours_Informatique_de_Gestion_Genie_Logiciel_et_Intelligence_Artificielle
Etudiant_P01207,prefere,Matiere_Arts
Competence_Procedure_penale_Contentieux,estRequisePour,Metier_Expert_en_contentieux
Etudiant_P00860,aSerieBac,Prerequis_Baccalaureat_serie_L
Parcours_Commerce_et_Administration_des_Affaires,enseigne,Matiere_Economie_internationale
Etudiant_P00502,prefere,Matiere_Informatique
Parcours_Tourisme_Environnement_et_Hotellerie,enseigne,Matiere_Ecotourisme
Parcours_Industries_Agroalimentaires,enseigne,Matiere_Chimie_analytique
Parcours_Industries_Agroalimentaires,necessite,Prerequis_Baccalaureat_serie_C
Parcours_Pharmacologie_et_Industries_Pharmaceutiques,enseigne,Matiere_Methodologie_des_recherches_experimentales
Etudiant_P00014,aSerieBac,Prerequis_Baccalaureat_serie_C
Competence_Amenagement_urbain_portuaire,estRequisePour,Metier_Urbaniste_Expert_amenagement
Parcours_Industries_Chimiques_Minieres_et_Petrolieres,enseigne,Matiere_Mines
Parcours_Tourisme_Environnement_et_Hotellerie,prepareA,Metier_Directeur_ou_gestionnaire_d_etablissement_hotelier_Restaurant
Parcours_Genie_Civil_et_Architecture,prepareA,Metier_Architecte_junior_Collaborateur_d_architecte
Parcours_Electromecanique_et_Informatique_Industrielle,necessite,Prerequis_Baccalaureat_serie_C
Parcours_Agriculture_et_Elevage,enseigne,Matiere_Biochimie
Parcours_Economie_et_Management_de_Projet,necessite,Prerequis_Baccalaureat_serie_D
Parcours_Agriculture_et_Elevage,developpe,Competence_Gestion_et_pilotage_de_projets_de_developpement_rural_et_agrobusiness
Parcours_Agriculture_et_Elevage,enseigne,Matiere_Hydrologie_appliquee
Etudiant_P01386,possede,Competence_aisance_relationnelle
Parcours_Informatique_de_Gestion_Genie_Logiciel_et_Intelligence_Artificielle,enseigne,Matiere_Pascal
Parcours_Industries_Chimiques_Minieres_et_Petrolieres,enseigne,Matiere_Chimie_Organique
Parcours_Pharmacologie_et_Industries_Pharmaceutiques,prepareA,Metier_Delegue_medical_Technico_commercial_en_pharmacie
Parcours_Droit_et_Techniques_Juridiques_des_Affaires,necessite,Prerequis_Baccalaureat_serie_OSE
Etudiant_P01035,prefere,Matiere_Malgache
Parcours_Agriculture_et_Elevage,enseigne,Matiere_Chimie_organique
Etudiant_P01210,possede,Competence_autonomie
Etudiant_P01117,possede,Competence_sens_de_l_organisation
Parcours_Informatique_Multimedia_Technologie_de_l_Information_et_de_la_Communication_et_I,enseigne,Matiere_Cybersecurite
Competence_Planification_strategique,estRequisePour,Metier_Consultant_en_strategie_economique
Parcours_Informatique_de_Gestion_Genie_Logiciel_et_Intelligence_Artificielle,enseigne,Matiere_Gestion_de_Projet
Parcours_Informatique_de_Gestion_Genie_Logiciel_et_Intelligence_Artificielle,enseigne,Matiere_SGBDR
Parcours_Genie_Civil_et_Architecture,enseigne,Matiere_Calcul_des_structures
Parcours_Finances_et_Comptabilite,prepareA,Metier_Auditeur_financier_interne_externe
Parcours_Electromecanique_et_Informatique_Industrielle,enseigne,Matiere_Electricite_Industrielle
Parcours_Agriculture_et_Elevage,enseigne,Matiere_Biologie_Cellulaire
Parcours_Pharmacologie_et_Industries_Pharmaceutiques,enseigne,Matiere_Microbiologie
Competence_Culture_industrielle_de_rente,estRequisePour,Metier_Manager_de_filiere_agricole
Competence_Ingenierie_logicielle_POO,estRequisePour,Metier_Ingenieur_Genie_Logiciel
Etudiant_P00860,prefere,Matiere_EPS
Parcours_Industries_Chimiques_Minieres_et_Petrolieres,enseigne,Matiere_Droit_minier
Competence_Econometrie_Analyse_economique,estRequisePour,Metier_Analyste_economique
Etudiant_P00408,possede,Competence_sens_de_l_observation
Etudiant_P00014,aCentreInteret,Interet_Bricolage
Parcours_Droit_et_Techniques_Juridiques_des_Affaires,prepareA,Metier_Responsable_des_ressources_humaines_Volet_juridique_Droit_du_travail
Competence_Agronomie_Zootechnie,estRequisePour,Metier_Ingenieur_Agronome
Etudiant_P00502,aCentreInteret,Interet_Robotique
Parcours_Informatique_de_Gestion_Genie_Logiciel_et_Intelligence_Artificielle,enseigne,Matiere_Deep_Learning
Parcours_Droit_et_Techniques_Juridiques_des_Affaires,enseigne,Matiere_Droit_social
Parcours_Informatique_de_Gestion_Genie_Logiciel_et_Intelligence_Artificielle,enseigne,Matiere_Programmation_Logique
Parcours_Genie_Civil_et_Architecture,prepareA,Metier_Entrepreneur_en_BTP_Maitre_d_uvre
Parcours_Genie_Civil_et_Architecture,enseigne,Matiere_Mecanique_des_fluides
Etudiant_P00014,prefere,Matiere_Malgache
Parcours_Informatique_Multimedia_Technologie_de_l_Information_et_de_la_Communication_et_I,enseigne,Matiere_Management
Etudiant_P00860,prefere,Matiere_Physique_Chimie
Etudiant_P01117,prefere,Matiere_Informatique
Etudiant_P01555,prefere,Matiere_Economie
Parcours_Economie_et_Management_de_Projet,enseigne,Matiere_Management
Competence_Management_strategique,estRequisePour,Metier_Consultant_en_management
Parcours_Finances_et_Comptabilite,enseigne,Matiere_Analyse_financiere
Parcours_Droit_et_Techniques_Juridiques_des_Affaires,prepareA,Metier_Juriste_specialise_Foncier_Minier_Douanes
Parcours_Informatique_Multimedia_Technologie_de_l_Information_et_de_la_Communication_et_I,enseigne,Matiere_Telecommunication
Parcours_Electromecanique_et_Informatique_Industrielle,enseigne,Matiere_Vibration
Competence_Communication_digitale,estRequisePour,Metier_Chef_de_projet_communication_digitale
Parcours_Informatique_Statistique_Appliquee_et_Intelligence_Artificielle,necessite,Prerequis_Baccalaureat_serie_D
Etudiant_P00865,possede,Competence_sens_de_l_organisation
Parcours_Electromecanique_et_Informatique_Industrielle,developpe,Competence_Gestion_de_la_production_et_supervision_de_processus_industriels
Etudiant_P01555,prefere,Matiere_EPS
Etudiant_P00192,estOrienteVers,Parcours_Tourisme_Environnement_et_Hotellerie
Parcours_Electronique_Systemes_Informatiques_et_Intelligence_Artificielle,enseigne,Matiere_Theorie_des_jeux
Parcours_Genie_Civil_et_Architecture,enseigne,Matiere_Architecture
Parcours_Agriculture_et_Elevage,prepareA,Metier_Expert_en_agri_business_Entrepreneur_agricole
Competence_Organisation_des_entreprises,estRequisePour,Metier_Manager_d_entreprise
Parcours_Commerce_et_Administration_des_Affaires,enseigne,Matiere_Organisation
Parcours_Informatique_de_Gestion_Genie_Logiciel_et_Intelligence_Artificielle,enseigne,Matiere_C
Parcours_Informatique_Statistique_Appliquee_et_Intelligence_Artificielle,enseigne,Matiere_Cybersecurite
Etudiant_P00860,possede,Competence_creativite
Parcours_Electromecanique_et_Informatique_Industrielle,enseigne,Matiere_Electronique
Etudiant_P00860,prefere,Matiere_Informatique
Parcours_Agriculture_et_Elevage,necessite,Prerequis_Baccalaureat_serie_S
Competence_Gestion_de_projet_informatique,estRequisePour,Metier_Chef_de_projet_informatique
Parcours_Pharmacologie_et_Industries_Pharmaceutiques,enseigne,Matiere_Virologie
Etudiant_P01519,possede,Competence_perseverance
Parcours_Informatique_Statistique_Appliquee_et_Intelligence_Artificielle,enseigne,Matiere_Machine_Learning
Parcours_Electronique_Systemes_Informatiques_et_Intelligence_Artificielle,enseigne,Matiere_Global_System_for_Mobile_Communication
Etudiant_P01519,aCentreInteret,Interet_Sport
Parcours_Commerce_et_Administration_des_Affaires,enseigne,Matiere_Economie
Parcours_Informatique_de_Gestion_Genie_Logiciel_et_Intelligence_Artificielle,enseigne,Matiere_Base_de_Donnees
Etudiant_P01210,aSerieBac,Prerequis_Baccalaureat_serie_C
Parcours_Electronique_Systemes_Informatiques_et_Intelligence_Artificielle,necessite,Prerequis_Baccalaureat_serie_S
Parcours_Industries_Agroalimentaires,developpe,Competence_Recherche_et_Developpement_R_D_de_nouveaux_produits_alimentaires
Etudiant_P00866,aSerieBac,Prerequis_Baccalaureat_serie_D
Etudiant_P01150,aCentreInteret,Interet_Agriculture
Parcours_Economie_et_Management_de_Projet,enseigne,Matiere_Politique_economique
Etudiant_P00865,possede,Competence_creativite
Etudiant_P00570,prefere,Matiere_Mathematiques
Parcours_Informatique_de_Gestion_Genie_Logiciel_et_Intelligence_Artificielle,enseigne,Matiere_Langage_C
Parcours_Informatique_de_Gestion_Genie_Logiciel_et_Intelligence_Artificielle,enseigne,Matiere_Java
Parcours_Finances_et_Comptabilite,developpe,Competence_Audit_financier_et_controle_de_gestion_approfondi
Parcours_Agriculture_et_Elevage,enseigne,Matiere_Agriculture_biologique
Etudiant_P00448,estOrienteVers,Parcours_Commerce_et_Administration_des_Affaires
Parcours_Genie_Civil_et_Architecture,necessite,Prerequis_Baccalaureat_serie_S
Parcours_Informatique_Multimedia_Technologie_de_l_Information_et_de_la_Communication_et_I,enseigne,Matiere_GPI
Etudiant_P00697,prefere,Matiere_Economie
Parcours_Informatique_Statistique_Appliquee_et_Intelligence_Artificielle,enseigne,Matiere_Management
Etudiant_P00327,possede,Competence_perseverance
Parcours_Industries_Agroalimentaires,enseigne,Matiere_Physiologie_Animale
Parcours_Tourisme_Environnement_et_Hotellerie,necessite,Prerequis_Baccalaureat_serie_C
Etudiant_P00920,possede,Competence_curiosite
Etudiant_P00408,possede,Competence_esprit_d_analyse
Etudiant_P00860,possede,Competence_autonomie
Parcours_Informatique_Multimedia_Technologie_de_l_Information_et_de_la_Communication_et_I,enseigne,Matiere_Reseaux_de_Neurones_Artificiels
Parcours_Droit_et_Techniques_Juridiques_des_Affaires,necessite,Prerequis_Baccalaureat_serie_S
Etudiant_P01210,possede,Competence_esprit_d_equipe
Etudiant_P00697,prefere,Matiere_EPS
Parcours_Electronique_Systemes_Informatiques_et_Intelligence_Artificielle,enseigne,Matiere_Recherche_Operationnelle
Parcours_Informatique_Multimedia_Technologie_de_l_Information_et_de_la_Communication_et_I,enseigne,Matiere_Son
Competence_Management_hotelier_Restauration,estRequisePour,Metier_Directeur_d_etablissement_hotelier
Etudiant_P01150,prefere,Matiere_Economie
Parcours_Industries_Chimiques_Minieres_et_Petrolieres,enseigne,Matiere_Chimie_Minerale
Parcours_Electronique_Systemes_Informatiques_et_Intelligence_Artificielle,enseigne,Matiere_Reseaux_informatiques
Parcours_Electromecanique_et_Informatique_Industrielle,enseigne,Matiere_Dessin
Etudiant_P00179,possede,Competence_autonomie
Etudiant_P00865,possede,Competence_autonomie
Etudiant_P00860,aCentreInteret,Interet_Cultures_du_monde
Competence_Machine_Learning_Data_Science,estRequisePour,Metier_Data_Scientist
Etudiant_P01210,prefere,Matiere_Malgache
Parcours_Informatique_Statistique_Appliquee_et_Intelligence_Artificielle,developpe,Competence_Modelisation_predictive_Machine_Learning_Deep_Learning
Parcours_Agriculture_et_Elevage,appartientAMention,Mention_Biotechnologie_et_Agronomie
Parcours_Industries_Agroalimentaires,enseigne,Matiere_Nutrition_humaine
Parcours_Electronique_Systemes_Informatiques_et_Intelligence_Artificielle,enseigne,Matiere_Algorithme_Avance
Parcours_Industries_Agroalimentaires,enseigne,Matiere_Genetique
Competence_Ecotourisme_Environnement,estRequisePour,Metier_Responsable_de_site_protege
Etudiant_P01467,estOrienteVers,Parcours_Tourisme_Environnement_et_Hotellerie
Etudiant_P00458,estOrienteVers,Parcours_Finances_et_Comptabilite
Parcours_Economie_et_Management_de_Projet,enseigne,Matiere_Finance_publique
Parcours_Pharmacologie_et_Industries_Pharmaceutiques,enseigne,Matiere_Enzymologie
Parcours_Informatique_de_Gestion_Genie_Logiciel_et_Intelligence_Artificielle,enseigne,Matiere_Intelligence_Artificielle
Parcours_Commerce_et_Administration_des_Affaires,enseigne,Matiere_Informatique
Parcours_Droit_et_Techniques_Juridiques_des_Affaires,enseigne,Matiere_Droit_civil
Parcours_Economie_et_Management_de_Projet,enseigne,Matiere_Gestion_financiere
Etudiant_P00452,possede,Competence_autonomie
Etudiant_P01233,aCentreInteret,Interet_Animaux
Parcours_Electromecanique_et_Informatique_Industrielle,developpe,Competence_Maintenance_industrielle_pluridisciplinaire_mecanique_electrique_froid
Etudiant_P00458,prefere,Matiere_Mathematiques
Etudiant_P00210,possede,Competence_perseverance
Etudiant_P00066,possede,Competence_curiosite
Parcours_Tourisme_Environnement_et_Hotellerie,enseigne,Matiere_Geographie_Rurale
Parcours_Informatique_Statistique_Appliquee_et_Intelligence_Artificielle,enseigne,Matiere_Pascal
Etudiant_P01233,prefere,Matiere_SVT
Etudiant_P01150,prefere,Matiere_Physique_Chimie
Etudiant_P01117,aSerieBac,Prerequis_Baccalaureat_serie_C
Etudiant_P01150,prefere,Matiere_Francais
Etudiant_P01509,prefere,Matiere_SVT
Etudiant_P00570,estOrienteVers,Parcours_Genie_Civil_et_Architecture
Parcours_Commerce_et_Administration_des_Affaires,enseigne,Matiere_Gestion_budgetaire
Parcours_Finances_et_Comptabilite,necessite,Prerequis_Baccalaureat_serie_D
Parcours_Electronique_Systemes_Informatiques_et_Intelligence_Artificielle,enseigne,Matiere_HTML_CSS
Parcours_Commerce_et_Administration_des_Affaires,enseigne,Matiere_Gestion_d_entreprise
Parcours_Genie_Civil_et_Architecture,enseigne,Matiere_Geotechnie
Parcours_Agriculture_et_Elevage,enseigne,Matiere_Protection_integree_des_cultures_et_denrees
Parcours_Informatique_de_Gestion_Genie_Logiciel_et_Intelligence_Artificielle,enseigne,Matiere_JavaScript
Parcours_Agriculture_et_Elevage,enseigne,Matiere_Culture_de_rentes
Parcours_Informatique_Statistique_Appliquee_et_Intelligence_Artificielle,appartientAMention,Mention_Informatique_et_Telecommunications
Parcours_Economie_et_Management_de_Projet,enseigne,Matiere_Marketing_International
Competence_Developpement_web_multimedia,estRequisePour,Metier_Webmaster_Developpeur_Front_end
Etudiant_P00570,prefere,Matiere_Physique_Chimie
Parcours_Informatique_de_Gestion_Genie_Logiciel_et_Intelligence_Artificielle,enseigne,Matiere_Merise
Etudiant_P00055,prefere,Matiere_Mathematiques
Parcours_Electronique_Systemes_Informatiques_et_Intelligence_Artificielle,appartientAMention,Mention_Informatique_et_Telecommunications
Parcours_Finances_et_Comptabilite,developpe,Competence_Expertise_en_comptabilite_generale_analytique_et_financiere
Etudiant_P00052,possede,Competence_esprit_d_equipe
Parcours_Agriculture_et_Elevage,enseigne,Matiere_Culture_vivriere
Parcours_Commerce_et_Administration_des_Affaires,enseigne,Matiere_Mathematique_financiere
Parcours_Economie_et_Management_de_Projet,enseigne,Matiere_Economie_mathematique
Parcours_Commerce_et_Administration_des_Affaires,enseigne,Matiere_Economie_de_l_environnement
Etudiant_P00192,possede,Competence_curiosite
Etudiant_P00564,possede,Competence_esprit_d_analyse
Etudiant_P00570,aCentreInteret,Interet_Architecture
Parcours_Industries_Chimiques_Minieres_et_Petrolieres,enseigne,Matiere_Thermophysique
Etudiant_P01467,possede,Competence_rigueur
Etudiant_P00564,prefere,Matiere_Anglais
Parcours_Informatique_de_Gestion_Genie_Logiciel_et_Intelligence_Artificielle,enseigne,Matiere_Informatique_Scientifique
Parcours_Agriculture_et_Elevage,enseigne,Matiere_Traitement_des_eaux
Parcours_Agriculture_et_Elevage,necessite,Prerequis_Baccalaureat_serie_D
Parcours_Commerce_et_Administration_des_Affaires,necessite,Prerequis_Baccalaureat_serie_C
Etudiant_P00865,aCentreInteret,Interet_Sport
Parcours_Informatique_Multimedia_Technologie_de_l_Information_et_de_la_Communication_et_I,prepareA,Metier_Specialiste_en_communication_digitale_Community_Manager
Etudiant_P00920,possede,Competence_sens_de_l_organisation
Competence_CAO_AutoCAD,estRequisePour,Metier_Ingenieur_en_bureau_d_etudes
Etudiant_P00860,prefere,Matiere_Histoire_Geo
Parcours_Electromecanique_et_Informatique_Industrielle,enseigne,Matiere_Capteurs
Parcours_Agriculture_et_Elevage,enseigne,Matiere_Securite_alimentaire
Parcours_Droit_et_Techniques_Juridiques_des_Affaires,enseigne,Matiere_Droit_de_la_procedure_collective
Parcours_Informatique_de_Gestion_Genie_Logiciel_et_Intelligence_Artificielle,prepareA,Metier_Developpeur_Full_Stack_Web_Mobile
Etudiant_P01430,aCentreInteret,Interet_Musique
Parcours_Electromecanique_et_Informatique_Industrielle,prepareA,Metier_Ingenieur_en_automatisation_et_robotique_industrielle
Parcours_Informatique_Multimedia_Technologie_de_l_Information_et_de_la_Communication_et_I,developpe,Competence_Utilisation_de_l_IA_appliquee_aux_contenus_multimedias
Etudiant_P00192,possede,Competence_sens_de_l_observation
Parcours_Genie_Civil_et_Architecture,enseigne,Matiere_Topographie
Etudiant_P00179,prefere,Matiere_Francais
Parcours_Informatique_Multimedia_Technologie_de_l_Information_et_de_la_Communication_et_I,prepareA,Metier_Directeur_artistique_numerique_Motion_Designer
Etudiant_P01117,prefere,Matiere_Malgache
Parcours_Electronique_Systemes_Informatiques_et_Intelligence_Artificielle,enseigne,Matiere_Linux
Parcours_Economie_et_Management_de_Projet,enseigne,Matiere_Economie_industrielle
Parcours_Finances_et_Comptabilite,enseigne,Matiere_Management
Parcours_Informatique_Multimedia_Technologie_de_l_Information_et_de_la_Communication_et_I,necessite,Prerequis_Baccalaureat_serie_S
Etudiant_P00179,prefere,Matiere_Anglais
Parcours_Industries_Agroalimentaires,enseigne,Matiere_Etude_d_impact_environnemental
Parcours_Droit_et_Techniques_Juridiques_des_Affaires,prepareA,Metier_Conseiller_juridique_en_entreprise_Juriste_d_affaires
Etudiant_P00327,prefere,Matiere_Philosophie
Parcours_Economie_et_Management_de_Projet,developpe,Competence_Management_d_equipe_et_planification_strategique
Parcours_Pharmacologie_et_Industries_Pharmaceutiques,enseigne,Matiere_Biochimie
Parcours_Agriculture_et_Elevage,enseigne,Matiere_Atomistique
Etudiant_P00458,possede,Competence_sens_de_l_organisation
Etudiant_P01331,aCentreInteret,Interet_Agriculture
Parcours_Informatique_Multimedia_Technologie_de_l_Information_et_de_la_Communication_et_I,enseigne,Matiere_Cryptographie
Etudiant_P01437,aCentreInteret,Interet_Technologie
Parcours_Droit_et_Techniques_Juridiques_des_Affaires,enseigne,Matiere_Droit_commercial
Parcours_Agriculture_et_Elevage,enseigne,Matiere_Biologie_Vegetale
Etudiant_P00327,aCentreInteret,Interet_Debat_et_droit
Parcours_Agriculture_et_Elevage,prepareA,Metier_Responsable_de_production_animale_Elevage_Aviculture_Apiculture
Parcours_Agriculture_et_Elevage,enseigne,Matiere_Management
Etudiant_P01519,aSerieBac,Prerequis_Baccalaureat_serie_C
Parcours_Genie_Civil_et_Architecture,enseigne,Matiere_Elements_finis
Parcours_Informatique_de_Gestion_Genie_Logiciel_et_Intelligence_Artificielle,prepareA,Metier_Ingenieur_en_genie_logiciel_Architecte_logiciel
Etudiant_P01437,aSerieBac,Prerequis_Baccalaureat_serie_A2
Parcours_Informatique_Statistique_Appliquee_et_Intelligence_Artificielle,prepareA,Metier_Statisticien_financier_Actuaire
Etudiant_P00286,prefere,Matiere_Philosophie
Parcours_Informatique_Statistique_Appliquee_et_Intelligence_Artificielle,enseigne,Matiere_Langage_C
Etudiant_P00697,aCentreInteret,Interet_Sante
Etudiant_P01210,possede,Competence_rigueur
Parcours_Economie_et_Management_de_Projet,necessite,Prerequis_Baccalaureat_serie_OSE
Competence_Art_culinaire_Hygiene,estRequisePour,Metier_Responsable_restauration
Etudiant_P00458,prefere,Matiere_Anglais
Parcours_Industries_Chimiques_Minieres_et_Petrolieres,enseigne,Matiere_Thermochimie
Parcours_Industries_Agroalimentaires,enseigne,Matiere_Elevage
Parcours_Tourisme_Environnement_et_Hotellerie,enseigne,Matiere_Nutrition_humaine
Etudiant_P00229,possede,Competence_autonomie
Parcours_Agriculture_et_Elevage,enseigne,Matiere_Zootechnie
Etudiant_P00066,possede,Competence_esprit_d_analyse
Etudiant_P00066,prefere,Matiere_Anglais
Etudiant_P00192,aCentreInteret,Interet_Sport
Parcours_Tourisme_Environnement_et_Hotellerie,necessite,Prerequis_Baccalaureat_serie_A2
Parcours_Electronique_Systemes_Informatiques_et_Intelligence_Artificielle,enseigne,Matiere_Algorithme
Etudiant_P00286,prefere,Matiere_SVT
Parcours_Electronique_Systemes_Informatiques_et_Intelligence_Artificielle,developpe,Competence_Integration_de_solutions_IoT_et_objets_connectes
Etudiant_P00920,aSerieBac,Prerequis_Baccalaureat_serie_A2
Etudiant_P00458,aCentreInteret,Interet_Economie
Parcours_Genie_Civil_et_Architecture,enseigne,Matiere_Hydraulique_routiere
Etudiant_P01517,prefere,Matiere_Mathematiques
Competence_Fabrication_pharmaceutique,estRequisePour,Metier_Responsable_de_production
Etudiant_P00697,aCentreInteret,Interet_Lecture
Etudiant_P01437,prefere,Matiere_Economie
Parcours_Electromecanique_et_Informatique_Industrielle,developpe,Competence_Conception_assistee_par_ordinateur_AutoCAD_et_dimensionnement_mecanique
Parcours_Genie_Civil_et_Architecture,enseigne,Matiere_Fondation
Etudiant_P00286,aCentreInteret,Interet_Economie
Parcours_Commerce_et_Administration_des_Affaires,enseigne,Matiere_Neuro_marketing
Etudiant_P00192,possede,Competence_esprit_d_analyse
Etudiant_P01555,aCentreInteret,Interet_Entrepreneuriat
Etudiant_P00192,prefere,Matiere_Anglais
Etudiant_P01517,aCentreInteret,Interet_Agriculture
Parcours_Electronique_Systemes_Informatiques_et_Intelligence_Artificielle,enseigne,Matiere_UI_UX
Etudiant_P00327,estOrienteVers,Parcours_Economie_et_Management_de_Projet
Parcours_Droit_et_Techniques_Juridiques_des_Affaires,enseigne,Matiere_Droit_des_suretes
Parcours_Electromecanique_et_Informatique_Industrielle,necessite,Prerequis_Baccalaureat_serie_Technique
Etudiant_P00477,possede,Competence_rigueur
Parcours_Informatique_Statistique_Appliquee_et_Intelligence_Artificielle,enseigne,Matiere_Cryptographie
Parcours_Informatique_de_Gestion_Genie_Logiciel_et_Intelligence_Artificielle,enseigne,Matiere_Systemes_Multi_Agents
Etudiant_P01509,aCentreInteret,Interet_Sante
Competence_Developpement_IA_Deep_Learning,estRequisePour,Metier_Ingenieur_IA_Consultant_IA
Parcours_Pharmacologie_et_Industries_Pharmaceutiques,enseigne,Matiere_Immunopathologie
Parcours_Industries_Agroalimentaires,enseigne,Matiere_Microbiologie
Parcours_Droit_et_Techniques_Juridiques_des_Affaires,enseigne,Matiere_Droit_de_la_concurrence
Parcours_Tourisme_Environnement_et_Hotellerie,enseigne,Matiere_Allemand
Parcours_Genie_Civil_et_Architecture,prepareA,Metier_Ingenieur_en_Bureau_d_Etudes_Structure_Dimensionnement
Parcours_Genie_Civil_et_Architecture,enseigne,Matiere_Mecanique_analytique
Parcours_Finances_et_Comptabilite,enseigne,Matiere_Economie_monetaire
Etudiant_P00062,aCentreInteret,Interet_Sante
Parcours_Genie_Civil_et_Architecture,enseigne,Matiere_Mecanique_des_sols
Parcours_Genie_Civil_et_Architecture,prepareA,Metier_Urbaniste_Expert_en_amenagement_du_territoire
Etudiant_P00458,possede,Competence_autonomie
Parcours_Electromecanique_et_Informatique_Industrielle,enseigne,Matiere_Mecanique_Generale
Parcours_Finances_et_Comptabilite,enseigne,Matiere_Comptabilite_financiere
Parcours_Pharmacologie_et_Industries_Pharmaceutiques,enseigne,Matiere_Immunologie
Parcours_Finances_et_Comptabilite,enseigne,Matiere_Finance_publique
Parcours_Electronique_Systemes_Informatiques_et_Intelligence_Artificielle,enseigne,Matiere_GPI
Parcours_Informatique_de_Gestion_Genie_Logiciel_et_Intelligence_Artificielle,developpe,Competence_Conception_et_modelisation_logicielle_avancee_UML_Merise
Parcours_Industries_Chimiques_Minieres_et_Petrolieres,enseigne,Matiere_Ressources_minieres
Parcours_Finances_et_Comptabilite,enseigne,Matiere_Gestion_financiere
Parcours_Commerce_et_Administration_des_Affaires,enseigne,Matiere_Macroeconomie
Etudiant_P01430,prefere,Matiere_Anglais
Etudiant_P01210,aCentreInteret,Interet_Musique
Etudiant_P01331,aCentreInteret,Interet_Animaux
Parcours_Industries_Chimiques_Minieres_et_Petrolieres,enseigne,Matiere_Resistance_des_materiaux
Etudiant_P01437,prefere,Matiere_Francais
Parcours_Economie_et_Management_de_Projet,appartientAMention,Mention_Droit_et_Techniques_des_Affaires
Etudiant_P01386,possede,Competence_esprit_d_analyse
Etudiant_P01331,prefere,Matiere_SVT
Parcours_Tourisme_Environnement_et_Hotellerie,enseigne,Matiere_Hygiene
Parcours_Genie_Civil_et_Architecture,enseigne,Matiere_Thermodynamique
Parcours_Informatique_Statistique_Appliquee_et_Intelligence_Artificielle,developpe,Competence_Gestion_stockage_et_traitement_de_donnees_massives_Big_Data
Etudiant_P00055,possede,Competence_autonomie
Etudiant_P01430,possede,Competence_creativite
Parcours_Agriculture_et_Elevage,developpe,Competence_Optimisation_des_rendements_agricoles_et_gestion_durable_des_sols
Parcours_Informatique_Multimedia_Technologie_de_l_Information_et_de_la_Communication_et_I,necessite,Prerequis_Baccalaureat_serie_D
Etudiant_P00062,aSerieBac,Prerequis_Baccalaureat_serie_C
Etudiant_P01207,prefere,Matiere_Philosophie
Parcours_Commerce_et_Administration_des_Affaires,prepareA,Metier_Analyste_de_marche_Consultant_en_strategie_commerciale
Parcours_Pharmacologie_et_Industries_Pharmaceutiques,enseigne,Matiere_Pharmacotechnie
Competence_Comptabilite_financiere,estRequisePour,Metier_Chef_Comptable
Etudiant_P00564,possede,Competence_aisance_relationnelle
Etudiant_P00210,estOrienteVers,Parcours_Economie_et_Management_de_Projet
Parcours_Electromecanique_et_Informatique_Industrielle,enseigne,Matiere_Fabrication_mecanique
Etudiant_P01437,prefere,Matiere_Informatique
Parcours_Droit_et_Techniques_Juridiques_des_Affaires,prepareA,Metier_Assistant_juridique_en_cabinet_d_avocats_ou_d_huissiers
Etudiant_P01467,possede,Competence_sens_de_l_organisation
Etudiant_P01555,possede,Competence_sens_de_l_observation
Etudiant_P01210,possede,Competence_sens_de_l_observation
Competence_Automatisme_Electrotechnique,estRequisePour,Metier_Ingenieur_en_Automatismes
Parcours_Genie_Civil_et_Architecture,enseigne,Matiere_Route
Etudiant_P01517,possede,Competence_sens_de_l_organisation
Etudiant_P01150,prefere,Matiere_Malgache
Competence_Strategie_commerciale,estRequisePour,Metier_Responsable_commercial
Etudiant_P00502,aCentreInteret,Interet_Reseaux_sociaux
Etudiant_P01517,prefere,Matiere_Physique_Chimie
Parcours_Industries_Agroalimentaires,enseigne,Matiere_Virologie
Parcours_Informatique_de_Gestion_Genie_Logiciel_et_Intelligence_Artificielle,enseigne,Matiere_Unified_Modeling_Language
Parcours_Economie_et_Management_de_Projet,enseigne,Matiere_Analyse_financiere
Competence_Developpement_rural_Vulgarisation,estRequisePour,Metier_Responsable_de_projet_rural
Parcours_Economie_et_Management_de_Projet,prepareA,Metier_Responsable_suivi_evaluation_de_projets
Parcours_Informatique_de_Gestion_Genie_Logiciel_et_Intelligence_Artificielle,prepareA,Metier_Consultant_en_systemes_d_information_et_IA
Competence_Toxicologie_Securite_alimentaire,estRequisePour,Metier_Auditeur_sanitaire
Etudiant_P01467,prefere,Matiere_Anglais
Etudiant_P00570,prefere,Matiere_Malgache
Etudiant_P00448,aSerieBac,Prerequis_Baccalaureat_serie_A1
Parcours_Commerce_et_Administration_des_Affaires,enseigne,Matiere_Economie_bleu
Parcours_Agriculture_et_Elevage,enseigne,Matiere_Physiologie_Vegetale
Parcours_Agriculture_et_Elevage,enseigne,Matiere_Experimentation_biometrique
Parcours_Tourisme_Environnement_et_Hotellerie,enseigne,Matiere_Francais
Parcours_Electromecanique_et_Informatique_Industrielle,enseigne,Matiere_Ouvrage_metallique
Parcours_Informatique_Multimedia_Technologie_de_l_Information_et_de_la_Communication_et_I,enseigne,Matiere_Informatique_Decisionnelle
Parcours_Economie_et_Management_de_Projet,enseigne,Matiere_Gestion_de_projet_de_developpement
Parcours_Informatique_de_Gestion_Genie_Logiciel_et_Intelligence_Artificielle,necessite,Prerequis_Baccalaureat_serie_D
Parcours_Finances_et_Comptabilite,enseigne,Matiere_Gestion_previsionnelle
Etudiant_P00458,aSerieBac,Prerequis_Baccalaureat_serie_D
Parcours_Informatique_Multimedia_Technologie_de_l_Information_et_de_la_Communication_et_I,enseigne,Matiere_Recherche_Operationnelle
Etudiant_P01517,aSerieBac,Prerequis_Baccalaureat_serie_S
Etudiant_P01437,aCentreInteret,Interet_Benevolat_associatif
Parcours_Electronique_Systemes_Informatiques_et_Intelligence_Artificielle,prepareA,Metier_Specialiste_en_robotique_et_domotique
Etudiant_P00408,aCentreInteret,Interet_Technologie
Parcours_Tourisme_Environnement_et_Hotellerie,enseigne,Matiere_Anglais
Parcours_Informatique_Statistique_Appliquee_et_Intelligence_Artificielle,enseigne,Matiere_Theorie_des_jeux
Etudiant_P00052,estOrienteVers,Parcours_Finances_et_Comptabilite
Etudiant_P00477,possede,Competence_sens_de_l_observation
Competence_Administration_reseaux_GSM_etc,estRequisePour,Metier_Architecte_Reseaux
Parcours_Industries_Chimiques_Minieres_et_Petrolieres,enseigne,Matiere_Petrochimie
Parcours_Pharmacologie_et_Industries_Pharmaceutiques,enseigne,Matiere_Biotechnologie
Etudiant_P01207,aCentreInteret,Interet_Actualite_et_politique
Parcours_Informatique_de_Gestion_Genie_Logiciel_et_Intelligence_Artificielle,enseigne,Matiere_Cybersecurite
Parcours_Industries_Chimiques_Minieres_et_Petrolieres,enseigne,Matiere_Mine_avancee
Parcours_Finances_et_Comptabilite,enseigne,Matiere_Institutions_financieres
Etudiant_P01210,aCentreInteret,Interet_Debat_et_droit
Etudiant_P00179,prefere,Matiere_Malgache
Etudiant_P00052,prefere,Matiere_Mathematiques
Etudiant_P00865,aCentreInteret,Interet_Gestion
Competence_Gestion_de_chantier_Metre,estRequisePour,Metier_Conducteur_de_travaux
Parcours_Commerce_et_Administration_des_Affaires,enseigne,Matiere_Marketing
Parcours_Commerce_et_Administration_des_Affaires,prepareA,Metier_Gestionnaire_administratif_et_financier
Parcours_Informatique_Multimedia_Technologie_de_l_Information_et_de_la_Communication_et_I,enseigne,Matiere_Algorithme_Avance
Parcours_Informatique_Statistique_Appliquee_et_Intelligence_Artificielle,prepareA,Metier_Data_Scientist_Data_Analyst
Parcours_Electromecanique_et_Informatique_Industrielle,enseigne,Matiere_Automatique
Etudiant_P01555,possede,Competence_sens_de_l_organisation
Competence_Systemes_embarques_IoT,estRequisePour,Metier_Ingenieur_IoT_Embarque
Parcours_Industries_Chimiques_Minieres_et_Petrolieres,prepareA,Metier_Ingenieur_petrolier_prospection_forage_raffinage
Parcours_Industries_Chimiques_Minieres_et_Petrolieres,enseigne,Matiere_Mecanique_des_fluides
Parcours_Industries_Chimiques_Minieres_et_Petrolieres,developpe,Competence_Maitrise_des_procedes_de_genie_chimique_et_industriel
Parcours_Pharmacologie_et_Industries_Pharmaceutiques,enseigne,Matiere_Traitement_des_eaux
Parcours_Pharmacologie_et_Industries_Pharmaceutiques,necessite,Prerequis_Baccalaureat_serie_D
Etudiant_P00066,possede,Competence_aisance_relationnelle
Parcours_Informatique_Statistique_Appliquee_et_Intelligence_Artificielle,necessite,Prerequis_Baccalaureat_serie_S
Parcours_Economie_et_Management_de_Projet,prepareA,Metier_Chef_de_projet_BTP_services_industrie_public_prive
Etudiant_P00179,estOrienteVers,Parcours_Informatique_Multimedia_Technologie_de_l_Information_et_de_la_Communication_et_I
Etudiant_P00286,estOrienteVers,Parcours_Finances_et_Comptabilite
Parcours_Finances_et_Comptabilite,necessite,Prerequis_Baccalaureat_serie_OSE
Etudiant_P01210,prefere,Matiere_Francais
Parcours_Agriculture_et_Elevage,prepareA,Metier_Conseiller_agricole_Technicien_de_vulgarisation
Parcours_Pharmacologie_et_Industries_Pharmaceutiques,enseigne,Matiere_Pharmacologie
Etudiant_P00570,possede,Competence_curiosite
Parcours_Industries_Agroalimentaires,enseigne,Matiere_Enzymologie
Competence_Genie_fermentaire_Pectines,estRequisePour,Metier_Specialiste_en_procedes_industriels
Etudiant_P00477,prefere,Matiere_Economie
Etudiant_P00408,estOrienteVers,Parcours_Informatique_Statistique_Appliquee_et_Intelligence_Artificielle
Parcours_Informatique_de_Gestion_Genie_Logiciel_et_Intelligence_Artificielle,enseigne,Matiere_Management
Parcours_Electronique_Systemes_Informatiques_et_Intelligence_Artificielle,prepareA,Metier_Architecte_Hardware_Responsable_maintenance
Parcours_Finances_et_Comptabilite,enseigne,Matiere_Fiscalite
Etudiant_P01555,possede,Competence_esprit_d_analyse
Etudiant_P01210,prefere,Matiere_Anglais
Parcours_Electromecanique_et_Informatique_Industrielle,prepareA,Metier_Ingenieur_en_electrotechnique_Electromecanicien
Parcours_Informatique_Multimedia_Technologie_de_l_Information_et_de_la_Communication_et_I,enseigne,Matiere_HTML_CSS
Parcours_Electromecanique_et_Informatique_Industrielle,developpe,Competence_Expertise_en_electronique_de_puissance_et_microcontroleurs
Etudiant_P00066,prefere,Matiere_Malgache
Etudiant_P00860,aCentreInteret,Interet_Reseaux_sociaux
Parcours_Industries_Agroalimentaires,enseigne,Matiere_Science_des_aliments
Etudiant_P01555,possede,Competence_creativite
Parcours_Pharmacologie_et_Industries_Pharmaceutiques,enseigne,Matiere_Virologie_medicale
Parcours_Pharmacologie_et_Industries_Pharmaceutiques,enseigne,Matiere_Bacteriologie_medicale
Parcours_Industries_Agroalimentaires,enseigne,Matiere_Emballage_alimentaire
Etudiant_P00502,possede,Competence_esprit_d_analyse
Parcours_Industries_Agroalimentaires,prepareA,Metier_Responsable_Qualite_et_Hygiene_HACCP
Etudiant_P00052,prefere,Matiere_Economie
Etudiant_P00286,aCentreInteret,Interet_Entrepreneuriat
Etudiant_P00327,prefere,Matiere_Economie
Parcours_Informatique_Statistique_Appliquee_et_Intelligence_Artificielle,enseigne,Matiere_Reseaux_informatiques
Parcours_Pharmacologie_et_Industries_Pharmaceutiques,enseigne,Matiere_Biologie_Vegetale
Parcours_Pharmacologie_et_Industries_Pharmaceutiques,enseigne,Matiere_Physiologie_nutritionnelle
Etudiant_P01310,estOrienteVers,Parcours_Informatique_de_Gestion_Genie_Logiciel_et_Intelligence_Artificielle
Etudiant_P00066,estOrienteVers,Parcours_Informatique_Multimedia_Technologie_de_l_Information_et_de_la_Communication_et_I
Parcours_Electronique_Systemes_Informatiques_et_Intelligence_Artificielle,enseigne,Matiere_Informatique_Quantique
Etudiant_P00477,prefere,Matiere_Francais
Parcours_Pharmacologie_et_Industries_Pharmaceutiques,enseigne,Matiere_Management
Etudiant_P00564,estOrienteVers,Parcours_Agriculture_et_Elevage
Etudiant_P00502,aSerieBac,Prerequis_Baccalaureat_serie_S
Etudiant_P01509,estOrienteVers,Parcours_Industries_Agroalimentaires
Parcours_Informatique_Multimedia_Technologie_de_l_Information_et_de_la_Communication_et_I,enseigne,Matiere_Photo
Competence_Statistiques_appliquees_Analyse,estRequisePour,Metier_Analyste_de_donnees_Statisticien
Competence_Ethnopharmacologie_Phytochimie,estRequisePour,Metier_Chercheur_en_phyto_medicaments
Parcours_Industries_Chimiques_Minieres_et_Petrolieres,necessite,Prerequis_Baccalaureat_serie_S
Parcours_Informatique_Statistique_Appliquee_et_Intelligence_Artificielle,enseigne,Matiere_Algorithme_Avance
Etudiant_P00452,possede,Competence_curiosite
Etudiant_P01430,possede,Competence_aisance_relationnelle
Competence_Thermodynamique_Froid,estRequisePour,Metier_Expert_en_genie_climatique_industriel
Parcours_Droit_et_Techniques_Juridiques_des_Affaires,enseigne,Matiere_Droit_des_douanes
Parcours_Electronique_Systemes_Informatiques_et_Intelligence_Artificielle,necessite,Prerequis_Baccalaureat_serie_C
Parcours_Finances_et_Comptabilite,enseigne,Matiere_Technique_bancaire
Etudiant_P01509,possede,Competence_autonomie
Etudiant_P00192,aCentreInteret,Interet_Gastronomie
Etudiant_P00210,aCentreInteret,Interet_Entrepreneuriat
Parcours_Pharmacologie_et_Industries_Pharmaceutiques,enseigne,Matiere_Physiopathologie
Parcours_Informatique_Multimedia_Technologie_de_l_Information_et_de_la_Communication_et_I,enseigne,Matiere_Linux
Etudiant_P00286,prefere,Matiere_Economie
Parcours_Genie_Civil_et_Architecture,enseigne,Matiere_Maintenance_des_batiments
Parcours_Genie_Civil_et_Architecture,necessite,Prerequis_Baccalaureat_serie_C
Etudiant_P00052,prefere,Matiere_Physique_Chimie
Parcours_Electronique_Systemes_Informatiques_et_Intelligence_Artificielle,enseigne,Matiere_PHP
Etudiant_P00697,possede,Competence_esprit_d_analyse
Parcours_Electromecanique_et_Informatique_Industrielle,enseigne,Matiere_Metallurgie
Etudiant_P00062,possede,Competence_autonomie
Etudiant_P00477,prefere,Matiere_Informatique
Parcours_Electronique_Systemes_Informatiques_et_Intelligence_Artificielle,developpe,Competence_Maintenance_avancee_de_systemes_electroniques_et_hardware
Parcours_Finances_et_Comptabilite,developpe,Competence_Gestion_de_tresorerie_ingenierie_financiere_et_technique_bancaire
Etudiant_P00452,possede,Competence_sens_de_l_observation
Parcours_Industries_Chimiques_Minieres_et_Petrolieres,prepareA,Metier_Technicien_superieur_Ingenieur_de_laboratoire_d_analyses
Parcours_Informatique_de_Gestion_Genie_Logiciel_et_Intelligence_Artificielle,appartientAMention,Mention_Informatique_et_Telecommunications
Etudiant_P00014,possede,Competence_aisance_relationnelle
Parcours_Commerce_et_Administration_des_Affaires,enseigne,Matiere_Economie_rurale
Parcours_Informatique_de_Gestion_Genie_Logiciel_et_Intelligence_Artificielle,enseigne,Matiere_Reseaux_de_Neurones_Artificiels
Parcours_Informatique_Statistique_Appliquee_et_Intelligence_Artificielle,enseigne,Matiere_HTML_CSS
Etudiant_P00229,possede,Competence_rigueur
Parcours_Agriculture_et_Elevage,prepareA,Metier_Responsable_de_projet_developpement_rural_ONG_FAO_FIDA
Parcours_Droit_et_Techniques_Juridiques_des_Affaires,necessite,Prerequis_Baccalaureat_serie_C
Parcours_Finances_et_Comptabilite,enseigne,Matiere_Gestion_de_projet
Etudiant_P00448,prefere,Matiere_Mathematiques
Parcours_Informatique_Multimedia_Technologie_de_l_Information_et_de_la_Communication_et_I,enseigne,Matiere_Travail_Audiovisuel
Parcours_Industries_Agroalimentaires,enseigne,Matiere_Biochimie
Parcours_Informatique_de_Gestion_Genie_Logiciel_et_Intelligence_Artificielle,developpe,Competence_Developpement_d_architectures_logicielles_et_integration_d_IA
Parcours_Industries_Chimiques_Minieres_et_Petrolieres,enseigne,Matiere_AUTOCAD
Competence_Technique_bancaire_Tresorerie,estRequisePour,Metier_Tresorier_d_entreprise
Competence_Droit_administratif_Constitutionnel,estRequisePour,Metier_Juriste_en_administration_publique
Etudiant_P01117,possede,Competence_esprit_d_analyse
Parcours_Industries_Agroalimentaires,enseigne,Matiere_Chimie_organique
Parcours_Agriculture_et_Elevage,enseigne,Matiere_Biologie_Animale
Parcours_Commerce_et_Administration_des_Affaires,developpe,Competence_Analyse_financiere_gestion_budgetaire_et_comptabilite_financiere
Etudiant_P01430,estOrienteVers,Parcours_Informatique_Multimedia_Technologie_de_l_Information_et_de_la_Communication_et_I
Parcours_Finances_et_Comptabilite,prepareA,Metier_Comptable_Chef_Comptable_Expert_comptable_apres_stage
Etudiant_P00564,prefere,Matiere_Arts
Parcours_Industries_Chimiques_Minieres_et_Petrolieres,enseigne,Matiere_Geometrie_analytique
Parcours_Pharmacologie_et_Industries_Pharmaceutiques,prepareA,Metier_Chercheur_en_biotechnologie_vegetale_et_sante
Etudiant_P01207,prefere,Matiere_Mathematiques
Parcours_Tourisme_Environnement_et_Hotellerie,prepareA,Metier_Gestionnaire_de_sites_proteges_ou_de_parcs_naturels
Parcours_Pharmacologie_et_Industries_Pharmaceutiques,prepareA,Metier_Responsable_controle_qualite_et_affaires_reglementaires
Etudiant_P01467,possede,Competence_aisance_relationnelle
Etudiant_P00866,possede,Competence_rigueur
Parcours_Commerce_et_Administration_des_Affaires,prepareA,Metier_Responsable_commercial_Business_Developer
Parcours_Tourisme_Environnement_et_Hotellerie,enseigne,Matiere_Environnement
Etudiant_P00477,possede,Competence_autonomie
Parcours_Agriculture_et_Elevage,enseigne,Matiere_Agronomie
Parcours_Industries_Agroalimentaires,enseigne,Matiere_Microbiologie_alimentaire
Etudiant_P00066,aCentreInteret,Interet_Technologie
Etudiant_P00860,possede,Competence_esprit_d_analyse
Parcours_Informatique_Multimedia_Technologie_de_l_Information_et_de_la_Communication_et_I,enseigne,Matiere_Algorithme
Etudiant_P00210,prefere,Matiere_Physique_Chimie
Parcours_Industries_Agroalimentaires,enseigne,Matiere_Technologie_des_proteines
Parcours_Industries_Agroalimentaires,developpe,Competence_Analyse_biochimique_microbiologique_et_toxicologique_des_aliments
Parcours_Agriculture_et_Elevage,enseigne,Matiere_Bacteriologie
Parcours_Industries_Chimiques_Minieres_et_Petrolieres,enseigne,Matiere_Cartographie
Parcours_Electromecanique_et_Informatique_Industrielle,enseigne,Matiere_Mecanique_rationnelle
Parcours_Droit_et_Techniques_Juridiques_des_Affaires,enseigne,Matiere_Droit_Minier
Etudiant_P00286,prefere,Matiere_Informatique
Parcours_Industries_Agroalimentaires,enseigne,Matiere_Toxicologie_alimentaire
Parcours_Finances_et_Comptabilite,enseigne,Matiere_Gestion_de_projet_de_developpement
Parcours_Industries_Chimiques_Minieres_et_Petrolieres,enseigne,Matiere_Chimie_verte
Etudiant_P01386,aCentreInteret,Interet_Dessin_et_design
Etudiant_P01467,prefere,Matiere_Malgache
Parcours_Pharmacologie_et_Industries_Pharmaceutiques,developpe,Competence_Gestion_de_laboratoire_d_analyses_medicales_et_industrielles
Parcours_Electronique_Systemes_Informatiques_et_Intelligence_Artificielle,enseigne,Matiere_Electronique
Etudiant_P01517,prefere,Matiere_Malgache
Etudiant_P00052,possede,Competence_autonomie
Competence_Droit_foncier_Minier,estRequisePour,Metier_Juriste_specialise_en_ressources
Parcours_Tourisme_Environnement_et_Hotellerie,enseigne,Matiere_Techno_Restau
Parcours_Informatique_Multimedia_Technologie_de_l_Information_et_de_la_Communication_et_I,enseigne,Matiere_UI_UX
Competence_Biochimie_R_D,estRequisePour,Metier_Charge_de_R_D_alimentaire
Etudiant_P01437,possede,Competence_curiosite
Etudiant_P00448,prefere,Matiere_EPS
Parcours_Tourisme_Environnement_et_Hotellerie,enseigne,Matiere_Science_des_aliments
Parcours_Genie_Civil_et_Architecture,developpe,Competence_Gestion_technique_et_administrative_de_chantiers_BTP
Etudiant_P01150,possede,Competence_autonomie
Etudiant_P00452,prefere,Matiere_Francais
Competence_Design_UI_UX_Web,estRequisePour,Metier_UX_Designer_Developpeur_Multimedia
Etudiant_P00179,possede,Competence_creativite
Parcours_Economie_et_Management_de_Projet,prepareA,Metier_Planificateur_strategique_Business_Analyst
Parcours_Genie_Civil_et_Architecture,enseigne,Matiere_Electricite_des_batiments
Parcours_Droit_et_Techniques_Juridiques_des_Affaires,enseigne,Matiere_Procedure_penale
Parcours_Pharmacologie_et_Industries_Pharmaceutiques,enseigne,Matiere_Physiologie_medicale
Etudiant_P00014,estOrienteVers,Parcours_Electromecanique_et_Informatique_Industrielle
Etudiant_P00192,aSerieBac,Prerequis_Baccalaureat_serie_A2
Etudiant_P01207,aCentreInteret,Interet_Gestion
Parcours_Commerce_et_Administration_des_Affaires,developpe,Competence_Analyse_des_marches_et_economie_monetaire_internationale
Etudiant_P00452,prefere,Matiere_Anglais
Parcours_Economie_et_Management_de_Projet,enseigne,Matiere_Gestion_budgetaire
Etudiant_P00014,possede,Competence_perseverance
Parcours_Electromecanique_et_Informatique_Industrielle,prepareA,Metier_Ingenieur_en_maintenance_industrielle_Responsable_Maintenance
Etudiant_P00570,possede,Competence_autonomie
Parcours_Genie_Civil_et_Architecture,enseigne,Matiere_Amenagement_portuaire
Etudiant_P00286,possede,Competence_autonomie
Parcours_Industries_Chimiques_Minieres_et_Petrolieres,necessite,Prerequis_Baccalaureat_serie_D
Parcours_Electronique_Systemes_Informatiques_et_Intelligence_Artificielle,enseigne,Matiere_Informatique_Decisionnelle
Etudiant_P00452,prefere,Matiere_Informatique
Parcours_Pharmacologie_et_Industries_Pharmaceutiques,enseigne,Matiere_Semiologie
Etudiant_P00066,prefere,Matiere_Arts
Competence_Normes_HACCP_Microbiologie,estRequisePour,Metier_Responsable_Qualite
Parcours_Informatique_de_Gestion_Genie_Logiciel_et_Intelligence_Artificielle,prepareA,Metier_Expert_en_transformation_digitale
Parcours_Pharmacologie_et_Industries_Pharmaceutiques,enseigne,Matiere_Physiologie_Vegetale
Etudiant_P00866,possede,Competence_curiosite
Parcours_Commerce_et_Administration_des_Affaires,developpe,Competence_Maitrise_des_techniques_de_negociation_et_de_vente_internationale
Parcours_Commerce_et_Administration_des_Affaires,prepareA,Metier_Responsable_Marketing_Chef_de_produit_commercial
Etudiant_P00477,aCentreInteret,Interet_Lecture
Parcours_Informatique_Multimedia_Technologie_de_l_Information_et_de_la_Communication_et_I,necessite,Prerequis_Baccalaureat_serie_C
Parcours_Tourisme_Environnement_et_Hotellerie,developpe,Competence_Conception_promotion_et_vente_de_produits_touristiques_et_ecotouristiques
Parcours_Informatique_Multimedia_Technologie_de_l_Information_et_de_la_Communication_et_I,enseigne,Matiere_Ondes_et_Propagations
Etudiant_P01430,aSerieBac,Prerequis_Baccalaureat_serie_A2
Parcours_Electronique_Systemes_Informatiques_et_Intelligence_Artificielle,enseigne,Matiere_Structure_de_donnees
Parcours_Economie_et_Management_de_Projet,enseigne,Matiere_Econometrie
Etudiant_P00866,prefere,Matiere_Mathematiques
Parcours_Agriculture_et_Elevage,enseigne,Matiere_Arboriculture_fruitiere
Parcours_Pharmacologie_et_Industries_Pharmaceutiques,enseigne,Matiere_Biochimie_medicale
Parcours_Tourisme_Environnement_et_Hotellerie,necessite,Prerequis_Baccalaureat_serie_L
Parcours_Economie_et_Management_de_Projet,enseigne,Matiere_Economie_monetaire
Parcours_Genie_Civil_et_Architecture,enseigne,Matiere_Dessin
Etudiant_P01210,aCentreInteret,Interet_Gestion
Parcours_Informatique_Multimedia_Technologie_de_l_Information_et_de_la_Communication_et_I,prepareA,Metier_Expert_en_reseaux_de_transmission_et_nouveaux_medias
Parcours_Industries_Agroalimentaires,prepareA,Metier_Gestionnaire_d_unites_de_transformation_Chef_de_production
Etudiant_P00179,aSerieBac,Prerequis_Baccalaureat_serie_C
Parcours_Informatique_de_Gestion_Genie_Logiciel_et_Intelligence_Artificielle,enseigne,Matiere_Cryptographie
Parcours_Informatique_Statistique_Appliquee_et_Intelligence_Artificielle,enseigne,Matiere_UI_UX
Etudiant_P01509,aCentreInteret,Interet_Benevolat_associatif
Competence_Controle_de_gestion,estRequisePour,Metier_Controleur_de_gestion
Parcours_Electromecanique_et_Informatique_Industrielle,enseigne,Matiere_AUTOCAD
Parcours_Tourisme_Environnement_et_Hotellerie,developpe,Competence_Gestion_environnementale_des_sites_touristiques_et_eco_marine
Parcours_Droit_et_Techniques_Juridiques_des_Affaires,prepareA,Metier_Charge_de_conformite_Compliance_Officer
Etudiant_P00192,prefere,Matiere_Arts
Parcours_Industries_Chimiques_Minieres_et_Petrolieres,enseigne,Matiere_Atomistique
Etudiant_P01331,estOrienteVers,Parcours_Industries_Agroalimentaires
Competence_Administration_SGBDR,estRequisePour,Metier_Administrateur_de_bases_de_donnees
Parcours_Pharmacologie_et_Industries_Pharmaceutiques,enseigne,Matiere_Immuno_clinique
Parcours_Electronique_Systemes_Informatiques_et_Intelligence_Artificielle,enseigne,Matiere_Processus_Stochastique
Parcours_Informatique_Multimedia_Technologie_de_l_Information_et_de_la_Communication_et_I,enseigne,Matiere_Programmation_Logique
Parcours_Pharmacologie_et_Industries_Pharmaceutiques,developpe,Competence_Formulation_fabrication_et_controle_de_produits_pharmaceutiques
Parcours_Commerce_et_Administration_des_Affaires,enseigne,Matiere_Finance_mathematique
Etudiant_P00229,prefere,Matiere_Economie
Competence_Exploitation_miniere_Geologie,estRequisePour,Metier_Ingenieur_Minier
Parcours_Industries_Chimiques_Minieres_et_Petrolieres,enseigne,Matiere_Management
Parcours_Agriculture_et_Elevage,enseigne,Matiere_Developpement_rural
Parcours_Industries_Agroalimentaires,enseigne,Matiere_Fruits_et_legumes
Parcours_Industries_Chimiques_Minieres_et_Petrolieres,prepareA,Metier_Ingenieur_minier_supervision_d_extraction_traitement
Competence_Communication_Langues,estRequisePour,Metier_Guide_touristique_expert_Interprete
Parcours_Industries_Chimiques_Minieres_et_Petrolieres,developpe,Competence_Analyse_physico_chimique_et_controle_qualite_en_laboratoire
Etudiant_P00697,aCentreInteret,Interet_Nature
Parcours_Industries_Agroalimentaires,appartientAMention,Mention_Biotechnologie_et_Agronomie
Parcours_Informatique_Statistique_Appliquee_et_Intelligence_Artificielle,enseigne,Matiere_GPI
Parcours_Pharmacologie_et_Industries_Pharmaceutiques,enseigne,Matiere_Anatomie_et_physiologie_humaine
Etudiant_P00327,prefere,Matiere_Histoire_Geo
Parcours_Electronique_Systemes_Informatiques_et_Intelligence_Artificielle,prepareA,Metier_Specialiste_en_maintenance_de_systemes_informatises
Etudiant_P00055,estOrienteVers,Parcours_Finances_et_Comptabilite
Parcours_Genie_Civil_et_Architecture,enseigne,Matiere_Amenagement_aeroportuaire
Etudiant_P00697,possede,Competence_aisance_relationnelle
Etudiant_P00229,prefere,Matiere_EPS
Parcours_Industries_Agroalimentaires,prepareA,Metier_Charge_de_Recherche_et_Developpement_R_D_alimentaire
Parcours_Informatique_de_Gestion_Genie_Logiciel_et_Intelligence_Artificielle,prepareA,Metier_Administrateur_de_bases_de_donnees
Etudiant_P01430,prefere,Matiere_Arts
Parcours_Informatique_Statistique_Appliquee_et_Intelligence_Artificielle,prepareA,Metier_Responsable_Business_Intelligence
Competence_Informatique_Decisionnelle_BI,estRequisePour,Metier_Responsable_Business_Intelligence
Parcours_Commerce_et_Administration_des_Affaires,enseigne,Matiere_Politique_economique
Parcours_Droit_et_Techniques_Juridiques_des_Affaires,necessite,Prerequis_Baccalaureat_serie_A2
Parcours_Genie_Civil_et_Architecture,enseigne,Matiere_Gestion_de_chantier
Parcours_Finances_et_Comptabilite,enseigne,Matiere_Finance_d_entreprise
Etudiant_P00477,aCentreInteret,Interet_Gestion
Parcours_Informatique_Statistique_Appliquee_et_Intelligence_Artificielle,developpe,Competence_Analyse_de_donnees_economiques_et_financieres_pour_la_decision
Etudiant_P00286,aSerieBac,Prerequis_Baccalaureat_serie_C
Etudiant_P01035,aSerieBac,Prerequis_Baccalaureat_serie_D
Etudiant_P01150,aSerieBac,Prerequis_Baccalaureat_serie_S
Etudiant_P01437,prefere,Matiere_Arts
Parcours_Finances_et_Comptabilite,enseigne,Matiere_Economie
Etudiant_P01437,possede,Competence_esprit_d_analyse
Etudiant_P00229,prefere,Matiere_Physique_Chimie
Etudiant_P01150,possede,Competence_aisance_relationnelle
Etudiant_P00229,prefere,Matiere_Francais
Parcours_Industries_Chimiques_Minieres_et_Petrolieres,prepareA,Metier_Ingenieur_en_genie_des_procedes_chimiques
Parcours_Industries_Agroalimentaires,enseigne,Matiere_Biotechnologie
Parcours_Electronique_Systemes_Informatiques_et_Intelligence_Artificielle,enseigne,Matiere_Capteurs
Parcours_Industries_Chimiques_Minieres_et_Petrolieres,enseigne,Matiere_Technologie_des_materiaux
Parcours_Informatique_de_Gestion_Genie_Logiciel_et_Intelligence_Artificielle,developpe,Competence_Administration_et_optimisation_de_bases_de_donnees_SGBDR
Competence_Droit_des_contrats_Societes,estRequisePour,Metier_Juriste_d_entreprise
Parcours_Electronique_Systemes_Informatiques_et_Intelligence_Artificielle,enseigne,Matiere_GLCIA
Parcours_Genie_Civil_et_Architecture,developpe,Competence_Dimensionnement_et_calcul_de_structures_RDM_Elements_finis
Parcours_Agriculture_et_Elevage,enseigne,Matiere_Pisciculture
Parcours_Agriculture_et_Elevage,enseigne,Matiere_Apiculture
Etudiant_P00052,aCentreInteret,Interet_Gestion
Etudiant_P00327,prefere,Matiere_Malgache
Etudiant_P00066,aSerieBac,Prerequis_Baccalaureat_serie_Technique
Parcours_Industries_Chimiques_Minieres_et_Petrolieres,prepareA,Metier_Responsable_HSE_Hygiene_Securite_Environnement_industriel
Parcours_Economie_et_Management_de_Projet,enseigne,Matiere_Gestion_previsionnelle
Etudiant_P00920,possede,Competence_esprit_d_analyse
Etudiant_P00865,estOrienteVers,Parcours_Commerce_et_Administration_des_Affaires
Parcours_Industries_Agroalimentaires,enseigne,Matiere_Traitement_des_eaux
Parcours_Industries_Agroalimentaires,necessite,Prerequis_Baccalaureat_serie_D
Etudiant_P00229,possede,Competence_creativite
Parcours_Electronique_Systemes_Informatiques_et_Intelligence_Artificielle,enseigne,Matiere_Codage
Parcours_Droit_et_Techniques_Juridiques_des_Affaires,enseigne,Matiere_Droit_des_biens
Parcours_Industries_Chimiques_Minieres_et_Petrolieres,developpe,Competence_Maitrise_du_droit_minier_et_de_la_reglementation_sectorielle
Parcours_Electromecanique_et_Informatique_Industrielle,necessite,Prerequis_Baccalaureat_serie_D
Etudiant_P00055,prefere,Matiere_Economie
Parcours_Industries_Chimiques_Minieres_et_Petrolieres,enseigne,Matiere_Elasticite_et_plasticite
Parcours_Commerce_et_Administration_des_Affaires,enseigne,Matiere_Finance_publique
Parcours_Economie_et_Management_de_Projet,enseigne,Matiere_Microeconomie
Etudiant_P00866,prefere,Matiere_Anglais
Etudiant_P00920,possede,Competence_creativite
Parcours_Pharmacologie_et_Industries_Pharmaceutiques,enseigne,Matiere_Chimie_organique
Etudiant_P00210,possede,Competence_rigueur
Etudiant_P01117,estOrienteVers,Parcours_Informatique_Multimedia_Technologie_de_l_Information_et_de_la_Communication_et_I
Etudiant_P00865,possede,Competence_aisance_relationnelle
Parcours_Informatique_de_Gestion_Genie_Logiciel_et_Intelligence_Artificielle,enseigne,Matiere_Theorie_des_jeux
Parcours_Informatique_Multimedia_Technologie_de_l_Information_et_de_la_Communication_et_I,appartientAMention,Mention_Informatique_et_Telecommunications
Parcours_Droit_et_Techniques_Juridiques_des_Affaires,enseigne,Matiere_Droit_administratif
Etudiant_P00055,prefere,Matiere_EPS
Parcours_Electromecanique_et_Informatique_Industrielle,enseigne,Matiere_Technologie_des_froids
Parcours_Pharmacologie_et_Industries_Pharmaceutiques,enseigne,Matiere_Biologie_Cellulaire
Etudiant_P01519,prefere,Matiere_Mathematiques
Parcours_Agriculture_et_Elevage,developpe,Competence_Expertise_en_zootechnie_pisciculture_et_elevage_specialise
Etudiant_P00866,prefere,Matiere_Informatique
Parcours_Industries_Chimiques_Minieres_et_Petrolieres,enseigne,Matiere_Geologie_de_Madagascar
Parcours_Economie_et_Management_de_Projet,prepareA,Metier_Consultant_en_management_et_developpement
Etudiant_P01117,prefere,Matiere_Philosophie
Etudiant_P00408,aCentreInteret,Interet_Programmation
Parcours_Electronique_Systemes_Informatiques_et_Intelligence_Artificielle,enseigne,Matiere_Machine_Learning
Parcours_Tourisme_Environnement_et_Hotellerie,necessite,Prerequis_Baccalaureat_serie_A1
Parcours_Agriculture_et_Elevage,enseigne,Matiere_Elevage
Etudiant_P00458,possede,Competence_esprit_d_analyse
Parcours_Finances_et_Comptabilite,enseigne,Matiere_Informatique
Parcours_Economie_et_Management_de_Projet,developpe,Competence_Analyse_socio_economique_et_management_de_projet_de_developpement
Parcours_Informatique_Multimedia_Technologie_de_l_Information_et_de_la_Communication_et_I,enseigne,Matiere_Informatique_Quantique
Etudiant_P00055,possede,Competence_sens_de_l_organisation
Etudiant_P00452,possede,Competence_aisance_relationnelle
Parcours_Pharmacologie_et_Industries_Pharmaceutiques,enseigne,Matiere_Thermo_physique
Parcours_Commerce_et_Administration_des_Affaires,enseigne,Matiere_Marketing_International
Parcours_Agriculture_et_Elevage,enseigne,Matiere_Bio_informatique
Etudiant_P00920,estOrienteVers,Parcours_Tourisme_Environnement_et_Hotellerie
Etudiant_P00210,prefere,Matiere_Malgache
Parcours_Droit_et_Techniques_Juridiques_des_Affaires,enseigne,Matiere_Droit_penal
Parcours_Industries_Agroalimentaires,enseigne,Matiere_Biologie_Vegetale
Parcours_Informatique_de_Gestion_Genie_Logiciel_et_Intelligence_Artificielle,necessite,Prerequis_Baccalaureat_serie_S
Etudiant_P00055,prefere,Matiere_Francais
Parcours_Agriculture_et_Elevage,enseigne,Matiere_Methodologie_des_recherches_experimentales
Parcours_Industries_Agroalimentaires,enseigne,Matiere_Management
Parcours_Tourisme_Environnement_et_Hotellerie,enseigne,Matiere_Sites_touristiques
Parcours_Commerce_et_Administration_des_Affaires,enseigne,Matiere_Economie_mathematique
Parcours_Finances_et_Comptabilite,enseigne,Matiere_Gestion_budgetaire
Parcours_Industries_Chimiques_Minieres_et_Petrolieres,appartientAMention,Mention_Genie_Industriel
Parcours_Economie_et_Management_de_Projet,necessite,Prerequis_Baccalaureat_serie_C
Etudiant_P01117,possede,Competence_perseverance
Parcours_Tourisme_Environnement_et_Hotellerie,enseigne,Matiere_Economie_rurale
Parcours_Electromecanique_et_Informatique_Industrielle,enseigne,Matiere_Management
Parcours_Genie_Civil_et_Architecture,enseigne,Matiere_Acoustique
Parcours_Industries_Agroalimentaires,enseigne,Matiere_Viandes
Parcours_Informatique_Multimedia_Technologie_de_l_Information_et_de_la_Communication_et_I,developpe,Competence_Gestion_de_projets_de_communication_digitale_et_PAO
Parcours_Economie_et_Management_de_Projet,prepareA,Metier_Analyste_economique_Charge_d_etudes_economiques
Parcours_Informatique_Multimedia_Technologie_de_l_Information_et_de_la_Communication_et_I,enseigne,Matiere_PHP
Etudiant_P01310,prefere,Matiere_Mathematiques
Parcours_Electromecanique_et_Informatique_Industrielle,enseigne,Matiere_Electronique_de_puissance
Parcours_Pharmacologie_et_Industries_Pharmaceutiques,enseigne,Matiere_Bio_Informatique
Etudiant_P00448,possede,Competence_esprit_d_equipe
Parcours_Commerce_et_Administration_des_Affaires,prepareA,Metier_Manager_de_PME_PMI
Parcours_Economie_et_Management_de_Projet,enseigne,Matiere_Economie_de_developpement
Parcours_Finances_et_Comptabilite,enseigne,Matiere_Economie_de_l_environnement
Parcours_Informatique_Multimedia_Technologie_de_l_Information_et_de_la_Communication_et_I,prepareA,Metier_UX_UI_Designer
Parcours_Informatique_Statistique_Appliquee_et_Intelligence_Artificielle,developpe,Competence_Conception_et_mise_en_uvre_de_solutions_de_Business_Intelligence
Parcours_Pharmacologie_et_Industries_Pharmaceutiques,enseigne,Matiere_Bacteriologie
Etudiant_P01210,prefere,Matiere_Arts
Parcours_Tourisme_Environnement_et_Hotellerie,prepareA,Metier_Chef_de_produit_touristique_Concepteur_de_circuits
Parcours_Electronique_Systemes_Informatiques_et_Intelligence_Artificielle,necessite,Prerequis_Baccalaureat_serie_Technique
Parcours_Informatique_de_Gestion_Genie_Logiciel_et_Intelligence_Artificielle,enseigne,Matiere_Recherche_Operationnelle
Parcours_Agriculture_et_Elevage,enseigne,Matiere_Serriculture
Parcours_Tourisme_Environnement_et_Hotellerie,enseigne,Matiere_Technique_d_accueil
Etudiant_P00408,possede,Competence_esprit_d_equipe
Parcours_Industries_Agroalimentaires,prepareA,Metier_Responsable_logistique_de_denrees_perissables
Competence_Raffinage_Petrochimie,estRequisePour,Metier_Ingenieur_Petrolier
Parcours_Pharmacologie_et_Industries_Pharmaceutiques,necessite,Prerequis_Baccalaureat_serie_S
Parcours_Droit_et_Techniques_Juridiques_des_Affaires,enseigne,Matiere_Droit_foncier
Parcours_Genie_Civil_et_Architecture,necessite,Prerequis_Baccalaureat_serie_Technique
Parcours_Informatique_de_Gestion_Genie_Logiciel_et_Intelligence_Artificielle,enseigne,Matiere_Reseaux_informatiques
Parcours_Genie_Civil_et_Architecture,enseigne,Matiere_Geologie_Appliquee
Etudiant_P00502,prefere,Matiere_Arts
Parcours_Droit_et_Techniques_Juridiques_des_Affaires,developpe,Competence_Conseil_juridique_strategique_et_defense_des_interets_de_l_entreprise
Parcours_Industries_Agroalimentaires,enseigne,Matiere_Sucre
Parcours_Economie_et_Management_de_Projet,developpe,Competence_Pilotage_planification_et_evaluation_de_projets_complexes
Parcours_Informatique_Statistique_Appliquee_et_Intelligence_Artificielle,enseigne,Matiere_Informatique_Quantique
Parcours_Informatique_de_Gestion_Genie_Logiciel_et_Intelligence_Artificielle,enseigne,Matiere_Algorithme_Avance
Competence_Comptabilite_analytique_Finance,estRequisePour,Metier_Auditeur_financier
Parcours_Droit_et_Techniques_Juridiques_des_Affaires,developpe,Competence_Gestion_des_litiges_commerciaux_contentieux_et_procedures_collectives
Etudiant_P00920,aCentreInteret,Interet_Langues_etrangeres
Parcours_Informatique_Statistique_Appliquee_et_Intelligence_Artificielle,prepareA,Metier_Ingenieur_Machine_Learning_Consultant_IA
Parcours_Tourisme_Environnement_et_Hotellerie,prepareA,Metier_Organisateur_d_evenements_congres_et_sejours_MICE
Etudiant_P01233,prefere,Matiere_Mathematiques
Parcours_Electronique_Systemes_Informatiques_et_Intelligence_Artificielle,enseigne,Matiere_Structures_des_ordinateurs
Competence_Audit_Fiscalite,estRequisePour,Metier_Auditeur_fiscal
Parcours_Informatique_Statistique_Appliquee_et_Intelligence_Artificielle,necessite,Prerequis_Baccalaureat_serie_C
Parcours_Electronique_Systemes_Informatiques_et_Intelligence_Artificielle,enseigne,Matiere_Pascal
Etudiant_P01331,aSerieBac,Prerequis_Baccalaureat_serie_S
Etudiant_P01555,aCentreInteret,Interet_Debat_et_droit
Etudiant_P00408,prefere,Matiere_Philosophie
Parcours_Commerce_et_Administration_des_Affaires,necessite,Prerequis_Baccalaureat_serie_A1
Parcours_Electromecanique_et_Informatique_Industrielle,enseigne,Matiere_Microcontroleur
Parcours_Electronique_Systemes_Informatiques_et_Intelligence_Artificielle,enseigne,Matiere_Gestion_de_Projet
Parcours_Electronique_Systemes_Informatiques_et_Intelligence_Artificielle,enseigne,Matiere_SGBDR
Parcours_Economie_et_Management_de_Projet,enseigne,Matiere_Gestion_de_projet
Parcours_Informatique_Statistique_Appliquee_et_Intelligence_Artificielle,enseigne,Matiere_PHP
Parcours_Electromecanique_et_Informatique_Industrielle,enseigne,Matiere_Thermodynamique
Parcours_Electromecanique_et_Informatique_Industrielle,prepareA,Metier_Concepteur_de_systemes_IoT_industriels_et_supervision
Parcours_Tourisme_Environnement_et_Hotellerie,necessite,Prerequis_Baccalaureat_serie_D
Etudiant_P01555,aCentreInteret,Interet_Sport
Etudiant_P00229,prefere,Matiere_Histoire_Geo
Etudiant_P00564,aCentreInteret,Interet_Musique
Etudiant_P00327,possede,Competence_sens_de_l_organisation
Parcours_Informatique_de_Gestion_Genie_Logiciel_et_Intelligence_Artificielle,enseigne,Matiere_HTML_CSS
Parcours_Electromecanique_et_Informatique_Industrielle,enseigne,Matiere_Elasticite_et_plasticite
Competence_Pharmacologie_Galenique,estRequisePour,Metier_Ingenieur_formulation
Etudiant_P00286,possede,Competence_rigueur
Parcours_Commerce_et_Administration_des_Affaires,necessite,Prerequis_Baccalaureat_serie_A2
Etudiant_P00062,possede,Competence_sens_de_l_observation
Parcours_Economie_et_Management_de_Projet,developpe,Competence_Maitrise_des_outils_d_analyse_economique_et_econometrie
Parcours_Agriculture_et_Elevage,enseigne,Matiere_Virologie
Etudiant_P01519,prefere,Matiere_Informatique
Etudiant_P01555,aSerieBac,Prerequis_Baccalaureat_serie_C
Etudiant_P00408,aSerieBac,Prerequis_Baccalaureat_serie_S
Etudiant_P01519,estOrienteVers,Parcours_Informatique_de_Gestion_Genie_Logiciel_et_Intelligence_Artificielle
Parcours_Pharmacologie_et_Industries_Pharmaceutiques,enseigne,Matiere_Pharmacologie_moleculaire_et_cellulaire
Competence_Analyses_en_laboratoire,estRequisePour,Metier_Technicien_Ingenieur_de_laboratoire
Parcours_Electronique_Systemes_Informatiques_et_Intelligence_Artificielle,enseigne,Matiere_Deep_Learning
Parcours_Pharmacologie_et_Industries_Pharmaceutiques,appartientAMention,Mention_Biotechnologie_et_Agronomie
Parcours_Electronique_Systemes_Informatiques_et_Intelligence_Artificielle,enseigne,Matiere_Programmation_Logique
Etudiant_P01310,prefere,Matiere_Francais
Etudiant_P01517,possede,Competence_esprit_d_analyse
Competence_Marketing_International,estRequisePour,Metier_Responsable_export
Parcours_Tourisme_Environnement_et_Hotellerie,enseigne,Matiere_Ecologie_animale
Etudiant_P00179,aCentreInteret,Interet_Musique
Parcours_Genie_Civil_et_Architecture,enseigne,Matiere_Geometrie_Analytique
Parcours_Tourisme_Environnement_et_Hotellerie,enseigne,Matiere_Civilisation_appliquee
Etudiant_P01310,prefere,Matiere_Anglais
Parcours_Industries_Chimiques_Minieres_et_Petrolieres,necessite,Prerequis_Baccalaureat_serie_C
Parcours_Tourisme_Environnement_et_Hotellerie,enseigne,Matiere_Management
Etudiant_P00452,aSerieBac,Prerequis_Baccalaureat_serie_A2
Competence_Agroecologie_Agriculture_Bio,estRequisePour,Metier_Consultant_environnemental
Etudiant_P01386,prefere,Matiere_Mathematiques
Parcours_Informatique_de_Gestion_Genie_Logiciel_et_Intelligence_Artificielle,enseigne,Matiere_Linux
Parcours_Economie_et_Management_de_Projet,prepareA,Metier_Responsable_de_projet_de_developpement_ONG_International
Etudiant_P00697,prefere,Matiere_SVT
Etudiant_P01310,prefere,Matiere_Informatique
Parcours_Electromecanique_et_Informatique_Industrielle,enseigne,Matiere_Electricite
Etudiant_P01519,possede,Competence_autonomie
Etudiant_P01437,estOrienteVers,Parcours_Informatique_Multimedia_Technologie_de_l_Information_et_de_la_Communication_et_I
Parcours_Electronique_Systemes_Informatiques_et_Intelligence_Artificielle,enseigne,Matiere_C
Parcours_Genie_Civil_et_Architecture,enseigne,Matiere_Technologie_des_batiments
Etudiant_P01310,possede,Competence_esprit_d_equipe
Parcours_Industries_Chimiques_Minieres_et_Petrolieres,enseigne,Matiere_Electricite_Industrielle
Parcours_Economie_et_Management_de_Projet,developpe,Competence_Gestion_financiere_et_previsionnelle_de_projets
Parcours_Informatique_Multimedia_Technologie_de_l_Information_et_de_la_Communication_et_I,enseigne,Matiere_Structure_de_donnees
Competence_Traitement_Big_Data,estRequisePour,Metier_Ingenieur_Big_Data
Parcours_Industries_Agroalimentaires,enseigne,Matiere_Physiologie_Vegetale
Parcours_Economie_et_Management_de_Projet,enseigne,Matiere_Economie_internationale
Etudiant_P01509,possede,Competence_sens_de_l_organisation
Parcours_Industries_Chimiques_Minieres_et_Petrolieres,enseigne,Matiere_Physique_nucleaire
Parcours_Commerce_et_Administration_des_Affaires,appartientAMention,Mention_Droit_et_Techniques_des_Affaires
Etudiant_P00055,aSerieBac,Prerequis_Baccalaureat_serie_C
Parcours_Electronique_Systemes_Informatiques_et_Intelligence_Artificielle,enseigne,Matiere_Base_de_Donnees
Etudiant_P00327,aCentreInteret,Interet_Reseaux_sociaux
Etudiant_P00866,prefere,Matiere_Malgache
Etudiant_P01509,prefere,Matiere_Physique_Chimie
Parcours_Electronique_Systemes_Informatiques_et_Intelligence_Artificielle,enseigne,Matiere_Automatique
Parcours_Informatique_de_Gestion_Genie_Logiciel_et_Intelligence_Artificielle,developpe,Competence_Gestion_de_projets_informatiques_et_ingenierie_logicielle
Competence_Droit_de_travail_Social,estRequisePour,Metier_Responsable_des_Ressources_Humaines
Competence_Technique_d_agence_Accueil,estRequisePour,Metier_Manager_d_agence_de_voyage
Competence_Ingenierie_hydraulique_routiere,estRequisePour,Metier_Ingenieur_d_infrastructures
Etudiant_P00286,aCentreInteret,Interet_Musique
Parcours_Electronique_Systemes_Informatiques_et_Intelligence_Artificielle,enseigne,Matiere_Langage_C
Parcours_Electronique_Systemes_Informatiques_et_Intelligence_Artificielle,enseigne,Matiere_Java
Parcours_Agriculture_et_Elevage,enseigne,Matiere_Enzymologie
Etudiant_P00448,possede,Competence_rigueur
Parcours_Informatique_Statistique_Appliquee_et_Intelligence_Artificielle,developpe,Competence_Analyse_statistique_complexe_et_probabilites_appliquees
Parcours_Finances_et_Comptabilite,appartientAMention,Mention_Droit_et_Techniques_des_Affaires
Competence_Architecture_ARCHICAD,estRequisePour,Metier_Concepteur_Collaborateur_d_architecte
Parcours_Commerce_et_Administration_des_Affaires,necessite,Prerequis_Baccalaureat_serie_D
Parcours_Informatique_Multimedia_Technologie_de_l_Information_et_de_la_Communication_et_I,enseigne,Matiere_Processus_Stochastique
Parcours_Finances_et_Comptabilite,enseigne,Matiere_Macroeconomie
Parcours_Industries_Agroalimentaires,developpe,Competence_Maitrise_de_la_securite_sanitaire_et_normes_qualite_HACCP_ISO
Etudiant_P00062,prefere,Matiere_Francais
Etudiant_P00564,prefere,Matiere_SVT
Etudiant_P01233,estOrienteVers,Parcours_Agriculture_et_Elevage
Parcours_Industries_Agroalimentaires,enseigne,Matiere_Lait
Etudiant_P00055,possede,Competence_aisance_relationnelle
Etudiant_P00452,prefere,Matiere_Arts
Etudiant_P00062,prefere,Matiere_Anglais
Parcours_Electromecanique_et_Informatique_Industrielle,enseigne,Matiere_Resistance_des_materiaux
Parcours_Finances_et_Comptabilite,necessite,Prerequis_Baccalaureat_serie_C
Parcours_Industries_Chimiques_Minieres_et_Petrolieres,developpe,Competence_Exploitation_extraction_et_raffinage_des_ressources_Mines_Petrole
Parcours_Droit_et_Techniques_Juridiques_des_Affaires,enseigne,Matiere_Introduction_au_droit
Etudiant_P01509,possede,Competence_creativite
Parcours_Informatique_Statistique_Appliquee_et_Intelligence_Artificielle,enseigne,Matiere_Informatique_Decisionnelle
Parcours_Industries_Agroalimentaires,enseigne,Matiere_Genie_fermentaire
Etudiant_P00229,possede,Competence_perseverance
Parcours_Informatique_de_Gestion_Genie_Logiciel_et_Intelligence_Artificielle,enseigne,Matiere_Algorithme
Etudiant_P00062,estOrienteVers,Parcours_Agriculture_et_Elevage
Parcours_Commerce_et_Administration_des_Affaires,enseigne,Matiere_Analyse_financiere
Parcours_Informatique_Statistique_Appliquee_et_Intelligence_Artificielle,enseigne,Matiere_Recherche_Operationnelle
Parcours_Genie_Civil_et_Architecture,developpe,Competence_Expertise_en_geotechnique_et_mecanique_des_sols
Etudiant_P01210,estOrienteVers,Parcours_Droit_et_Techniques_Juridiques_des_Affaires
Parcours_Electromecanique_et_Informatique_Industrielle,prepareA,Metier_Responsable_de_production_en_usine_Gestionnaire_d_atelier
Parcours_Pharmacologie_et_Industries_Pharmaceutiques,enseigne,Matiere_Atomistique
Etudiant_P00179,prefere,Matiere_SVT
Etudiant_P00055,prefere,Matiere_Malgache
Etudiant_P00055,aCentreInteret,Interet_Gestion
Parcours_Informatique_Statistique_Appliquee_et_Intelligence_Artificielle,enseigne,Matiere_Structure_de_donnees
Parcours_Agriculture_et_Elevage,necessite,Prerequis_Baccalaureat_serie_C
Parcours_Commerce_et_Administration_des_Affaires,enseigne,Matiere_Gestion_de_projet_de_developpement
Competence_Gestion_previsionnelle,estRequisePour,Metier_Planificateur_de_projets
Parcours_Genie_Civil_et_Architecture,prepareA,Metier_Ingenieur_en_genie_civil_specialise_routes_ponts_hydraulique
Etudiant_P00052,aCentreInteret,Interet_Debat_et_droit
Etudiant_P00564,aCentreInteret,Interet_Nature
Parcours_Informatique_de_Gestion_Genie_Logiciel_et_Intelligence_Artificielle,enseigne,Matiere_UI_UX
Etudiant_P00458,prefere,Matiere_Philosophie
Etudiant_P00210,possede,Competence_autonomie
Etudiant_P00477,estOrienteVers,Parcours_Commerce_et_Administration_des_Affaires
Parcours_Informatique_Multimedia_Technologie_de_l_Information_et_de_la_Communication_et_I,enseigne,Matiere_GLCIA
Etudiant_P01386,prefere,Matiere_Physique_Chimie
Etudiant_P00920,prefere,Matiere_Physique_Chimie
Parcours_Electronique_Systemes_Informatiques_et_Intelligence_Artificielle,enseigne,Matiere_Intelligence_Artificielle
Etudiant_P00920,prefere,Matiere_Francais
Etudiant_P01386,prefere,Matiere_Francais
Parcours_Finances_et_Comptabilite,enseigne,Matiere_Economie_bleu
Etudiant_P00066,prefere,Matiere_Philosophie
Parcours_Pharmacologie_et_Industries_Pharmaceutiques,enseigne,Matiere_Ethnopharmacologie
Etudiant_P00570,aSerieBac,Prerequis_Baccalaureat_serie_A2
Parcours_Finances_et_Comptabilite,prepareA,Metier_Gestionnaire_de_tresorerie_Tresorier_d_entreprise
Parcours_Droit_et_Techniques_Juridiques_des_Affaires,enseigne,Matiere_Droit_constitutionnel
Parcours_Informatique_Statistique_Appliquee_et_Intelligence_Artificielle,enseigne,Matiere_Processus_Stochastique
Parcours_Electromecanique_et_Informatique_Industrielle,enseigne,Matiere_Mecanique_appliquee
Competence_Gestion_financiere_Analyse,estRequisePour,Metier_Gestionnaire_administratif_et_financier
Parcours_Pharmacologie_et_Industries_Pharmaceutiques,enseigne,Matiere_Pharmacocinetique
Parcours_Economie_et_Management_de_Projet,enseigne,Matiere_Organisation
Etudiant_P01035,possede,Competence_esprit_d_equipe
Etudiant_P01331,prefere,Matiere_Mathematiques
Parcours_Informatique_de_Gestion_Genie_Logiciel_et_Intelligence_Artificielle,enseigne,Matiere_GPI
Etudiant_P00458,prefere,Matiere_SVT
Parcours_Informatique_Multimedia_Technologie_de_l_Information_et_de_la_Communication_et_I,enseigne,Matiere_Codage
Parcours_Electronique_Systemes_Informatiques_et_Intelligence_Artificielle,enseigne,Matiere_JavaScript
Etudiant_P00448,possede,Competence_curiosite
Etudiant_P01331,possede,Competence_autonomie
Parcours_Electronique_Systemes_Informatiques_et_Intelligence_Artificielle,enseigne,Matiere_Merise
Parcours_Tourisme_Environnement_et_Hotellerie,enseigne,Matiere_Art_culinaire
Etudiant_P01386,possede,Competence_esprit_d_equipe
Etudiant_P00866,aCentreInteret,Interet_Technologie
Etudiant_P00192,prefere,Matiere_Philosophie
Parcours_Industries_Chimiques_Minieres_et_Petrolieres,enseigne,Matiere_Dessin
Parcours_Tourisme_Environnement_et_Hotellerie,enseigne,Matiere_Marketing_International
Etudiant_P00286,possede,Competence_sens_de_l_organisation
Etudiant_P01207,estOrienteVers,Parcours_Finances_et_Comptabilite
Parcours_Pharmacologie_et_Industries_Pharmaceutiques,developpe,Competence_Analyse_phytochimique_et_valorisation_scientifique_des_plantes_medicinales
Etudiant_P01467,aCentreInteret,Interet_Hotellerie
Parcours_Agriculture_et_Elevage,developpe,Competence_Mise_en_uvre_de_pratiques_d_agroecologie_et_d_agriculture_biologique
Parcours_Informatique_Multimedia_Technologie_de_l_Information_et_de_la_Communication_et_I,enseigne,Matiere_Machine_Learning
Etudiant_P00286,prefere,Matiere_Francais
Parcours_Industries_Agroalimentaires,enseigne,Matiere_Biologie_Cellulaire
Parcours_Droit_et_Techniques_Juridiques_des_Affaires,developpe,Competence_Expertise_en_droit_foncier_minier_de_la_communication_et_des_douanes
Etudiant_P01467,aSerieBac,Prerequis_Baccalaureat_serie_L
Etudiant_P00570,prefere,Matiere_Arts
Parcours_Droit_et_Techniques_Juridiques_des_Affaires,necessite,Prerequis_Baccalaureat_serie_L
Parcours_Agriculture_et_Elevage,enseigne,Matiere_Vulgarisation_agricole_et_animation_rurale
Parcours_Informatique_Statistique_Appliquee_et_Intelligence_Artificielle,enseigne,Matiere_GLCIA
Parcours_Informatique_Multimedia_Technologie_de_l_Information_et_de_la_Communication_et_I,developpe,Competence_Design_d_interfaces_graphiques_et_experience_utilisateur_UI_UX
Parcours_Industries_Agroalimentaires,developpe,Competence_Gestion_de_la_production_industrielle_et_emballage_alimentaire
Parcours_Agriculture_et_Elevage,enseigne,Matiere_Culture_industrielle
Etudiant_P01207,possede,Competence_autonomie
Parcours_Genie_Civil_et_Architecture,prepareA,Metier_Conducteur_de_travaux_Chef_de_chantier
Parcours_Industries_Agroalimentaires,enseigne,Matiere_Thermo_physique
Parcours_Electromecanique_et_Informatique_Industrielle,enseigne,Matiere_Technologie_ferroviaire
Parcours_Tourisme_Environnement_et_Hotellerie,enseigne,Matiere_Gestion_hoteliere
Parcours_Industries_Agroalimentaires,enseigne,Matiere_Biologie_Animale
Etudiant_P01386,aCentreInteret,Interet_Benevolat_associatif
Parcours_Agriculture_et_Elevage,enseigne,Matiere_Petits_ruminants
Etudiant_P00452,aCentreInteret,Interet_Debat_et_droit
Parcours_Informatique_Statistique_Appliquee_et_Intelligence_Artificielle,enseigne,Matiere_Linux
Parcours_Droit_et_Techniques_Juridiques_des_Affaires,enseigne,Matiere_Droit_de_la_communication
Parcours_Electronique_Systemes_Informatiques_et_Intelligence_Artificielle,prepareA,Metier_Ingenieur_en_telecommunications
Etudiant_P01437,prefere,Matiere_Philosophie
Competence_Gestion_de_projet_Analyse_financiere,estRequisePour,Metier_Chef_de_projet
Etudiant_P01331,prefere,Matiere_EPS
Parcours_Informatique_Statistique_Appliquee_et_Intelligence_Artificielle,enseigne,Matiere_Codage
Etudiant_P01233,aSerieBac,Prerequis_Baccalaureat_serie_C
Etudiant_P00697,prefere,Matiere_Mathematiques
Etudiant_P01509,aSerieBac,Prerequis_Baccalaureat_serie_D
Etudiant_P00502,estOrienteVers,Parcours_Informatique_Statistique_Appliquee_et_Intelligence_Artificielle
Parcours_Informatique_Multimedia_Technologie_de_l_Information_et_de_la_Communication_et_I,prepareA,Metier_Developpeur_multimedia_Webmaster
Etudiant_P01035,aCentreInteret,Interet_Economie
Parcours_Industries_Agroalimentaires,enseigne,Matiere_Additifs_alimentaires
Etudiant_P01233,prefere,Matiere_Histoire_Geo
Parcours_Informatique_Multimedia_Technologie_de_l_Information_et_de_la_Communication_et_I,developpe,Competence_Developpement_d_applications_web_et_mobile_multimedia
Etudiant_P01509,prefere,Matiere_Histoire_Geo
Parcours_Economie_et_Management_de_Projet,enseigne,Matiere_Informatique
Etudiant_P00408,prefere,Matiere_Economie
Parcours_Genie_Civil_et_Architecture,developpe,Competence_Ingenierie_des_infrastructures_routieres_hydrauliques_et_portuaires
Parcours_Industries_Agroalimentaires,enseigne,Matiere_Bacteriologie
Etudiant_P01331,prefere,Matiere_Physique_Chimie
Parcours_Finances_et_Comptabilite,enseigne,Matiere_Economie_internationale
Etudiant_P00452,estOrienteVers,Parcours_Commerce_et_Administration_des_Affaires
Parcours_Pharmacologie_et_Industries_Pharmaceutiques,enseigne,Matiere_Pharmacologie_generale
Etudiant_P01207,prefere,Matiere_Economie
Etudiant_P00062,prefere,Matiere_Histoire_Geo
Parcours_Droit_et_Techniques_Juridiques_des_Affaires,enseigne,Matiere_Contrat_d_entreprise
Etudiant_P01233,possede,Competence_rigueur
Parcours_Genie_Civil_et_Architecture,enseigne,Matiere_Technique_des_batiments
Etudiant_P00408,prefere,Matiere_EPS
Parcours_Industries_Agroalimentaires,necessite,Prerequis_Baccalaureat_serie_S
Parcours_Industries_Agroalimentaires,prepareA,Metier_Expert_en_securite_alimentaire_Consultant_qualite
Parcours_Economie_et_Management_de_Projet,enseigne,Matiere_Gestion_d_entreprise
Parcours_Agriculture_et_Elevage,enseigne,Matiere_Physiologie_Animale
Parcours_Industries_Chimiques_Minieres_et_Petrolieres,enseigne,Matiere_Geodynamique_Miniere
Parcours_Agriculture_et_Elevage,enseigne,Matiere_Immunologie
Etudiant_P01331,prefere,Matiere_Anglais
Etudiant_P01207,prefere,Matiere_EPS
Parcours_Droit_et_Techniques_Juridiques_des_Affaires,developpe,Competence_Veille_reglementaire_et_securisation_contractuelle_des_affaires
Parcours_Finances_et_Comptabilite,prepareA,Metier_Directeur_Administratif_et_Financier_DAF
Etudiant_P00229,aCentreInteret,Interet_Reseaux_sociaux
Parcours_Agriculture_et_Elevage,enseigne,Matiere_Hydrobiologie
Etudiant_P00448,prefere,Matiere_Francais
Parcours_Informatique_Statistique_Appliquee_et_Intelligence_Artificielle,prepareA,Metier_Analyste_Big_Data_Data_Architect
Etudiant_P01035,estOrienteVers,Parcours_Economie_et_Management_de_Projet
Etudiant_P00192,aCentreInteret,Interet_Cultures_du_monde
Parcours_Tourisme_Environnement_et_Hotellerie,prepareA,Metier_Responsable_ecotourisme_Consultant_en_developpement_durable
Competence_HSE_Risques_industriels,estRequisePour,Metier_Responsable_Securite_et_Environnement
Parcours_Tourisme_Environnement_et_Hotellerie,enseigne,Matiere_Eco_marine
Competence_Transformation_agroalimentaire,estRequisePour,Metier_Ingenieur_de_production
Parcours_Economie_et_Management_de_Projet,enseigne,Matiere_Mathematique_financiere
Parcours_Informatique_Multimedia_Technologie_de_l_Information_et_de_la_Communication_et_I,enseigne,Matiere_Pascal
Parcours_Informatique_Statistique_Appliquee_et_Intelligence_Artificielle,enseigne,Matiere_Algorithme
Parcours_Genie_Civil_et_Architecture,developpe,Competence_Conception_architecturale_et_dessin_technique_assiste_AutoCAD_ArchiCAD
Parcours_Economie_et_Management_de_Projet,enseigne,Matiere_Economie_de_l_environnement
Parcours_Finances_et_Comptabilite,enseigne,Matiere_Economie_rurale
Etudiant_P00448,prefere,Matiere_Anglais
Etudiant_P01233,prefere,Matiere_Malgache
Etudiant_P01331,possede,Competence_esprit_d_equipe
Etudiant_P00448,aCentreInteret,Interet_Actualite_et_politique
Etudiant_P00229,aSerieBac,Prerequis_Baccalaureat_serie_C
Parcours_Informatique_Multimedia_Technologie_de_l_Information_et_de_la_Communication_et_I,enseigne,Matiere_Gestion_de_Projet
Parcours_Informatique_Multimedia_Technologie_de_l_Information_et_de_la_Communication_et_I,enseigne,Matiere_SGBDR
Etudiant_P01509,prefere,Matiere_Malgache
Etudiant_P01467,prefere,Matiere_SVT
Etudiant_P01555,prefere,Matiere_Informatique
Etudiant_P01430,aCentreInteret,Interet_Robotique
Etudiant_P01517,prefere,Matiere_SVT
Etudiant_P01310,aCentreInteret,Interet_Reseaux_sociaux_et_numerique
Parcours_Agriculture_et_Elevage,enseigne,Matiere_Genetique
Parcours_Agriculture_et_Elevage,enseigne,Matiere_Crevetticulture
Parcours_Commerce_et_Administration_des_Affaires,developpe,Competence_Elaboration_et_mise_en_uvre_de_strategies_marketing_et_commerciales
Parcours_Electronique_Systemes_Informatiques_et_Intelligence_Artificielle,enseigne,Matiere_Systemes_Multi_Agents
Parcours_Agriculture_et_Elevage,necessite,Prerequis_Baccalaureat_serie_A2
