profil_id,age,sexe,region,voie_bac,serie_bac,domaine_technique_bac,moyenne_generale,note_mathematiques,note_physique_chimie,note_svt,note_francais,note_malgache,note_anglais,note_histoire_geo,note_philosophie,note_economie,note_informatique,note_arts,note_eps,matieres_preferees,competences_declarees,centres_interet,activites_projets,preferences_professionnelles,environnement_travail_recherche,mention_recommandee,parcours_recommande,parcours_recommande_nom,profil_ambigu,parcours_alternatif_plausible
P00001,17,F,Fitovinany,Professionnel et technique,CCBTP,Génie civil / BTP,12.23,13.6,12.0,10.2,13.8,11.9,15.0,12.7,10.6,14.9,11.6,9.8,10.7,Anglais; Economie; Francais; Mathematiques,curiosité; persévérance; autonomie; gestion d'entreprise,Économie; Débat et droit; Bénévolat associatif,gère les comptes d'une association d'élèves,Analyste de marché; Gestionnaire administratif et financier,Bureau/Numérique,Droit et Techniques des Affaires,CAA,Commerce et Administration des Affaires,True,EMP
P00002,18,F,Ihorombe,Professionnel et technique,TMA,Industriel,13.28,15.4,10.2,11.4,15.7,13.0,13.8,11.2,14.3,15.9,10.4,14.5,13.5,Arts; Economie; Francais; Mathematiques,rigueur; analyse financière et gestion budgétaire; négociation et vente internationale; créativité; gestion d'entreprise,Gestion,a participé à un club de débat ou un simulacre de procès au lycée; gère les comptes d'une association d'élèves; a occupé un petit job ou une activité rémunérée pendant les vacances,Gestionnaire administratif et financier; Responsable commercial; avoir un poste à responsabilités,Contact clientèle/Relationnel,Droit et Techniques des Affaires,CAA,Commerce et Administration des Affaires,False,
P00003,17,F,Vatovavy,Professionnel et technique,TMA,Industriel,7.71,13.0,8.2,8.4,7.2,4.1,7.6,8.8,6.2,9.2,5.5,8.4,5.9,Arts; Economie; Histoire_Geo; Mathematiques; SVT,esprit d'analyse; gestion financière prévisionnelle; esprit d'équipe; pilotage et planification de projets; analyse économique et économétrie; rigueur,Gestion; Entrepreneuriat; Musique,gère les comptes d'une association d'élèves; pratique un sport en club depuis plusieurs années,Consultant en management; Analyste économique; avoir un poste à responsabilités,Bureau/Numérique,Droit et Techniques des Affaires,EMP,Économie et Management de Projet,False,
P00004,20,M,Ihorombe,Professionnel et technique,DAMB,Industriel,11.78,12.0,9.3,13.0,13.0,10.7,11.4,12.9,10.7,12.2,13.6,11.7,10.8,Economie; Francais; Histoire_Geo; Informatique; SVT,aisance relationnelle; développement full-stack; rigueur,Technologie; Sport,a suivi un tutoriel en ligne de programmation et créé un petit site web personnel,Ingénieur en génie logiciel; Chef de projet informatique; contribuer au développement de Madagascar,Bureau/Numérique,Informatique et Télécommunications,IGGLIA,"Informatique de Gestion, Génie Logiciel et Intelligence Artificielle",False,
P00005,18,F,Atsimo-Andrefana,Général,C,,10.82,9.7,8.7,14.4,12.0,11.4,9.2,13.4,10.5,10.8,8.9,8.4,12.4,EPS; Francais; Histoire_Geo; Malgache; SVT,zootechnie et pisciculture; créativité; autonomie; développement rural; esprit d'équipe,Agriculture; Bénévolat associatif,aide régulièrement dans l'exploitation agricole familiale; s'occupe d'un petit élevage ou d'un jardin potager,Expert en agri-business; contribuer au développement de Madagascar,Terrain/Extérieur,Biotechnologie et Agronomie,AEE,Agriculture et Élevage,False,
P00006,18,F,Melaky,Professionnel et technique,TMEL,Industriel,12.92,11.9,10.4,13.2,12.5,12.7,15.8,14.8,13.2,12.7,12.2,12.5,13.1,Anglais; Histoire_Geo; SVT,sens de l'observation; autonomie; curiosité; connaissance du patrimoine environnemental et culturel malgache; créativité,Hôtellerie; Langues étrangères,a effectué un stage d'observation dans un hôtel ou une agence de voyage; participe à des activités associatives ou de bénévolat,Chargé de valorisation touristique et environnementale,Contact clientèle/Relationnel,Tourisme,TEE,Tourisme et Environnement,False,
P00007,19,F,Androy,Professionnel et technique,TMA,Industriel,14.52,17.6,13.7,13.5,13.2,14.0,13.6,14.7,11.8,14.2,16.1,17.6,14.2,Arts; EPS; Histoire_Geo; Informatique,"sens de l'organisation; développement full-stack; administration de bases de données; créativité; aisance relationnelle; programmation multi-langages (Java, C#, PHP, JavaScript); persévérance",Programmation,a suivi un tutoriel en ligne de programmation et créé un petit site web personnel; pratique un sport en club depuis plusieurs années,Architecte logiciel; Consultant en systèmes d'information et IA,Mixte/Itinérant,Informatique et Télécommunications,IGGLIA,"Informatique de Gestion, Génie Logiciel et Intelligence Artificielle",False,
P00008,18,F,Bongolava,Général,D,,9.0,11.6,7.0,6.5,8.4,8.5,8.8,10.1,10.1,11.4,7.6,11.3,6.7,Arts; Economie; Histoire_Geo; Mathematiques; Philosophie,calcul de structures (RDM); esprit d'analyse; géotechnique; persévérance,Urbanisme; Dessin et design,aime dessiner des plans de maisons ou des croquis d'aménagement; a occupé un petit job ou une activité rémunérée pendant les vacances,Urbaniste,Chantier/BTP,Génie Civil et Architecture,GCA,Génie Civil et Architecture,True,
P00009,19,F,Sava,Général,D,,11.08,16.8,10.3,10.6,10.8,11.5,12.9,7.3,9.9,14.4,8.9,12.8,6.8,Anglais; Economie; Mathematiques,machine learning et deep learning; créativité; analyse statistique et probabilités appliquées; sens de l'observation; persévérance; business intelligence,Programmation; Technologie,a monté et dépanné des ordinateurs pour son entourage; a créé un compte de jeu vidéo compétitif et anime une petite communauté en ligne,Analyste Big Data; Ingénieur Machine Learning,Bureau/Numérique,Informatique et Télécommunications,ISAIA,"Informatique, Statistique Appliquée et Intelligence Artificielle",False,
P00010,20,M,Vatovavy,Professionnel et technique,TAMB,Industriel,9.65,7.3,12.1,9.0,7.5,9.5,9.6,10.4,10.4,10.1,12.0,8.5,9.4,Histoire_Geo; Informatique; Physique_Chimie,persévérance; aisance relationnelle; exploitation minière et géologie; autonomie; analyses de laboratoire; génie des procédés chimiques; curiosité,Mécanique; Bénévolat associatif,aide régulièrement à l'entretien de véhicules en famille; a occupé un petit job ou une activité rémunérée pendant les vacances,Responsable HSE,Atelier/Industriel,Génie Industriel,ICMP,"Industries Chimiques, Minières et Pétrolières",False,
P00011,20,M,Menabe,Professionnel et technique,EN,Industriel,14.47,13.8,18.4,13.1,14.9,12.0,12.3,14.6,14.8,13.8,18.3,15.4,12.3,Arts; Francais; Informatique; Physique_Chimie,"traitement du signal et automatique; administration de réseaux (GSM, TCP/IP); sens de l'organisation; robotique et domotique; sens de l'observation",Robotique; Lecture,a suivi un tutoriel en ligne de programmation et créé un petit site web personnel; a créé un compte de jeu vidéo compétitif et anime une petite communauté en ligne; participe à des activités associatives ou de bénévolat,Spécialiste en robotique et domotique; contribuer au développement de Madagascar,Bureau/Numérique,Informatique et Télécommunications,ESIIA,"Électronique, Systèmes Informatiques et Intelligence Artificielle",False,
P00012,20,F,Itasy,Professionnel et technique,TOM,Industriel,10.82,11.7,9.7,11.5,7.4,14.1,11.4,9.5,10.2,12.2,10.6,8.6,13.0,EPS; Economie; Malgache,curiosité; esprit d'analyse; esprit d'équipe; maintenance industrielle pluridisciplinaire; électronique de puissance,Industrie; Bénévolat associatif,a démonté et réparé des appareils électroménagers ou mécaniques par curiosité; participe à des activités associatives ou de bénévolat,Ingénieur en automatisation et robotique industrielle; contribuer au développement de Madagascar,Atelier/Industriel,Génie Industriel,EMII,Électromécanique et Informatique Industrielle,False,
P00013,17,F,Ihorombe,Professionnel et technique,TAG,Agricole,11.46,14.0,5.6,10.3,10.6,13.6,12.3,10.7,11.9,12.2,11.9,12.1,12.3,Anglais; EPS; Economie; Malgache; Mathematiques,rigueur; gestion financière prévisionnelle; esprit d'analyse; autonomie; analyse économique et économétrie; sens de l'observation,Entrepreneuriat; Économie; Musique,gère les comptes d'une association d'élèves,Planificateur stratégique,Contact clientèle/Relationnel,Droit et Techniques des Affaires,EMP,Économie et Management de Projet,False,
P00014,20,M,Haute Matsiatra,Professionnel et technique,TAG,Agricole,12.12,12.2,12.2,10.8,13.2,11.0,12.9,13.6,11.3,12.9,13.1,10.2,12.1,Anglais; Economie; Francais; Histoire_Geo; Informatique,esprit d'équipe; développement rural; productions végétales et animales; créativité; persévérance,Santé; Agriculture; Lecture,a réalisé un exposé scolaire sur la santé ou la biologie; aide régulièrement dans l'exploitation agricole familiale,Responsable de production animale; Ingénieur Agronome,Laboratoire/Recherche,Biotechnologie et Agronomie,AEE,Agriculture et Élevage,False,
P00015,19,M,Atsinanana,Professionnel et technique,EN,Industriel,11.9,12.4,11.6,10.3,11.8,11.0,12.1,13.9,11.0,13.5,13.8,12.0,9.4,Economie; Histoire_Geo; Informatique; Mathematiques,aisance relationnelle; notions d'intelligence artificielle; autonomie,Jeux vidéo,a monté et dépanné des ordinateurs pour son entourage; a suivi un tutoriel en ligne de programmation et créé un petit site web personnel,Architecte logiciel; Développeur Full-Stack (Web & Mobile); avoir un métier stable,Mixte/Itinérant,Informatique et Télécommunications,IGGLIA,"Informatique de Gestion, Génie Logiciel et Intelligence Artificielle",False,
P00016,17,F,Diana,Professionnel et technique,TAG,Agricole,13.58,10.8,12.2,19.1,15.1,10.0,13.2,13.5,12.2,13.1,13.3,16.4,14.1,Arts; EPS; Francais; SVT,agroécologie et agriculture biologique; créativité; autonomie,Environnement; Bénévolat associatif,s'occupe d'un petit élevage ou d'un jardin potager; aide régulièrement dans l'exploitation agricole familiale,Responsable de production animale,Laboratoire/Recherche,Biotechnologie et Agronomie,AEE,Agriculture et Élevage,False,
P00017,18,M,Analanjirofo,Professionnel et technique,CG,Tertiaire,11.55,10.1,11.1,11.4,14.5,11.9,12.8,12.2,11.1,13.2,10.4,10.3,9.6,Anglais; Francais; Histoire_Geo; Malgache,management hôtelier et restauration; esprit d'analyse; sens de l'observation,Voyage; Gastronomie,a effectué un stage d'observation dans un hôtel ou une agence de voyage; aime cuisiner et découvrir des plats d'autres cultures,Directeur d'établissement hôtelier; Chef de produit touristique; contribuer au développement de Madagascar,Mixte/Itinérant,Tourisme,TEH,"Tourisme, Environnement et Hôtellerie",False,
P00018,20,M,Analamanga,Général,S,,6.76,10.1,6.6,4.0,5.6,9.5,7.3,7.3,7.7,7.4,5.6,5.4,4.6,Economie; Malgache; Mathematiques; Philosophie,gestion de production industrielle; aisance relationnelle; maintenance industrielle pluridisciplinaire; curiosité,Industrie; Lecture,a démonté et réparé des appareils électroménagers ou mécaniques par curiosité; a participé à un club de robotique ou de modélisme,Ingénieur en bureau d'études mécanique,Atelier/Industriel,Génie Industriel,EMII,Électromécanique et Informatique Industrielle,False,
P00019,20,F,Atsimo-Atsinanana,Professionnel et technique,CCBTP,Génie civil / BTP,11.99,12.5,14.7,10.6,8.3,10.6,9.5,12.5,14.5,14.4,10.8,12.9,12.6,Economie; Philosophie; Physique_Chimie,calcul de structures (RDM); sens de l'organisation; sens de l'observation; persévérance,Urbanisme; Bénévolat associatif,a visité un chantier de construction dans le cadre d'un stage d'observation,Ingénieur en Bureau d'Études; contribuer au développement de Madagascar,Chantier/BTP,Génie Civil et Architecture,GCA,Génie Civil et Architecture,True,
P00020,18,M,Atsimo-Atsinanana,Général,S,,13.27,13.4,14.9,8.9,12.7,13.8,16.7,14.3,13.3,11.8,13.0,12.4,14.0,Anglais; EPS; Histoire_Geo; Physique_Chimie,rigueur; connaissance du patrimoine environnemental et culturel malgache; aisance relationnelle; esprit d'analyse; sensibilisation au tourisme durable,Cultures du monde; Musique,aime cuisiner et découvrir des plats d'autres cultures,Chargé de valorisation touristique et environnementale; Professionnel du secteur du tourisme,Mixte/Itinérant,Tourisme,TEE,Tourisme et Environnement,False,
P00021,18,M,Alaotra-Mangoro,Professionnel et technique,TAMB,Industriel,10.66,12.4,10.4,7.2,13.8,12.3,7.9,9.7,15.7,10.2,9.6,10.5,8.2,Francais; Mathematiques; Philosophie,gestion des litiges commerciaux; esprit d'analyse; curiosité; aisance relationnelle,Entrepreneuriat; Réseaux sociaux,a participé à un club de débat ou un simulacre de procès au lycée; s'intéresse à l'actualité économique et suit des chaînes d'information,Responsable des ressources humaines (volet juridique),Contact clientèle/Relationnel,Droit et Techniques des Affaires,DTJA,Droit et Techniques Juridiques des Affaires,False,
P00022,17,F,Diana,Technologique,TGC,Génie civil,9.55,10.3,11.7,7.9,8.3,12.7,7.0,7.3,12.1,7.9,6.9,8.6,13.9,EPS; Malgache; Mathematiques; Philosophie; Physique_Chimie,curiosité; rigueur; conception architecturale (AutoCAD/ArchiCAD); sens de l'observation; gestion de chantier; sens de l'organisation,Architecture; Dessin et design; Lecture,a visité un chantier de construction dans le cadre d'un stage d'observation; a occupé un petit job ou une activité rémunérée pendant les vacances,Conducteur de travaux,Chantier/BTP,Génie Civil et Architecture,GCA,Génie Civil et Architecture,False,
P00023,17,M,Analamanga,Général,S,,10.09,13.0,10.9,11.3,6.7,9.6,7.3,9.9,11.1,9.6,11.3,9.0,11.4,EPS; Mathematiques; SVT,curiosité; rigueur; aisance relationnelle; gestion de laboratoire d'analyses médicales; autonomie,Environnement; Animaux,a participé à un club de sciences naturelles ou d'écologie; a réalisé un exposé scolaire sur la santé ou la biologie; pratique un sport en club depuis plusieurs années,Responsable contrôle qualité; Chercheur en phyto-médicaments,Terrain/Extérieur,Biotechnologie et Agronomie,PIP,Pharmacologie et Industries Pharmaceutiques,False,
P00024,18,M,Vakinankaratra,Professionnel et technique,TPFM,Industriel,8.53,10.7,8.8,9.6,8.0,7.7,8.4,9.0,7.9,10.3,9.0,8.2,4.8,Economie; Mathematiques; SVT,créativité; sens de l'organisation; aisance relationnelle; esprit d'équipe; gestion de trésorerie; comptabilité générale et analytique; audit financier,Débat et droit; Sport,a organisé une petite activité commerciale ou un projet associatif; gère les comptes d'une association d'élèves; a occupé un petit job ou une activité rémunérée pendant les vacances,Chef Comptable,Bureau/Numérique,Droit et Techniques des Affaires,FIC,Finances et Comptabilité,False,
P00025,18,F,Bongolava,Général,A1,,13.6,11.1,10.4,11.3,15.0,16.3,16.2,12.8,12.0,17.0,14.6,13.6,12.9,Anglais; Economie; Malgache,rigueur; curiosité; esprit d'analyse; conception de produits touristiques,Gastronomie; Langues étrangères; Sport,pratique l'anglais ou une autre langue étrangère en autodidacte; a effectué un stage d'observation dans un hôtel ou une agence de voyage; a occupé un petit job ou une activité rémunérée pendant les vacances,Organisateur d'événements (MICE); Directeur d'établissement hôtelier; contribuer au développement de Madagascar,Mixte/Itinérant,Tourisme,TEH,"Tourisme, Environnement et Hôtellerie",False,
P00026,17,F,Vakinankaratra,Technologique,TGC,Génie civil,11.2,10.6,14.7,10.2,11.3,12.1,12.1,8.5,9.4,9.1,12.0,12.1,12.3,Anglais; Arts; EPS; Malgache; Physique_Chimie,géotechnique; calcul de structures (RDM); ingénierie des infrastructures routières et hydrauliques; aisance relationnelle; curiosité,Urbanisme; Architecture,a réalisé des maquettes ou des plans de construction pour un projet scolaire; aime dessiner des plans de maisons ou des croquis d'aménagement; pratique un sport en club depuis plusieurs années,Urbaniste; travailler à l'international,Chantier/BTP,Génie Civil et Architecture,GCA,Génie Civil et Architecture,True,
P00027,19,M,Analanjirofo,Général,C,,10.72,11.7,9.7,16.8,11.0,8.0,10.3,9.1,9.9,11.2,10.1,10.5,10.4,Economie; Francais; Mathematiques; SVT,rigueur; productions végétales et animales; agroécologie et agriculture biologique; esprit d'analyse; sens de l'observation; esprit d'équipe,Agriculture; Bénévolat associatif,aide régulièrement dans l'exploitation agricole familiale,Ingénieur Agronome,Laboratoire/Recherche,Biotechnologie et Agronomie,AEE,Agriculture et Élevage,False,
P00028,19,F,Melaky,Professionnel et technique,TPFM,Industriel,11.12,11.8,14.5,14.2,9.6,11.0,9.7,10.3,9.8,11.7,11.1,8.5,11.3,Mathematiques; Physique_Chimie; SVT,rigueur; raffinage et pétrochimie; esprit d'équipe; sens de l'observation; persévérance,Bricolage; Musique,a effectué un stage d'observation dans un atelier ou une usine; pratique un sport en club depuis plusieurs années,Responsable HSE,Atelier/Industriel,Génie Industriel,ICMP,"Industries Chimiques, Minières et Pétrolières",False,
P00029,18,M,Fitovinany,Professionnel et technique,EN,Industriel,9.24,9.9,11.8,9.9,8.6,7.1,8.1,8.9,8.1,10.2,10.0,9.9,8.4,Economie; Francais; Informatique; Mathematiques,sens de l'observation; curiosité; robotique et domotique; aisance relationnelle; traitement du signal et automatique; autonomie,Réseaux sociaux et numérique; Lecture,a participé à un club informatique ou de robotique au lycée; a suivi un tutoriel en ligne de programmation et créé un petit site web personnel; participe à des activités associatives ou de bénévolat,Spécialiste en maintenance de systèmes informatisés,Mixte/Itinérant,Informatique et Télécommunications,ESIIA,"Électronique, Systèmes Informatiques et Intelligence Artificielle",False,
P00030,19,M,Sava,Professionnel et technique,TMA,Industriel,13.89,14.6,14.9,11.5,12.4,15.1,12.0,14.8,13.4,14.8,17.2,11.9,14.1,Informatique; Malgache; Physique_Chimie,sens de l'organisation; administration de bases de données; esprit d'équipe; rigueur,Réseaux sociaux et numérique; Bénévolat associatif,a suivi un tutoriel en ligne de programmation et créé un petit site web personnel; a participé à un club informatique ou de robotique au lycée,Développeur Full-Stack (Web & Mobile),Mixte/Itinérant,Informatique et Télécommunications,IGGLIA,"Informatique de Gestion, Génie Logiciel et Intelligence Artificielle",False,
P00031,19,F,Boeny,Général,C,,15.37,10.8,16.3,15.6,17.7,15.0,17.3,14.4,13.4,13.6,18.8,16.7,14.8,Anglais; Francais; Informatique,"conception logicielle (UML, Merise); esprit d'analyse; rigueur; persévérance; notions d'intelligence artificielle; aisance relationnelle",Réseaux sociaux et numérique,a monté et dépanné des ordinateurs pour son entourage,Webmaster; Spécialiste en communication digitale / Community Manager; contribuer au développement de Madagascar,Mixte/Itinérant,Informatique et Télécommunications,IMTICIA,"Informatique Multimédia, Technologie de l'Information et de la Communication et Intelligence Artificielle",True,IGGLIA
P00032,18,M,Androy,Professionnel et technique,EN,Industriel,9.22,11.3,16.1,7.4,8.6,8.9,9.0,8.9,7.9,8.9,6.7,8.8,8.2,Informatique; Mathematiques; Physique_Chimie,curiosité; électronique de puissance; aisance relationnelle,Automobile et aéronautique; Électronique,a participé à un club de robotique ou de modélisme; a effectué un stage d'observation dans un atelier ou une usine; participe à des activités associatives ou de bénévolat,Responsable de production en usine,Terrain/Extérieur,Génie Industriel,EMII,Électromécanique et Informatique Industrielle,False,
P00033,18,M,Ihorombe,Professionnel et technique,ACTC,Tertiaire,11.24,10.9,12.4,9.1,12.0,9.9,12.7,13.8,11.0,8.3,12.0,12.4,10.4,Anglais; Francais; Histoire_Geo; Physique_Chimie,gestion environnementale de sites touristiques; rigueur; curiosité; persévérance,Gastronomie,pratique l'anglais ou une autre langue étrangère en autodidacte; a organisé un voyage ou un événement pour son groupe d'amis; pratique un sport en club depuis plusieurs années,Manager d'agence de voyage; Gestionnaire de sites protégés; contribuer au développement de Madagascar,Mixte/Itinérant,Tourisme,TEH,"Tourisme, Environnement et Hôtellerie",False,
P00034,20,F,Analanjirofo,Professionnel et technique,TOM,Industriel,10.77,10.7,8.0,11.2,10.3,12.3,13.1,9.0,9.2,14.4,9.1,11.0,10.9,Anglais; Economie; Malgache; SVT,curiosité; esprit d'analyse; audit financier; sens de l'observation; rigueur,Économie; Lecture,a organisé une petite activité commerciale ou un projet associatif; participe à des activités associatives ou de bénévolat,Contrôleur de gestion,Contact clientèle/Relationnel,Droit et Techniques des Affaires,FIC,Finances et Comptabilité,False,
P00035,17,M,Amoron'i Mania,Général,L,,11.18,13.9,13.2,12.9,11.7,10.9,10.8,12.8,9.9,9.5,10.0,7.8,10.7,Histoire_Geo; Mathematiques; SVT,sens de l'observation; sens de l'organisation; esprit d'équipe; management stratégique; gestion financière prévisionnelle,Actualité et politique; Lecture,s'intéresse à l'actualité économique et suit des chaînes d'information; gère les comptes d'une association d'élèves; participe à des activités associatives ou de bénévolat,Analyste économique; Responsable suivi-évaluation de projets,Contact clientèle/Relationnel,Droit et Techniques des Affaires,EMP,Économie et Management de Projet,False,
P00036,20,F,Bongolava,Professionnel et technique,DAMB,Industriel,12.08,11.6,11.1,9.4,12.0,11.4,14.3,15.6,12.7,11.0,13.6,9.6,12.7,Anglais; EPS; Histoire_Geo; Informatique; Philosophie,rigueur; curiosité; connaissance du patrimoine environnemental et culturel malgache; aisance relationnelle; esprit d'analyse; sensibilisation au tourisme durable,Cultures du monde,a effectué un stage d'observation dans un hôtel ou une agence de voyage; pratique l'anglais ou une autre langue étrangère en autodidacte,Professionnel du secteur du tourisme,Mixte/Itinérant,Tourisme,TEE,Tourisme et Environnement,False,
P00037,18,F,Androy,Professionnel et technique,TAMB,Industriel,10.19,11.2,11.8,10.6,11.4,11.1,8.0,9.5,8.4,9.1,9.4,11.1,10.7,Francais; Mathematiques; Physique_Chimie,sens de l'observation; hygiène sécurité environnement (HSE); aisance relationnelle; autonomie; génie des procédés chimiques; raffinage et pétrochimie,Bricolage,aide régulièrement à l'entretien de véhicules en famille; a occupé un petit job ou une activité rémunérée pendant les vacances,Responsable HSE; Ingénieur pétrolier,Atelier/Industriel,Génie Industriel,ICMP,"Industries Chimiques, Minières et Pétrolières",False,
P00038,18,F,Haute Matsiatra,Professionnel et technique,TFFI,Industriel,12.18,12.9,12.7,9.8,12.5,12.4,12.4,13.0,12.2,10.7,15.4,12.4,9.8,Francais; Histoire_Geo; Informatique; Mathematiques; Physique_Chimie,"conception logicielle (UML, Merise); autonomie; persévérance; esprit d'analyse; sens de l'observation",Robotique; Réseaux sociaux,a participé à un club informatique ou de robotique au lycée; a monté et dépanné des ordinateurs pour son entourage; a occupé un petit job ou une activité rémunérée pendant les vacances,Chef de projet informatique,Mixte/Itinérant,Informatique et Télécommunications,IGGLIA,"Informatique de Gestion, Génie Logiciel et Intelligence Artificielle",False,
P00039,18,M,Betsiboka,Professionnel et technique,TMEL,Industriel,7.92,7.0,8.5,8.1,8.8,7.5,9.6,8.0,6.2,9.1,6.0,9.1,7.1,Arts; Economie; Francais; SVT,gestion environnementale de sites touristiques; sensibilisation au tourisme durable; aisance relationnelle; esprit d'analyse; créativité,Cultures du monde; Langues étrangères; Sport,pratique l'anglais ou une autre langue étrangère en autodidacte; aime cuisiner et découvrir des plats d'autres cultures; participe à des activités associatives ou de bénévolat,Manager d'agence de voyage; travailler à l'international,Mixte/Itinérant,Tourisme,TEH,"Tourisme, Environnement et Hôtellerie",True,TEE
P00040,18,F,Sava,Professionnel et technique,TAMB,Industriel,17.75,18.6,14.8,18.5,18.4,18.7,17.2,20,19.3,17.6,15.1,17.6,17.2,Histoire_Geo; Mathematiques; Philosophie,droit foncier et minier; curiosité; rédaction d'actes juridiques; esprit d'analyse; droit des contrats et des sociétés,Débat et droit; Réseaux sociaux,gère les comptes d'une association d'élèves,Expert en contentieux d'affaires,Contact clientèle/Relationnel,Droit et Techniques des Affaires,DTJA,Droit et Techniques Juridiques des Affaires,False,
P00041,18,M,Sofia,Général,L,,13.12,15.6,9.0,15.3,10.8,11.6,13.4,13.7,11.8,16.4,14.4,12.7,12.7,Economie; Informatique; Mathematiques,rigueur; fiscalité d'entreprise; esprit d'analyse; esprit d'équipe; gestion de trésorerie; sens de l'observation,Gestion; Réseaux sociaux,a organisé une petite activité commerciale ou un projet associatif,Trésorier d'entreprise,Contact clientèle/Relationnel,Droit et Techniques des Affaires,FIC,Finances et Comptabilité,False,
P00042,18,M,Vatovavy,Général,S,,9.64,9.9,9.0,10.5,9.4,10.6,11.1,7.0,10.6,11.9,7.8,9.2,8.7,Anglais; Economie; Malgache; Philosophie,"traitement du signal et automatique; persévérance; administration de réseaux (GSM, TCP/IP); sens de l'organisation; aisance relationnelle; esprit d'équipe",Réseaux sociaux et numérique; Robotique; Lecture,a participé à un club informatique ou de robotique au lycée; a monté et dépanné des ordinateurs pour son entourage,Ingénieur en télécommunications; Expert en systèmes embarqués et IoT,Mixte/Itinérant,Informatique et Télécommunications,ESIIA,"Électronique, Systèmes Informatiques et Intelligence Artificielle",False,
P00043,18,F,Sofia,Professionnel et technique,DAMB,Industriel,11.47,14.9,10.2,9.2,13.7,11.0,13.0,11.7,8.7,10.0,12.7,12.8,9.8,Anglais; Arts; Francais; Informatique; Mathematiques,rigueur; créativité; sens de l'organisation; persévérance; analyse statistique et probabilités appliquées,Jeux vidéo; Réseaux sociaux,a créé un compte de jeu vidéo compétitif et anime une petite communauté en ligne,Statisticien financier; Data Analyst,Bureau/Numérique,Informatique et Télécommunications,ISAIA,"Informatique, Statistique Appliquée et Intelligence Artificielle",True,IGGLIA
P00044,18,M,Amoron'i Mania,Professionnel et technique,TAMB,Industriel,15.62,17.7,19.1,11.7,13.5,17.1,12.8,15.5,16.8,15.6,18.1,15.6,14.0,Informatique; Mathematiques; Physique_Chimie,"automatismes (Grafcet, automates); maintenance industrielle pluridisciplinaire; esprit d'équipe; sens de l'organisation; persévérance; gestion de production industrielle",Électronique; Bénévolat associatif,a participé à un club de robotique ou de modélisme; a démonté et réparé des appareils électroménagers ou mécaniques par curiosité,Concepteur de systèmes IoT industriels; Ingénieur en électrotechnique; contribuer au développement de Madagascar,Atelier/Industriel,Génie Industriel,EMII,Électromécanique et Informatique Industrielle,False,
P00045,18,M,Vatovavy,Général,S,,13.45,14.6,14.6,17.8,12.9,15.1,13.8,12.3,12.6,12.4,11.3,10.7,13.3,Anglais; Malgache; Mathematiques; Physique_Chimie; SVT,formulation pharmaceutique; aisance relationnelle; transformation agroalimentaire; créativité; autonomie; sens de l'observation; phytochimie,Environnement; Animaux,aide régulièrement dans l'exploitation agricole familiale,Consultant qualité,Terrain/Extérieur,Biotechnologie et Agronomie,IAA,Industries Agroalimentaires,True,PIP
P00046,20,F,Melaky,Général,C,,12.05,13.4,9.0,12.4,13.7,13.4,14.4,9.8,12.7,11.5,10.2,13.2,10.9,Anglais; Francais; Malgache; Mathematiques,sens de l'observation; curiosité; conception assistée par ordinateur (AutoCAD); rigueur,Mécanique; Sport,a démonté et réparé des appareils électroménagers ou mécaniques par curiosité,Ingénieur en maintenance industrielle; Responsable de production en usine,Atelier/Industriel,Génie Industriel,EMII,Électromécanique et Informatique Industrielle,False,
P00047,18,F,Alaotra-Mangoro,Technologique,TTER,Tertiaire,6.17,11.2,3.7,8.0,7.2,5.2,5.1,4.0,3.9,9.4,5.4,6.8,4.2,Economie; Francais; Mathematiques; SVT,esprit d'équipe; gestion de trésorerie; créativité; fiscalité d'entreprise; audit financier,Économie,a organisé une petite activité commerciale ou un projet associatif; s'intéresse à l'actualité économique et suit des chaînes d'information; pratique un sport en club depuis plusieurs années,Contrôleur de gestion,Bureau/Numérique,Droit et Techniques des Affaires,FIC,Finances et Comptabilité,False,
P00048,18,M,Betsiboka,Général,S,,11.92,15.5,13.9,12.6,11.5,10.3,13.6,10.8,9.6,11.1,11.6,10.4,12.1,Anglais; Arts; Mathematiques; SVT,"administration de bases de données; programmation multi-langages (Java, C#, PHP, JavaScript); aisance relationnelle; gestion de projets informatiques; curiosité",Jeux vidéo; Robotique; Réseaux sociaux,a participé à un club informatique ou de robotique au lycée; a suivi un tutoriel en ligne de programmation et créé un petit site web personnel; a occupé un petit job ou une activité rémunérée pendant les vacances,Statisticien financier,Mixte/Itinérant,Informatique et Télécommunications,ISAIA,"Informatique, Statistique Appliquée et Intelligence Artificielle",True,IGGLIA
P00049,18,M,Atsimo-Andrefana,Professionnel et technique,CCBTP,Génie civil / BTP,11.04,14.1,13.0,10.9,9.0,10.8,7.6,9.7,11.7,10.8,10.0,12.1,12.8,Arts; EPS; Mathematiques; Physique_Chimie,autonomie; esprit d'équipe; calcul de structures (RDM),Architecture; Dessin et design; Lecture,aime dessiner des plans de maisons ou des croquis d'aménagement; a visité un chantier de construction dans le cadre d'un stage d'observation; participe à des activités associatives ou de bénévolat,Urbaniste; Ingénieur en Bureau d'Études,Bureau d'études,Génie Civil et Architecture,GCA,Génie Civil et Architecture,False,
P00050,20,M,Atsinanana,Général,D,,13.8,13.0,16.2,16.1,12.7,13.8,14.0,14.9,12.3,12.3,13.5,12.4,14.4,EPS; Histoire_Geo; Physique_Chimie; SVT,persévérance; sens de l'organisation; transformation agroalimentaire; sécurité alimentaire; normes HACCP et microbiologie; aisance relationnelle; esprit d'analyse,Nature,aide régulièrement dans l'exploitation agricole familiale; a réalisé un exposé scolaire sur la santé ou la biologie; a occupé un petit job ou une activité rémunérée pendant les vacances,Ingénieur de production en industrie agroalimentaire; contribuer au développement de Madagascar,Terrain/Extérieur,Biotechnologie et Agronomie,IAA,Industries Agroalimentaires,False,
P00051,18,F,Atsimo-Andrefana,Général,D,,14.58,15.9,16.8,14.2,13.8,14.2,13.7,12.2,13.6,15.7,17.5,12.5,14.9,EPS; Economie; Informatique; Mathematiques; Physique_Chimie,gestion de projets informatiques; administration de bases de données; aisance relationnelle; curiosité,Robotique,a suivi un tutoriel en ligne de programmation et créé un petit site web personnel; participe à des activités associatives ou de bénévolat,Chef de projet informatique; Administrateur de bases de données; avoir un métier stable,Mixte/Itinérant,Informatique et Télécommunications,IGGLIA,"Informatique de Gestion, Génie Logiciel et Intelligence Artificielle",False,
P00052,17,F,Boeny,Professionnel et technique,DAMB,Industriel,11.92,11.5,9.1,11.5,11.5,10.6,12.0,11.8,14.0,12.3,12.9,14.6,11.2,Arts; Informatique; Philosophie,design UI/UX; sens de l'observation; communication digitale et PAO; développement web et mobile multimédia; esprit d'analyse,Programmation; Jeux vidéo,a monté et dépanné des ordinateurs pour son entourage; participe à des activités associatives ou de bénévolat,Développeur multimédia; avoir un poste à responsabilités,Mixte/Itinérant,Informatique et Télécommunications,IMTICIA,"Informatique Multimédia, Technologie de l'Information et de la Communication et Intelligence Artificielle",False,
P00053,18,M,Boeny,Professionnel et technique,MEMA,Industriel,10.87,15.2,9.2,10.7,12.1,10.0,9.6,8.6,12.4,11.7,11.3,8.3,11.3,Economie; Francais; Malgache; Philosophie,raffinage et pétrochimie; esprit d'analyse; autonomie; analyses de laboratoire,Mécanique; Automobile et aéronautique; Réseaux sociaux,a effectué un stage d'observation dans un atelier ou une usine,Ingénieur en génie des procédés chimiques,Atelier/Industriel,Génie Industriel,ICMP,"Industries Chimiques, Minières et Pétrolières",False,
P00054,20,F,Ihorombe,Technologique,TGC,Génie civil,12.9,14.2,13.9,11.7,11.2,11.9,13.2,13.6,12.8,15.9,13.3,12.4,10.7,Histoire_Geo; Mathematiques; Physique_Chimie,analyse économique et économétrie; management stratégique; curiosité; esprit d'analyse; aisance relationnelle,Actualité et politique; Entrepreneuriat,gère les comptes d'une association d'élèves; s'intéresse à l'actualité économique et suit des chaînes d'information,Planificateur stratégique; Analyste économique; travailler à l'international,Contact clientèle/Relationnel,Droit et Techniques des Affaires,EMP,Économie et Management de Projet,False,
P00055,18,M,Vatovavy,Professionnel et technique,DAMB,Industriel,13.14,14.7,15.8,14.4,12.2,9.2,13.4,15.4,13.0,12.3,14.3,10.6,12.4,Histoire_Geo; Mathematiques; Physique_Chimie,hygiène sécurité environnement (HSE); sens de l'organisation; curiosité; sens de l'observation; esprit d'équipe; génie des procédés chimiques,Bricolage; Mécanique; Bénévolat associatif,aide régulièrement à l'entretien de véhicules en famille; a démonté et réparé des appareils électroménagers ou mécaniques par curiosité; participe à des activités associatives ou de bénévolat,Ingénieur de laboratoire d'analyses,Terrain/Extérieur,Génie Industriel,ICMP,"Industries Chimiques, Minières et Pétrolières",False,
P00056,19,M,Atsimo-Andrefana,Général,S,,11.16,9.5,14.2,13.0,9.6,10.3,10.8,11.8,11.5,11.3,10.4,11.3,10.2,Economie; Histoire_Geo; Philosophie; Physique_Chimie; SVT,esprit d'équipe; aisance relationnelle; phytochimie; autonomie; esprit d'analyse; formulation pharmaceutique,Agriculture; Réseaux sociaux,a réalisé un exposé scolaire sur la santé ou la biologie,Chercheur en phyto-médicaments; Délégué médical,Laboratoire/Recherche,Biotechnologie et Agronomie,PIP,Pharmacologie et Industries Pharmaceutiques,False,
P00057,20,M,Sofia,Professionnel et technique,CCBTP,Génie civil / BTP,9.95,9.8,9.3,9.7,10.2,9.5,10.5,7.8,11.1,10.8,11.2,9.8,9.7,Anglais; Economie; Informatique; Philosophie,analyse financière et gestion budgétaire; persévérance; négociation et vente internationale; stratégie marketing et commerciale; sens de l'observation; esprit d'analyse,Économie; Entrepreneuriat; Musique,a participé à un club de débat ou un simulacre de procès au lycée; gère les comptes d'une association d'élèves; a occupé un petit job ou une activité rémunérée pendant les vacances,Analyste de marché,Bureau/Numérique,Droit et Techniques des Affaires,CAA,Commerce et Administration des Affaires,False,
P00058,20,M,Vatovavy,Professionnel et technique,TAG,Agricole,14.45,15.3,15.1,18.1,14.5,14.6,16.1,11.3,11.4,15.1,13.0,14.0,14.9,Anglais; Mathematiques; Physique_Chimie; SVT,persévérance; sécurité alimentaire; rigueur; transformation agroalimentaire,Agriculture; Santé; Bénévolat associatif,a participé à un club de sciences naturelles ou d'écologie; a réalisé un exposé scolaire sur la santé ou la biologie; a occupé un petit job ou une activité rémunérée pendant les vacances,Consultant qualité; Ingénieur de production en industrie agroalimentaire,Terrain/Extérieur,Biotechnologie et Agronomie,IAA,Industries Agroalimentaires,False,
P00059,20,F,Sofia,Professionnel et technique,TEV,Agricole,13.44,10.9,11.4,18.6,11.8,13.5,13.8,11.6,15.7,13.0,13.3,15.8,11.9,Arts; Philosophie; SVT,productions végétales et animales; sens de l'organisation; sens de l'observation; aisance relationnelle; esprit d'équipe,Environnement; Santé,aide régulièrement dans l'exploitation agricole familiale,Ingénieur Agronome; Responsable de projet développement rural,Laboratoire/Recherche,Biotechnologie et Agronomie,AEE,Agriculture et Élevage,False,
P00060,19,M,Itasy,Professionnel et technique,CCBTP,Génie civil / BTP,10.49,13.7,8.3,9.7,9.0,9.5,10.0,10.1,11.4,12.5,8.2,12.0,11.5,Arts; EPS; Economie; Mathematiques,analyse économique et économétrie; autonomie; curiosité; management stratégique; sens de l'organisation; analyse financière et gestion budgétaire; aisance relationnelle,Gestion; Entrepreneuriat; Bénévolat associatif,a organisé une petite activité commerciale ou un projet associatif; s'intéresse à l'actualité économique et suit des chaînes d'information; participe à des activités associatives ou de bénévolat,Chef de projet,Bureau/Numérique,Droit et Techniques des Affaires,EMP,Économie et Management de Projet,True,CAA
P00061,18,M,Vakinankaratra,Professionnel et technique,PCBTP,Génie civil / BTP,14.12,17.6,16.9,14.0,14.3,15.3,12.1,14.6,12.4,13.8,13.1,13.9,11.4,Malgache; Mathematiques; Physique_Chimie,autonomie; esprit d'analyse; calcul de structures (RDM); créativité,Construction; Architecture,a réalisé des maquettes ou des plans de construction pour un projet scolaire; a visité un chantier de construction dans le cadre d'un stage d'observation; a occupé un petit job ou une activité rémunérée pendant les vacances,Ingénieur en Bureau d'Études; travailler à l'international,Chantier/BTP,Génie Civil et Architecture,GCA,Génie Civil et Architecture,True,
P00062,17,F,Androy,Technologique,TGI,Industriel,12.51,13.1,13.8,16.3,13.3,11.8,12.0,11.9,13.4,12.5,9.2,11.3,11.5,Philosophie; Physique_Chimie; SVT,sens de l'observation; créativité; esprit d'analyse; hygiène sécurité environnement (HSE); raffinage et pétrochimie,Électronique; Réseaux sociaux,aide régulièrement à l'entretien de véhicules en famille; pratique un sport en club depuis plusieurs années,Responsable HSE,Atelier/Industriel,Génie Industriel,ICMP,"Industries Chimiques, Minières et Pétrolières",False,
P00063,17,M,Melaky,Général,C,,17.58,17.7,20,20,18.6,15.8,15.8,19.0,17.6,13.6,17.4,17.1,18.4,Francais; Histoire_Geo; Physique_Chimie; SVT,biochimie et R&D; sécurité alimentaire; sens de l'organisation; normes HACCP et microbiologie; persévérance,Nature; Agriculture,a réalisé un exposé scolaire sur la santé ou la biologie; a occupé un petit job ou une activité rémunérée pendant les vacances,Chargé de R&D alimentaire,Terrain/Extérieur,Biotechnologie et Agronomie,IAA,Industries Agroalimentaires,False,
P00064,19,F,Bongolava,Professionnel et technique,TFFI,Industriel,12.55,12.8,11.8,11.8,13.8,12.0,13.2,14.2,12.4,12.3,12.3,11.8,12.2,Anglais; Francais; Histoire_Geo,sens de l'observation; autonomie; langues étrangères; management hôtelier et restauration; curiosité,Voyage; Gastronomie,a effectué un stage d'observation dans un hôtel ou une agence de voyage; pratique un sport en club depuis plusieurs années,Manager d'agence de voyage,Contact clientèle/Relationnel,Tourisme,TEH,"Tourisme, Environnement et Hôtellerie",False,
P00065,17,F,Anosy,Professionnel et technique,EN,Industriel,10.59,12.8,12.6,12.4,10.8,8.1,11.7,8.3,8.4,10.2,11.5,10.8,9.5,Mathematiques; Physique_Chimie; SVT,gestion de projets informatiques; sens de l'observation; esprit d'équipe,Réseaux sociaux et numérique; Lecture,a monté et dépanné des ordinateurs pour son entourage,Consultant en systèmes d'information et IA; Chef de projet informatique; travailler à l'international,Mixte/Itinérant,Informatique et Télécommunications,IGGLIA,"Informatique de Gestion, Génie Logiciel et Intelligence Artificielle",False,
P00066,19,F,Atsimo-Andrefana,Professionnel et technique,EN,Industriel,12.67,12.1,10.4,12.5,13.5,13.6,15.2,12.2,11.7,12.2,12.1,12.0,14.5,Anglais; EPS; Francais; Malgache; SVT,sens de l'observation; management hôtelier et restauration; autonomie; gestion environnementale de sites touristiques,Gastronomie; Voyage; Réseaux sociaux,aime cuisiner et découvrir des plats d'autres cultures; a occupé un petit job ou une activité rémunérée pendant les vacances,Organisateur d'événements (MICE),Contact clientèle/Relationnel,Tourisme,TEH,"Tourisme, Environnement et Hôtellerie",False,
P00067,18,M,Betsiboka,Professionnel et technique,TMF,Industriel,13.12,14.3,12.4,11.2,12.4,13.1,13.2,15.0,11.7,14.0,15.3,13.9,10.9,Economie; Histoire_Geo; Informatique; Mathematiques,rigueur; sens de l'observation; analyse statistique et probabilités appliquées,Technologie,a créé un compte de jeu vidéo compétitif et anime une petite communauté en ligne; a monté et dépanné des ordinateurs pour son entourage; participe à des activités associatives ou de bénévolat,Data Analyst; Data Scientist,Bureau/Numérique,Informatique et Télécommunications,ISAIA,"Informatique, Statistique Appliquée et Intelligence Artificielle",False,
P00068,17,F,Atsimo-Andrefana,Général,C,,13.18,15.0,14.5,13.3,13.2,13.1,11.8,13.4,14.3,11.5,9.6,14.6,13.9,Arts; EPS; Mathematiques; Philosophie; Physique_Chimie,rigueur; autonomie; esprit d'équipe; productions végétales et animales,Animaux; Nature; Bénévolat associatif,a réalisé un exposé scolaire sur la santé ou la biologie; pratique un sport en club depuis plusieurs années,Responsable de projet développement rural; Expert en agri-business,Laboratoire/Recherche,Biotechnologie et Agronomie,AEE,Agriculture et Élevage,False,
P00069,20,M,Sava,Professionnel et technique,TAG,Agricole,7.81,8.4,8.7,11.4,6.2,8.4,5.7,5.3,7.4,12.2,7.1,7.3,5.6,Economie; Malgache; Mathematiques; Physique_Chimie; SVT,créativité; rigueur; formulation pharmaceutique; phytochimie; persévérance,Agriculture; Musique,a participé à un club de sciences naturelles ou d'écologie; s'occupe d'un petit élevage ou d'un jardin potager,Ingénieur de laboratoire médical; Chercheur en phyto-médicaments; avoir un poste à responsabilités,Terrain/Extérieur,Biotechnologie et Agronomie,PIP,Pharmacologie et Industries Pharmaceutiques,False,
P00070,18,F,Melaky,Technologique,TGC,Génie civil,14.52,18.9,14.0,15.5,13.0,12.7,13.3,16.7,13.4,16.3,13.7,13.0,13.7,Economie; Mathematiques; SVT,rigueur; esprit d'analyse; audit financier; gestion de trésorerie,Actualité et politique,a organisé une petite activité commerciale ou un projet associatif; a participé à un club de débat ou un simulacre de procès au lycée; pratique un sport en club depuis plusieurs années,Contrôleur de gestion,Contact clientèle/Relationnel,Droit et Techniques des Affaires,FIC,Finances et Comptabilité,False,
P00071,18,F,Itasy,Professionnel et technique,TMF,Industriel,11.48,11.0,9.6,12.6,14.1,12.2,15.9,9.3,6.7,17.5,10.8,10.4,7.7,Anglais; Economie; Francais,autonomie; gestion d'entreprise; aisance relationnelle; esprit d'analyse,Entrepreneuriat; Gestion,gère les comptes d'une association d'élèves; a organisé une petite activité commerciale ou un projet associatif,Responsable export,Contact clientèle/Relationnel,Droit et Techniques des Affaires,CAA,Commerce et Administration des Affaires,True,EMP
P00072,17,M,Anosy,Général,D,,10.03,7.4,10.1,10.2,11.8,11.2,10.2,10.5,8.0,11.4,10.1,9.4,10.1,Economie; Histoire_Geo; Malgache,créativité; esprit d'équipe; accueil et relation client; rigueur; persévérance,Langues étrangères; Musique,a effectué un stage d'observation dans un hôtel ou une agence de voyage; aime cuisiner et découvrir des plats d'autres cultures; pratique un sport en club depuis plusieurs années,Directeur d'établissement hôtelier,Mixte/Itinérant,Tourisme,TEH,"Tourisme, Environnement et Hôtellerie",False,
P00073,20,F,Bongolava,Professionnel et technique,TOM,Industriel,14.14,16.1,13.5,13.5,15.5,15.3,12.0,11.5,13.9,14.8,15.0,13.0,15.6,EPS; Francais; Malgache; Mathematiques,gestion des litiges commerciaux; créativité; sens de l'observation; droit des contrats et des sociétés; esprit d'équipe,Actualité et politique,a participé à un club de débat ou un simulacre de procès au lycée; gère les comptes d'une association d'élèves; participe à des activités associatives ou de bénévolat,Chargé de conformité; Expert en contentieux d'affaires,Bureau/Numérique,Droit et Techniques des Affaires,DTJA,Droit et Techniques Juridiques des Affaires,True,EMP
P00074,20,F,Vakinankaratra,Professionnel et technique,TEV,Agricole,12.11,13.7,11.0,13.6,8.7,12.4,12.3,12.6,14.4,13.2,10.1,11.6,11.7,Mathematiques; Philosophie; SVT,phytochimie; gestion de laboratoire d'analyses médicales; autonomie; curiosité,Environnement; Animaux,s'occupe d'un petit élevage ou d'un jardin potager; pratique un sport en club depuis plusieurs années,Consultant qualité,Laboratoire/Recherche,Biotechnologie et Agronomie,IAA,Industries Agroalimentaires,True,PIP
P00075,18,F,Itasy,Technologique,TGI,Industriel,11.12,12.8,10.1,12.2,9.7,12.1,10.6,10.7,10.8,11.8,9.2,9.5,14.0,EPS; Malgache; Mathematiques; SVT,sens de l'observation; persévérance; esprit d'équipe; sensibilisation au tourisme durable,Gastronomie; Langues étrangères; Bénévolat associatif,pratique l'anglais ou une autre langue étrangère en autodidacte; participe à des activités associatives ou de bénévolat,Chargé de valorisation touristique et environnementale; Professionnel du secteur du tourisme,Contact clientèle/Relationnel,Tourisme,TEE,Tourisme et Environnement,False,
P00076,20,F,Vatovavy,Professionnel et technique,TAMB,Industriel,13.32,15.9,11.7,11.7,12.1,13.2,11.8,12.9,12.7,13.9,17.0,13.0,13.9,Economie; Informatique,aisance relationnelle; gestion de projets informatiques; persévérance; autonomie; développement full-stack; sens de l'organisation,Jeux vidéo,a participé à un club informatique ou de robotique au lycée,Développeur Full-Stack (Web & Mobile),Mixte/Itinérant,Informatique et Télécommunications,IGGLIA,"Informatique de Gestion, Génie Logiciel et Intelligence Artificielle",False,
P00077,19,M,Sava,Professionnel et technique,TAMB,Industriel,16.42,19.1,15.7,14.3,17.0,16.0,16.3,14.7,18.0,15.5,18.6,16.6,15.2,Anglais; Informatique; Mathematiques,"notions d'intelligence artificielle; autonomie; programmation multi-langages (Java, C#, PHP, JavaScript); esprit d'équipe; persévérance; administration de bases de données",Jeux vidéo; Réseaux sociaux et numérique; Musique,a créé un compte de jeu vidéo compétitif et anime une petite communauté en ligne,Consultant en systèmes d'information et IA; contribuer au développement de Madagascar,Bureau/Numérique,Informatique et Télécommunications,IGGLIA,"Informatique de Gestion, Génie Logiciel et Intelligence Artificielle",False,
P00078,18,M,Analanjirofo,Professionnel et technique,TOM,Industriel,12.97,19.0,13.3,11.9,12.3,12.6,11.7,10.2,12.2,16.6,13.5,9.8,12.6,EPS; Economie; Mathematiques; Physique_Chimie,machine learning et deep learning; créativité; business intelligence; persévérance; autonomie; traitement de données massives (Big Data); aisance relationnelle,Programmation; Technologie; Réseaux sociaux,a créé un compte de jeu vidéo compétitif et anime une petite communauté en ligne,Responsable Business Intelligence,Bureau/Numérique,Informatique et Télécommunications,ISAIA,"Informatique, Statistique Appliquée et Intelligence Artificielle",False,
P00079,18,F,Itasy,Général,D,,14.68,16.3,19.5,13.1,14.2,13.3,13.9,12.6,14.5,14.0,14.6,15.2,14.9,Arts; Physique_Chimie,ingénierie des infrastructures routières et hydrauliques; rigueur; curiosité; géotechnique; sens de l'organisation,Dessin et design,a réalisé des maquettes ou des plans de construction pour un projet scolaire,Architecte junior,Chantier/BTP,Génie Civil et Architecture,GCA,Génie Civil et Architecture,False,
P00080,20,F,Atsimo-Atsinanana,Professionnel et technique,TMF,Industriel,12.94,14.8,15.2,11.7,14.6,11.2,11.5,16.0,9.1,10.5,16.0,11.7,13.0,Histoire_Geo; Informatique; Physique_Chimie,esprit d'analyse; persévérance; rigueur; électronique de puissance; sens de l'organisation,Réseaux sociaux et numérique,a démonté et réparé des appareils électroménagers ou mécaniques par curiosité; pratique un sport en club depuis plusieurs années,Ingénieur en automatisation et robotique industrielle; Ingénieur en bureau d'études mécanique; travailler à l'international,Atelier/Industriel,Génie Industriel,EMII,Électromécanique et Informatique Industrielle,True,ESIIA
P00081,18,M,Fitovinany,Professionnel et technique,TOM,Industriel,9.97,11.0,8.6,10.4,10.2,9.2,12.1,9.6,9.8,9.9,11.1,9.0,8.7,Anglais; Informatique; Mathematiques; SVT,esprit d'équipe; aisance relationnelle; communication digitale et PAO,Technologie,a participé à un club informatique ou de robotique au lycée; a suivi un tutoriel en ligne de programmation et créé un petit site web personnel,Directeur artistique numérique / Motion Designer,Bureau/Numérique,Informatique et Télécommunications,IMTICIA,"Informatique Multimédia, Technologie de l'Information et de la Communication et Intelligence Artificielle",False,
P00082,18,M,Bongolava,Général,L,,10.12,10.3,9.8,10.5,8.5,10.2,10.2,8.6,7.9,15.5,11.3,9.5,9.2,Economie; Informatique; Mathematiques; SVT,stratégie marketing et commerciale; esprit d'analyse; analyse financière et gestion budgétaire; curiosité; autonomie,Débat et droit; Entrepreneuriat; Sport,a organisé une petite activité commerciale ou un projet associatif; a occupé un petit job ou une activité rémunérée pendant les vacances,Analyste de marché; Responsable export; contribuer au développement de Madagascar,Contact clientèle/Relationnel,Droit et Techniques des Affaires,CAA,Commerce et Administration des Affaires,False,
P00083,17,M,Vatovavy,Général,S,,11.37,8.8,11.2,15.1,12.1,9.9,12.9,11.7,13.9,11.1,8.5,10.5,10.7,Arts; Francais; Histoire_Geo; Philosophie; SVT,formulation pharmaceutique; pharmacologie; gestion de laboratoire d'analyses médicales; sens de l'organisation; esprit d'analyse,Santé; Agriculture; Lecture,aide régulièrement dans l'exploitation agricole familiale,Délégué médical; Chercheur en phyto-médicaments; contribuer au développement de Madagascar,Terrain/Extérieur,Biotechnologie et Agronomie,PIP,Pharmacologie et Industries Pharmaceutiques,False,
P00084,20,M,Bongolava,Général,D,,10.73,14.4,14.3,9.7,9.5,8.5,11.1,10.7,10.1,8.4,8.8,11.5,11.8,EPS; Mathematiques; Physique_Chimie,esprit d'équipe; aisance relationnelle; autonomie; gestion de chantier; ingénierie des infrastructures routières et hydrauliques; rigueur,Dessin et design; Urbanisme; Musique,a réalisé des maquettes ou des plans de construction pour un projet scolaire; aime dessiner des plans de maisons ou des croquis d'aménagement; a occupé un petit job ou une activité rémunérée pendant les vacances,Architecte junior; contribuer au développement de Madagascar,Chantier/BTP,Génie Civil et Architecture,GCA,Génie Civil et Architecture,False,
P00085,20,F,Fitovinany,Professionnel et technique,CCBTP,Génie civil / BTP,13.72,17.1,18.7,11.8,10.9,11.7,11.0,13.8,13.9,12.9,11.3,15.1,16.5,Arts; EPS; Philosophie; Physique_Chimie,esprit d'analyse; géotechnique; gestion de chantier; créativité; curiosité; persévérance,Urbanisme,a visité un chantier de construction dans le cadre d'un stage d'observation; aime dessiner des plans de maisons ou des croquis d'aménagement,Architecte junior; travailler à l'international,Bureau d'études,Génie Civil et Architecture,GCA,Génie Civil et Architecture,False,
P00086,19,M,Alaotra-Mangoro,Professionnel et technique,TOM,Industriel,12.58,12.7,13.8,10.6,12.8,12.6,13.6,11.9,14.3,10.9,13.0,10.7,14.1,EPS; Informatique; Philosophie; Physique_Chimie; SVT,maintenance industrielle pluridisciplinaire; esprit d'analyse; sens de l'observation,Mécanique,a participé à un club de robotique ou de modélisme; a effectué un stage d'observation dans un atelier ou une usine; participe à des activités associatives ou de bénévolat,Concepteur de systèmes IoT industriels,Terrain/Extérieur,Génie Industriel,EMII,Électromécanique et Informatique Industrielle,False,
P00087,18,M,Sava,Professionnel et technique,TAG,Agricole,10.05,10.8,10.3,11.5,9.5,9.2,8.5,12.7,10.2,8.5,10.2,9.6,9.6,Histoire_Geo; Mathematiques; Philosophie; Physique_Chimie; SVT,autonomie; esprit d'analyse; développement rural; esprit d'équipe,Nature; Animaux; Lecture,aide régulièrement dans l'exploitation agricole familiale,Ingénieur Agronome; Responsable de projet développement rural,Laboratoire/Recherche,Biotechnologie et Agronomie,AEE,Agriculture et Élevage,False,
P00088,20,M,Analamanga,Général,S,,10.19,13.5,9.1,10.9,9.1,10.6,8.3,12.3,11.2,6.4,13.6,7.5,9.8,Arts; Histoire_Geo; Informatique; Philosophie,créativité; notions d'intelligence artificielle; sens de l'organisation; administration de bases de données; esprit d'équipe,Jeux vidéo; Réseaux sociaux et numérique,a créé un compte de jeu vidéo compétitif et anime une petite communauté en ligne; a suivi un tutoriel en ligne de programmation et créé un petit site web personnel; a occupé un petit job ou une activité rémunérée pendant les vacances,Ingénieur en génie logiciel; Chef de projet informatique,Bureau/Numérique,Informatique et Télécommunications,IGGLIA,"Informatique de Gestion, Génie Logiciel et Intelligence Artificielle",False,
P00089,20,F,Vatovavy,Général,D,,11.43,13.8,12.4,15.2,14.0,12.9,10.9,8.8,9.9,9.9,10.0,9.9,9.5,Anglais; Francais; SVT,esprit d'analyse; transformation agroalimentaire; rigueur,Santé; Bénévolat associatif,s'occupe d'un petit élevage ou d'un jardin potager; aide régulièrement dans l'exploitation agricole familiale; a occupé un petit job ou une activité rémunérée pendant les vacances,Consultant qualité; avoir un poste à responsabilités,Laboratoire/Recherche,Biotechnologie et Agronomie,IAA,Industries Agroalimentaires,False,
P00090,20,M,Vakinankaratra,Général,L,,9.04,13.1,9.5,10.1,9.6,7.8,8.6,9.2,6.4,10.3,9.4,6.2,8.3,Economie; Mathematiques; SVT,pilotage et planification de projets; gestion financière prévisionnelle; management stratégique; rigueur; persévérance,Entrepreneuriat; Actualité et politique; Réseaux sociaux,a participé à un club de débat ou un simulacre de procès au lycée; a occupé un petit job ou une activité rémunérée pendant les vacances,Analyste économique; Chef de projet; avoir un poste à responsabilités,Bureau/Numérique,Droit et Techniques des Affaires,EMP,Économie et Management de Projet,False,
P00091,19,M,Fitovinany,Professionnel et technique,TAMB,Industriel,10.72,9.5,8.9,9.6,14.0,12.4,7.7,11.2,13.6,10.6,10.7,10.3,10.1,Anglais; Francais; Histoire_Geo; Malgache; Philosophie,droit foncier et minier; créativité; aisance relationnelle; droit des contrats et des sociétés,Actualité et politique; Entrepreneuriat,s'intéresse à l'actualité économique et suit des chaînes d'information; a participé à un club de débat ou un simulacre de procès au lycée; participe à des activités associatives ou de bénévolat,Chargé de conformité; Juriste d'affaires; avoir un poste à responsabilités,Bureau/Numérique,Droit et Techniques des Affaires,DTJA,Droit et Techniques Juridiques des Affaires,False,
P00092,19,M,Vakinankaratra,Professionnel et technique,TMA,Industriel,9.8,9.3,10.2,10.9,10.1,10.7,10.6,10.1,10.5,9.1,9.7,7.7,8.7,Anglais; Malgache; SVT,esprit d'équipe; gestion des litiges commerciaux; sens de l'organisation,Actualité et politique; Économie,a participé à un club de débat ou un simulacre de procès au lycée; pratique un sport en club depuis plusieurs années,Expert en contentieux d'affaires,Bureau/Numérique,Droit et Techniques des Affaires,DTJA,Droit et Techniques Juridiques des Affaires,False,
P00093,18,M,Vakinankaratra,Professionnel et technique,DAMB,Industriel,11.48,11.4,12.0,14.3,10.0,12.4,10.7,11.2,12.4,10.9,10.6,9.4,12.5,EPS; Malgache; Philosophie; SVT,sens de l'organisation; production et montage audiovisuel; développement web et mobile multimédia; créativité; curiosité; design UI/UX,Programmation; Sport,a participé à un club informatique ou de robotique au lycée; a suivi un tutoriel en ligne de programmation et créé un petit site web personnel; participe à des activités associatives ou de bénévolat,Directeur artistique numérique / Motion Designer; travailler à l'international,Mixte/Itinérant,Informatique et Télécommunications,IMTICIA,"Informatique Multimédia, Technologie de l'Information et de la Communication et Intelligence Artificielle",False,
P00094,20,F,Vatovavy,Professionnel et technique,TMEL,Industriel,9.48,8.3,11.0,7.2,8.8,9.6,9.6,9.4,9.5,8.8,10.6,9.9,11.1,Arts; EPS; Informatique; Physique_Chimie,autonomie; traitement du signal et automatique; persévérance; esprit d'équipe; esprit d'analyse,Jeux vidéo; Robotique,a participé à un club informatique ou de robotique au lycée; pratique un sport en club depuis plusieurs années,Ingénieur système et réseau; avoir un poste à responsabilités,Mixte/Itinérant,Informatique et Télécommunications,ESIIA,"Électronique, Systèmes Informatiques et Intelligence Artificielle",False,
P00095,17,M,Atsimo-Atsinanana,Général,S,,8.57,9.1,11.3,9.4,8.0,8.8,8.0,8.9,6.5,7.1,10.8,7.2,7.7,Informatique; Mathematiques; Physique_Chimie; SVT,sens de l'observation; esprit d'analyse; esprit d'équipe; gestion de chantier; conception architecturale (AutoCAD/ArchiCAD),Architecture; Construction,a visité un chantier de construction dans le cadre d'un stage d'observation,Urbaniste,Bureau d'études,Génie Civil et Architecture,GCA,Génie Civil et Architecture,True,
P00096,20,M,Betsiboka,Professionnel et technique,TMA,Industriel,9.6,7.8,10.4,9.4,11.4,7.6,8.7,11.0,9.5,10.1,11.4,8.7,9.2,Economie; Francais; Histoire_Geo; Informatique; Physique_Chimie,créativité; autonomie; comptabilité générale et analytique; curiosité; gestion de trésorerie; fiscalité d'entreprise; esprit d'équipe,Gestion; Économie; Sport,a participé à un club de débat ou un simulacre de procès au lycée; a occupé un petit job ou une activité rémunérée pendant les vacances,Chef Comptable; Trésorier d'entreprise; travailler à l'international,Bureau/Numérique,Droit et Techniques des Affaires,FIC,Finances et Comptabilité,False,
P00097,18,F,Vatovavy,Professionnel et technique,TEV,Agricole,10.93,11.4,10.3,16.9,11.5,10.0,9.9,10.7,12.0,9.3,10.8,8.4,10.0,Francais; Philosophie; SVT,persévérance; formulation pharmaceutique; pharmacologie; gestion de laboratoire d'analyses médicales; aisance relationnelle; curiosité,Nature; Réseaux sociaux,a réalisé un exposé scolaire sur la santé ou la biologie; aide régulièrement dans l'exploitation agricole familiale; pratique un sport en club depuis plusieurs années,Délégué médical; Responsable de production pharmaceutique; contribuer au développement de Madagascar,Terrain/Extérieur,Biotechnologie et Agronomie,PIP,Pharmacologie et Industries Pharmaceutiques,False,
P00098,20,F,Itasy,Professionnel et technique,TMA,Industriel,15.75,18.1,20.0,14.7,16.7,15.1,13.7,13.4,15.3,13.7,17.9,13.4,17.0,Informatique; Mathematiques; Physique_Chimie,rigueur; traitement du signal et automatique; aisance relationnelle; conception assistée par ordinateur (AutoCAD); curiosité,Mécanique; Jeux vidéo; Musique,a participé à un club de robotique ou de modélisme; a monté et dépanné des ordinateurs pour son entourage; a occupé un petit job ou une activité rémunérée pendant les vacances,Spécialiste en maintenance de systèmes informatisés; Spécialiste en robotique et domotique,Terrain/Extérieur,Informatique et Télécommunications,ESIIA,"Électronique, Systèmes Informatiques et Intelligence Artificielle",True,EMII
P00099,19,M,Anosy,Professionnel et technique,TFFI,Industriel,14.47,15.0,11.8,15.5,13.9,13.9,15.1,13.0,16.4,15.6,18.2,12.7,12.5,Anglais; Economie; Informatique; Philosophie; SVT,curiosité; machine learning et deep learning; sens de l'organisation,Programmation; Jeux vidéo; Sport,a monté et dépanné des ordinateurs pour son entourage; a créé un compte de jeu vidéo compétitif et anime une petite communauté en ligne; a occupé un petit job ou une activité rémunérée pendant les vacances,Statisticien financier,Bureau/Numérique,Informatique et Télécommunications,ISAIA,"Informatique, Statistique Appliquée et Intelligence Artificielle",False,
P00100,18,F,Atsinanana,Professionnel et technique,TFFI,Industriel,13.53,14.7,17.9,14.1,12.4,13.4,14.2,10.6,14.0,11.8,14.9,10.9,13.4,Informatique; Mathematiques; Physique_Chimie,"automatismes (Grafcet, automates); rigueur; esprit d'analyse; conception assistée par ordinateur (AutoCAD); autonomie; esprit d'équipe",Électronique; Automobile et aéronautique; Réseaux sociaux,aide régulièrement à l'entretien de véhicules en famille; pratique un sport en club depuis plusieurs années,Ingénieur en électrotechnique,Atelier/Industriel,Génie Industriel,EMII,Électromécanique et Informatique Industrielle,False,
P00101,20,M,Analamanga,Professionnel et technique,TAG,Agricole,11.02,11.3,10.9,9.4,13.6,11.9,12.4,9.0,13.5,11.7,9.3,9.1,10.1,Anglais; Francais; Malgache; Philosophie,fiscalité d'entreprise; aisance relationnelle; gestion des litiges commerciaux; curiosité,Actualité et politique; Lecture,gère les comptes d'une association d'élèves; s'intéresse à l'actualité économique et suit des chaînes d'information,Expert en contentieux d'affaires; Assistant juridique,Contact clientèle/Relationnel,Droit et Techniques des Affaires,DTJA,Droit et Techniques Juridiques des Affaires,True,FIC
P00102,17,M,Sofia,Général,C,,9.88,9.4,7.5,11.8,8.8,10.5,10.1,10.1,10.0,11.0,8.4,11.1,9.9,Economie; Malgache; SVT,esprit d'analyse; esprit d'équipe; calcul de structures (RDM); sens de l'observation; autonomie,Dessin et design; Architecture; Réseaux sociaux,a visité un chantier de construction dans le cadre d'un stage d'observation; aime dessiner des plans de maisons ou des croquis d'aménagement; a occupé un petit job ou une activité rémunérée pendant les vacances,Entrepreneur en BTP,Bureau d'études,Génie Civil et Architecture,GCA,Génie Civil et Architecture,True,
P00103,17,M,Itasy,Professionnel et technique,TMA,Industriel,10.43,10.5,11.4,9.0,10.0,10.6,9.4,12.4,10.0,14.1,7.4,9.6,10.7,Economie; Histoire_Geo; Malgache; Physique_Chimie,pilotage et planification de projets; management stratégique; analyse économique et économétrie; sens de l'organisation; curiosité,Débat et droit; Entrepreneuriat; Bénévolat associatif,gère les comptes d'une association d'élèves; a occupé un petit job ou une activité rémunérée pendant les vacances,Responsable suivi-évaluation de projets; Analyste économique,Bureau/Numérique,Droit et Techniques des Affaires,EMP,Économie et Management de Projet,False,
P00104,17,M,Atsimo-Andrefana,Général,S,,14.03,14.5,18.8,12.9,13.0,14.5,13.3,13.0,13.4,12.5,18.1,12.6,11.7,Informatique; Malgache; Mathematiques; Physique_Chimie,aisance relationnelle; autonomie; curiosité; rigueur; maintenance industrielle pluridisciplinaire; gestion de production industrielle,Robotique; Programmation,a effectué un stage d'observation dans un atelier ou une usine; aide régulièrement à l'entretien de véhicules en famille; a occupé un petit job ou une activité rémunérée pendant les vacances,Ingénieur en télécommunications,Mixte/Itinérant,Informatique et Télécommunications,ESIIA,"Électronique, Systèmes Informatiques et Intelligence Artificielle",True,EMII
P00105,17,F,Vakinankaratra,Général,S,,14.73,13.6,13.2,12.6,14.8,16.6,20,16.7,12.6,13.6,13.1,14.0,16.0,Anglais; EPS; Histoire_Geo; Malgache,curiosité; autonomie; sensibilisation au tourisme durable; persévérance,Hôtellerie; Cultures du monde; Sport,pratique l'anglais ou une autre langue étrangère en autodidacte; a occupé un petit job ou une activité rémunérée pendant les vacances,Gestionnaire de sites protégés; Directeur d'établissement hôtelier; créer sa propre entreprise,Mixte/Itinérant,Tourisme,TEH,"Tourisme, Environnement et Hôtellerie",True,TEE
P00106,20,F,Sava,Général,S,,9.53,11.5,8.6,13.0,6.2,8.0,9.3,10.4,7.6,12.0,11.3,7.3,9.1,Economie; Mathematiques; SVT,sécurité alimentaire; autonomie; sens de l'observation; sens de l'organisation; esprit d'analyse; agroécologie et agriculture biologique,Nature; Animaux,a réalisé un exposé scolaire sur la santé ou la biologie,Responsable de projet développement rural,Terrain/Extérieur,Biotechnologie et Agronomie,AEE,Agriculture et Élevage,True,IAA
P00107,20,M,Melaky,Général,A2,,11.51,7.8,10.8,11.1,11.0,11.8,14.9,13.4,13.5,11.1,10.3,11.5,10.9,Anglais; Arts; Histoire_Geo; Malgache; Philosophie,persévérance; accueil et relation client; autonomie; management hôtelier et restauration,Gastronomie,a effectué un stage d'observation dans un hôtel ou une agence de voyage,Responsable écotourisme; Directeur d'établissement hôtelier,Mixte/Itinérant,Tourisme,TEH,"Tourisme, Environnement et Hôtellerie",False,
P00108,17,M,Vatovavy,Professionnel et technique,TEV,Agricole,12.71,13.2,12.8,15.6,12.2,12.5,13.8,15.1,14.4,10.0,10.8,10.5,11.6,Anglais; Histoire_Geo; Philosophie; SVT,zootechnie et pisciculture; productions végétales et animales; curiosité; sens de l'organisation,Santé; Environnement; Lecture,s'occupe d'un petit élevage ou d'un jardin potager; a réalisé un exposé scolaire sur la santé ou la biologie; a occupé un petit job ou une activité rémunérée pendant les vacances,Responsable de production animale; Conseiller agricole,Laboratoire/Recherche,Biotechnologie et Agronomie,AEE,Agriculture et Élevage,False,
P00109,19,F,Analanjirofo,Professionnel et technique,MEMA,Industriel,10.98,13.4,13.1,12.1,11.3,10.4,10.9,10.2,10.2,10.0,11.1,10.0,9.1,Mathematiques; Physique_Chimie; SVT,sens de l'organisation; exploitation minière et géologie; aisance relationnelle; créativité,Automobile et aéronautique; Bricolage,aide régulièrement à l'entretien de véhicules en famille; a démonté et réparé des appareils électroménagers ou mécaniques par curiosité; a occupé un petit job ou une activité rémunérée pendant les vacances,Ingénieur de laboratoire d'analyses,Atelier/Industriel,Génie Industriel,ICMP,"Industries Chimiques, Minières et Pétrolières",False,
P00110,17,M,Melaky,Professionnel et technique,EN,Industriel,14.88,17.1,15.5,13.1,16.9,12.0,16.2,15.4,13.9,13.5,13.0,17.2,14.8,Arts; Francais; Mathematiques,pilotage et planification de projets; management stratégique; curiosité; analyse économique et économétrie; rigueur,Débat et droit; Entrepreneuriat; Sport,a organisé une petite activité commerciale ou un projet associatif; gère les comptes d'une association d'élèves; pratique un sport en club depuis plusieurs années,Planificateur stratégique; Responsable suivi-évaluation de projets,Bureau/Numérique,Droit et Techniques des Affaires,EMP,Économie et Management de Projet,False,
P00111,17,M,Anosy,Professionnel et technique,DAMB,Industriel,9.48,13.6,4.7,7.5,8.3,9.3,9.3,11.0,8.7,11.6,10.6,10.4,8.8,Economie; Histoire_Geo; Informatique; Mathematiques,gestion de trésorerie; persévérance; audit financier; créativité,Économie; Réseaux sociaux,gère les comptes d'une association d'élèves; a occupé un petit job ou une activité rémunérée pendant les vacances,Auditeur financier,Bureau/Numérique,Droit et Techniques des Affaires,FIC,Finances et Comptabilité,False,
P00112,19,F,Ihorombe,Technologique,TGI,Industriel,12.7,12.1,15.8,10.5,11.8,14.8,12.4,11.8,11.2,14.0,12.5,12.5,13.0,EPS; Economie; Informatique; Malgache; Physique_Chimie,rigueur; sens de l'observation; électronique de puissance; autonomie; aisance relationnelle,Électronique; Réseaux sociaux,a participé à un club de robotique ou de modélisme; participe à des activités associatives ou de bénévolat,Ingénieur en maintenance industrielle; avoir un poste à responsabilités,Atelier/Industriel,Génie Industriel,EMII,Électromécanique et Informatique Industrielle,False,
P00113,19,M,Vatovavy,Général,S,,10.92,13.6,13.7,9.7,12.2,10.2,11.2,8.5,12.7,8.3,11.6,10.1,9.3,Economie; Philosophie; Physique_Chimie,"conception assistée par ordinateur (AutoCAD); automatismes (Grafcet, automates); esprit d'analyse; électronique de puissance; persévérance",Automobile et aéronautique; Bricolage; Musique,a participé à un club de robotique ou de modélisme; a occupé un petit job ou une activité rémunérée pendant les vacances,Ingénieur en automatisation et robotique industrielle,Atelier/Industriel,Génie Industriel,EMII,Électromécanique et Informatique Industrielle,False,
P00114,19,F,Atsimo-Andrefana,Professionnel et technique,SS,Tertiaire,12.29,13.6,11.7,10.8,12.0,11.4,12.2,12.2,11.2,18.7,10.3,10.1,13.3,EPS; Informatique; Mathematiques,esprit d'analyse; persévérance; stratégie marketing et commerciale; gestion d'entreprise; créativité; rigueur; négociation et vente internationale,Entrepreneuriat; Débat et droit; Musique,a participé à un club de débat ou un simulacre de procès au lycée; participe à des activités associatives ou de bénévolat,Responsable commercial,Bureau/Numérique,Droit et Techniques des Affaires,CAA,Commerce et Administration des Affaires,False,
P00115,17,F,Ihorombe,Technologique,TTER,Tertiaire,16.24,19.1,18.7,15.4,14.4,15.8,14.6,17.0,15.3,19.9,15.6,14.2,14.9,Economie; Histoire_Geo; Mathematiques; Physique_Chimie,curiosité; sens de l'organisation; sens de l'observation; analyse économique et économétrie; rigueur,Débat et droit; Actualité et politique,s'intéresse à l'actualité économique et suit des chaînes d'information; a organisé une petite activité commerciale ou un projet associatif; a occupé un petit job ou une activité rémunérée pendant les vacances,Planificateur stratégique,Contact clientèle/Relationnel,Droit et Techniques des Affaires,EMP,Économie et Management de Projet,False,
P00116,19,F,Fitovinany,Professionnel et technique,CCBTP,Génie civil / BTP,15.06,19.0,15.7,16.2,13.2,15.1,15.2,13.1,14.3,16.0,12.8,14.5,15.6,EPS; Economie; Physique_Chimie; SVT,curiosité; comptabilité générale et analytique; créativité; fiscalité d'entreprise; sens de l'organisation; esprit d'analyse,Entrepreneuriat,a organisé une petite activité commerciale ou un projet associatif; participe à des activités associatives ou de bénévolat,Auditeur financier; Directeur Administratif et Financier; créer sa propre entreprise,Bureau/Numérique,Droit et Techniques des Affaires,FIC,Finances et Comptabilité,False,
P00117,18,F,Anosy,Professionnel et technique,TOM,Industriel,8.93,9.2,9.9,7.2,8.1,9.2,8.3,7.8,7.3,9.9,12.2,9.3,8.8,Economie; Informatique; Mathematiques,"sens de l'observation; aisance relationnelle; persévérance; rigueur; conception logicielle (UML, Merise)",Robotique,a créé un compte de jeu vidéo compétitif et anime une petite communauté en ligne,Ingénieur en génie logiciel; Expert en transformation digitale,Bureau/Numérique,Informatique et Télécommunications,IGGLIA,"Informatique de Gestion, Génie Logiciel et Intelligence Artificielle",False,
P00118,17,M,Fitovinany,Professionnel et technique,TMA,Industriel,14.01,12.6,15.1,14.1,15.0,13.9,13.1,12.5,14.0,13.6,12.3,16.1,15.8,Arts; EPS; Francais; Physique_Chimie; SVT,raffinage et pétrochimie; aisance relationnelle; analyses de laboratoire; sens de l'observation; sens de l'organisation; hygiène sécurité environnement (HSE),Bricolage; Automobile et aéronautique,a démonté et réparé des appareils électroménagers ou mécaniques par curiosité; participe à des activités associatives ou de bénévolat,Ingénieur pétrolier,Atelier/Industriel,Génie Industriel,ICMP,"Industries Chimiques, Minières et Pétrolières",False,
P00119,18,M,Boeny,Général,D,,12.12,14.1,14.7,12.5,11.6,10.1,10.0,11.2,13.6,11.4,10.0,15.3,11.0,Arts; Mathematiques; Philosophie; Physique_Chimie; SVT,calcul de structures (RDM); conception architecturale (AutoCAD/ArchiCAD); esprit d'analyse; aisance relationnelle; esprit d'équipe,Dessin et design; Urbanisme; Musique,aime dessiner des plans de maisons ou des croquis d'aménagement; a réalisé des maquettes ou des plans de construction pour un projet scolaire,Ingénieur en Bureau d'Études; Conducteur de travaux,Bureau d'études,Génie Civil et Architecture,GCA,Génie Civil et Architecture,False,
P00120,17,M,Amoron'i Mania,Général,D,,12.53,13.1,12.9,14.1,13.9,10.9,10.0,15.8,12.8,10.2,13.2,10.6,12.9,Francais; Histoire_Geo; SVT,productions végétales et animales; biochimie et R&D; créativité; esprit d'analyse; sens de l'organisation,Agriculture; Nature,aide régulièrement dans l'exploitation agricole familiale,Expert en agri-business; Responsable de production animale; travailler à l'international,Laboratoire/Recherche,Biotechnologie et Agronomie,AEE,Agriculture et Élevage,True,IAA
P00121,18,M,Analanjirofo,Général,L,,11.0,11.0,8.7,10.6,10.1,12.7,9.7,13.8,10.5,11.8,10.7,12.2,10.2,Arts; Histoire_Geo; Malgache,aisance relationnelle; esprit d'analyse; stratégie marketing et commerciale; gestion d'entreprise; sens de l'observation; analyse financière et gestion budgétaire; persévérance,Gestion; Actualité et politique; Sport,a organisé une petite activité commerciale ou un projet associatif; a occupé un petit job ou une activité rémunérée pendant les vacances,Responsable Marketing,Bureau/Numérique,Droit et Techniques des Affaires,CAA,Commerce et Administration des Affaires,False,
P00122,17,M,Analanjirofo,Général,D,,11.34,12.5,13.3,11.2,9.9,10.8,14.4,11.3,9.7,7.9,11.0,13.9,10.2,Anglais; Arts; Mathematiques; Physique_Chimie,sens de l'observation; géotechnique; ingénierie des infrastructures routières et hydrauliques; esprit d'analyse; conception architecturale (AutoCAD/ArchiCAD),Urbanisme; Architecture; Bénévolat associatif,aime dessiner des plans de maisons ou des croquis d'aménagement; pratique un sport en club depuis plusieurs années,Conducteur de travaux; Entrepreneur en BTP,Bureau d'études,Génie Civil et Architecture,GCA,Génie Civil et Architecture,True,
P00123,19,F,Anosy,Professionnel et technique,TPFM,Industriel,10.72,14.1,14.7,8.4,8.9,11.1,8.8,8.9,11.6,9.9,11.7,12.5,8.0,Arts; Informatique; Mathematiques; Philosophie; Physique_Chimie,aisance relationnelle; sens de l'observation; esprit d'équipe; systèmes embarqués et IoT; traitement du signal et automatique; persévérance; robotique et domotique,Réseaux sociaux et numérique,a monté et dépanné des ordinateurs pour son entourage; a participé à un club informatique ou de robotique au lycée,Ingénieur système et réseau; créer sa propre entreprise,Mixte/Itinérant,Informatique et Télécommunications,ESIIA,"Électronique, Systèmes Informatiques et Intelligence Artificielle",False,
P00124,19,F,Sava,Professionnel et technique,TPFM,Industriel,9.11,10.1,10.3,8.1,9.3,8.7,9.1,9.1,8.4,6.6,8.2,8.4,13.0,EPS; Mathematiques; Physique_Chimie,aisance relationnelle; connaissance du patrimoine environnemental et culturel malgache; persévérance; rigueur; sensibilisation au tourisme durable,Cultures du monde; Réseaux sociaux,a effectué un stage d'observation dans un hôtel ou une agence de voyage; aime cuisiner et découvrir des plats d'autres cultures; participe à des activités associatives ou de bénévolat,Professionnel du secteur du tourisme; Chargé de valorisation touristique et environnementale,Contact clientèle/Relationnel,Tourisme,TEE,Tourisme et Environnement,False,
P00125,20,F,Ihorombe,Professionnel et technique,TEV,Agricole,10.97,10.7,10.6,13.5,12.2,10.2,12.0,14.5,7.8,7.7,10.6,10.7,11.1,Anglais; EPS; Francais; Histoire_Geo; SVT,curiosité; développement rural; esprit d'analyse; zootechnie et pisciculture,Environnement; Réseaux sociaux,a participé à un club de sciences naturelles ou d'écologie; s'occupe d'un petit élevage ou d'un jardin potager,Ingénieur Agronome; Responsable de production animale,Terrain/Extérieur,Biotechnologie et Agronomie,AEE,Agriculture et Élevage,False,
P00126,19,F,Boeny,Professionnel et technique,TFFI,Industriel,8.06,12.4,6.8,7.4,9.6,5.7,7.5,7.8,9.9,6.6,9.9,7.0,6.1,Francais; Histoire_Geo; Informatique; Mathematiques; Philosophie,"aisance relationnelle; gestion de projets informatiques; programmation multi-langages (Java, C#, PHP, JavaScript); curiosité; persévérance",Réseaux sociaux et numérique,a suivi un tutoriel en ligne de programmation et créé un petit site web personnel; a monté et dépanné des ordinateurs pour son entourage; pratique un sport en club depuis plusieurs années,Consultant en systèmes d'information et IA,Mixte/Itinérant,Informatique et Télécommunications,IGGLIA,"Informatique de Gestion, Génie Logiciel et Intelligence Artificielle",False,
P00127,18,M,Anosy,Professionnel et technique,TEV,Agricole,8.35,7.5,7.5,8.4,7.0,10.5,8.3,7.7,8.5,9.4,8.5,8.9,8.0,Arts; Economie; Informatique; Malgache; Philosophie,curiosité; stratégie marketing et commerciale; esprit d'analyse; sens de l'organisation; gestion d'entreprise; esprit d'équipe,Gestion,a organisé une petite activité commerciale ou un projet associatif; gère les comptes d'une association d'élèves; pratique un sport en club depuis plusieurs années,Gestionnaire administratif et financier,Contact clientèle/Relationnel,Droit et Techniques des Affaires,CAA,Commerce et Administration des Affaires,False,
P00128,17,M,Haute Matsiatra,Général,C,,11.07,12.6,9.7,9.6,8.4,11.9,12.4,13.5,10.3,9.9,12.8,12.3,9.5,Anglais; Arts; Histoire_Geo; Informatique; Mathematiques,curiosité; business intelligence; autonomie; machine learning et deep learning; sens de l'observation,Jeux vidéo; Robotique; Sport,a suivi un tutoriel en ligne de programmation et créé un petit site web personnel; a occupé un petit job ou une activité rémunérée pendant les vacances,Responsable Business Intelligence,Bureau/Numérique,Informatique et Télécommunications,ISAIA,"Informatique, Statistique Appliquée et Intelligence Artificielle",False,
P00129,17,F,Atsinanana,Général,OSE,,11.34,10.6,8.4,9.2,11.4,13.0,13.7,13.6,12.7,12.1,9.2,12.8,9.4,Anglais; Arts; Histoire_Geo; Malgache,aisance relationnelle; sens de l'observation; management stratégique; curiosité,Débat et droit; Sport,gère les comptes d'une association d'élèves; a organisé une petite activité commerciale ou un projet associatif; participe à des activités associatives ou de bénévolat,Planificateur stratégique,Contact clientèle/Relationnel,Droit et Techniques des Affaires,EMP,Économie et Management de Projet,False,
P00130,20,M,Androy,Général,C,,9.18,10.1,12.1,7.5,9.0,9.2,8.7,8.2,6.0,10.4,11.8,8.6,8.6,Economie; Informatique; Malgache; Mathematiques; Physique_Chimie,esprit d'équipe; persévérance; curiosité; systèmes embarqués et IoT; robotique et domotique; créativité,Technologie; Robotique; Lecture,a suivi un tutoriel en ligne de programmation et créé un petit site web personnel; a monté et dépanné des ordinateurs pour son entourage,Expert en systèmes embarqués et IoT,Bureau/Numérique,Informatique et Télécommunications,ESIIA,"Électronique, Systèmes Informatiques et Intelligence Artificielle",False,
P00131,18,M,Diana,Professionnel et technique,MEMA,Industriel,11.56,13.0,13.2,11.1,11.6,12.9,12.4,9.5,10.4,11.2,13.1,8.9,11.4,Informatique; Mathematiques; Physique_Chimie,"gestion de projets informatiques; aisance relationnelle; rigueur; programmation multi-langages (Java, C#, PHP, JavaScript); administration de bases de données",Technologie; Jeux vidéo,a participé à un club informatique ou de robotique au lycée; a monté et dépanné des ordinateurs pour son entourage,Ingénieur en génie logiciel,Bureau/Numérique,Informatique et Télécommunications,IGGLIA,"Informatique de Gestion, Génie Logiciel et Intelligence Artificielle",False,
P00132,18,F,Atsimo-Andrefana,Professionnel et technique,TMEL,Industriel,13.85,15.7,13.2,13.1,15.2,13.7,14.9,13.0,10.9,17.5,14.3,12.8,11.9,Anglais; Economie; Francais; Mathematiques,stratégie marketing et commerciale; sens de l'organisation; persévérance; esprit d'analyse; gestion d'entreprise; analyse financière et gestion budgétaire; esprit d'équipe,Actualité et politique; Bénévolat associatif,gère les comptes d'une association d'élèves,Gestionnaire administratif et financier; Analyste de marché; avoir un métier stable,Contact clientèle/Relationnel,Droit et Techniques des Affaires,CAA,Commerce et Administration des Affaires,False,
P00133,17,F,Fitovinany,Professionnel et technique,TEV,Agricole,16.12,16.2,15.5,14.1,15.6,18.3,16.5,14.4,16.6,16.7,15.8,17.7,16.1,Arts; Economie; Malgache; Philosophie,créativité; rigueur; stratégie marketing et commerciale; curiosité,Gestion; Entrepreneuriat; Musique,a organisé une petite activité commerciale ou un projet associatif; s'intéresse à l'actualité économique et suit des chaînes d'information; pratique un sport en club depuis plusieurs années,Contrôleur de gestion; Directeur Administratif et Financier; avoir un métier stable,Bureau/Numérique,Droit et Techniques des Affaires,FIC,Finances et Comptabilité,True,CAA
P00134,19,M,Atsimo-Andrefana,Professionnel et technique,MEMA,Industriel,13.51,12.4,15.1,12.8,14.3,12.5,11.3,13.9,15.1,16.0,12.8,14.6,11.3,Arts; Economie; Francais; Philosophie; Physique_Chimie,créativité; analyse financière et gestion budgétaire; persévérance; stratégie marketing et commerciale; autonomie,Débat et droit; Sport,a participé à un club de débat ou un simulacre de procès au lycée; a organisé une petite activité commerciale ou un projet associatif,Gestionnaire administratif et financier; Responsable export,Contact clientèle/Relationnel,Droit et Techniques des Affaires,CAA,Commerce et Administration des Affaires,False,
P00135,18,F,Haute Matsiatra,Général,OSE,,12.33,14.6,11.6,11.3,13.7,14.0,10.9,13.0,10.1,18.4,9.7,10.2,10.5,Economie; Francais; Histoire_Geo; Malgache; Mathematiques,rigueur; curiosité; management stratégique; sens de l'observation,Gestion; Entrepreneuriat,a organisé une petite activité commerciale ou un projet associatif; pratique un sport en club depuis plusieurs années,Responsable suivi-évaluation de projets,Bureau/Numérique,Droit et Techniques des Affaires,EMP,Économie et Management de Projet,False,
P00136,19,F,Fitovinany,Professionnel et technique,PCBTP,Génie civil / BTP,9.78,12.2,11.8,8.8,9.4,9.4,7.1,8.5,10.0,8.7,10.3,11.7,9.4,Arts; Informatique; Mathematiques; Physique_Chimie,conception architecturale (AutoCAD/ArchiCAD); curiosité; persévérance; géotechnique; esprit d'analyse; calcul de structures (RDM),Dessin et design; Urbanisme; Bénévolat associatif,a visité un chantier de construction dans le cadre d'un stage d'observation; a réalisé des maquettes ou des plans de construction pour un projet scolaire,Entrepreneur en BTP,Bureau d'études,Génie Civil et Architecture,GCA,Génie Civil et Architecture,False,
P00137,18,F,Boeny,Technologique,TTER,Tertiaire,11.33,11.4,9.8,12.2,14.5,12.4,12.7,11.2,8.7,10.1,11.9,12.1,9.0,Anglais; Francais; Malgache; SVT,sensibilisation au tourisme durable; aisance relationnelle; connaissance du patrimoine environnemental et culturel malgache; autonomie,Gastronomie,aime cuisiner et découvrir des plats d'autres cultures; a effectué un stage d'observation dans un hôtel ou une agence de voyage; a occupé un petit job ou une activité rémunérée pendant les vacances,Professionnel du secteur du tourisme,Mixte/Itinérant,Tourisme,TEE,Tourisme et Environnement,False,
P00138,19,M,Ihorombe,Professionnel et technique,TAMB,Industriel,11.82,14.4,11.6,11.2,11.4,11.3,11.5,11.8,14.3,12.3,15.0,9.4,7.6,Economie; Histoire_Geo; Informatique; Mathematiques; Philosophie,"développement full-stack; sens de l'organisation; conception logicielle (UML, Merise); créativité",Programmation; Réseaux sociaux et numérique; Réseaux sociaux,a monté et dépanné des ordinateurs pour son entourage; participe à des activités associatives ou de bénévolat,Administrateur de bases de données,Bureau/Numérique,Informatique et Télécommunications,IGGLIA,"Informatique de Gestion, Génie Logiciel et Intelligence Artificielle",False,
P00139,18,F,Menabe,Professionnel et technique,DAMB,Industriel,15.07,16.6,15.2,15.7,14.6,15.0,13.3,11.0,14.4,17.3,17.7,17.4,12.7,Anglais; Arts; Informatique; Mathematiques; SVT,esprit d'analyse; sens de l'organisation; sens de l'observation; analyse financière et gestion budgétaire,Entrepreneuriat; Débat et droit,a organisé une petite activité commerciale ou un projet associatif,Auditeur financier; Contrôleur de gestion,Bureau/Numérique,Droit et Techniques des Affaires,FIC,Finances et Comptabilité,True,CAA
P00140,18,M,Atsimo-Andrefana,Général,S,,11.42,13.1,11.1,10.1,10.6,10.2,9.9,12.6,10.8,14.8,11.9,9.6,12.3,Arts; Economie; Histoire_Geo,esprit d'équipe; fiscalité d'entreprise; audit financier; comptabilité générale et analytique; aisance relationnelle,Entrepreneuriat; Débat et droit; Lecture,gère les comptes d'une association d'élèves; participe à des activités associatives ou de bénévolat,Trésorier d'entreprise; Chef Comptable; contribuer au développement de Madagascar,Contact clientèle/Relationnel,Droit et Techniques des Affaires,FIC,Finances et Comptabilité,False,
P00141,19,M,Anosy,Professionnel et technique,TPFM,Industriel,14.62,16.3,14.2,13.1,13.0,13.2,14.0,15.2,16.5,14.3,17.0,15.1,13.6,Arts; Histoire_Geo; Informatique; Mathematiques; Philosophie,esprit d'équipe; sens de l'observation; comptabilité générale et analytique; sens de l'organisation; fiscalité d'entreprise; audit financier,Économie,gère les comptes d'une association d'élèves; a occupé un petit job ou une activité rémunérée pendant les vacances,Chef Comptable; Auditeur financier,Contact clientèle/Relationnel,Droit et Techniques des Affaires,FIC,Finances et Comptabilité,False,
P00142,17,M,Anosy,Technologique,TTER,Tertiaire,10.1,10.8,8.9,12.6,10.3,9.5,12.0,9.6,11.1,9.0,6.9,11.2,9.3,Anglais; Mathematiques; Philosophie; SVT,connaissance du patrimoine environnemental et culturel malgache; sens de l'observation; sensibilisation au tourisme durable; rigueur,Langues étrangères; Sport,pratique l'anglais ou une autre langue étrangère en autodidacte,Chargé de valorisation touristique et environnementale,Mixte/Itinérant,Tourisme,TEE,Tourisme et Environnement,False,
P00143,17,M,Ihorombe,Professionnel et technique,TMA,Industriel,10.97,14.3,9.4,10.6,10.7,10.8,10.2,8.4,10.7,13.5,10.2,11.6,11.2,Arts; Economie; Mathematiques,fiscalité d'entreprise; esprit d'analyse; sens de l'observation; audit financier; aisance relationnelle; esprit d'équipe,Économie; Musique,gère les comptes d'une association d'élèves; pratique un sport en club depuis plusieurs années,Contrôleur de gestion,Bureau/Numérique,Droit et Techniques des Affaires,FIC,Finances et Comptabilité,False,
P00144,18,F,Vatovavy,Technologique,TGI,Industriel,8.68,12.1,9.6,8.9,6.7,9.1,8.7,8.4,9.0,7.2,10.2,9.1,5.1,EPS; Malgache; Mathematiques; Physique_Chimie,"administration de bases de données; esprit d'analyse; sens de l'organisation; programmation multi-langages (Java, C#, PHP, JavaScript); créativité",Jeux vidéo,a suivi un tutoriel en ligne de programmation et créé un petit site web personnel,Architecte logiciel,Mixte/Itinérant,Informatique et Télécommunications,IGGLIA,"Informatique de Gestion, Génie Logiciel et Intelligence Artificielle",False,
P00145,17,M,Itasy,Général,C,,11.18,11.4,15.2,11.4,9.5,11.9,8.9,12.5,10.4,12.6,9.3,10.8,10.3,Economie; Histoire_Geo; Physique_Chimie,sécurité alimentaire; curiosité; biochimie et R&D; sens de l'organisation; créativité,Santé; Agriculture; Bénévolat associatif,s'occupe d'un petit élevage ou d'un jardin potager; a occupé un petit job ou une activité rémunérée pendant les vacances,Ingénieur de production en industrie agroalimentaire; contribuer au développement de Madagascar,Terrain/Extérieur,Biotechnologie et Agronomie,IAA,Industries Agroalimentaires,False,
P00146,20,M,Itasy,Professionnel et technique,TEV,Agricole,12.55,14.1,12.6,9.0,10.2,14.8,14.8,12.6,11.6,12.3,10.8,12.4,15.4,Anglais; EPS; Malgache; Mathematiques; Physique_Chimie,autonomie; esprit d'équipe; génie des procédés chimiques; hygiène sécurité environnement (HSE),Animaux; Santé; Sport,aide régulièrement à l'entretien de véhicules en famille,Délégué médical,Terrain/Extérieur,Biotechnologie et Agronomie,PIP,Pharmacologie et Industries Pharmaceutiques,True,ICMP
P00147,19,M,Ihorombe,Professionnel et technique,TAMB,Industriel,9.09,10.0,8.0,9.5,9.4,9.2,8.6,8.5,8.9,13.1,9.6,4.6,9.7,EPS; Economie; Informatique,analyse financière et gestion budgétaire; analyse économique et économétrie; pilotage et planification de projets; esprit d'analyse; curiosité; sens de l'observation,Débat et droit; Entrepreneuriat; Bénévolat associatif,s'intéresse à l'actualité économique et suit des chaînes d'information; gère les comptes d'une association d'élèves,Responsable commercial; Manager de PME/PMI; avoir un poste à responsabilités,Bureau/Numérique,Droit et Techniques des Affaires,CAA,Commerce et Administration des Affaires,True,EMP
P00148,17,M,Analanjirofo,Professionnel et technique,MEMA,Industriel,11.03,10.6,13.5,9.8,9.8,6.6,12.8,10.4,11.1,10.9,14.9,10.6,11.4,EPS; Informatique; Mathematiques; Physique_Chimie,traitement du signal et automatique; robotique et domotique; persévérance; esprit d'équipe; rigueur,Réseaux sociaux et numérique; Technologie,a participé à un club informatique ou de robotique au lycée; a occupé un petit job ou une activité rémunérée pendant les vacances,Spécialiste en maintenance de systèmes informatisés; Architecte Hardware; contribuer au développement de Madagascar,Bureau/Numérique,Informatique et Télécommunications,ESIIA,"Électronique, Systèmes Informatiques et Intelligence Artificielle",False,
P00149,20,F,Bongolava,Général,A2,,14.38,12.3,14.7,17.3,14.4,12.8,13.2,15.3,15.3,14.4,14.0,13.6,15.3,Histoire_Geo; Philosophie; SVT,normes HACCP et microbiologie; biochimie et R&D; créativité; esprit d'équipe; sens de l'organisation; aisance relationnelle,Environnement,aide régulièrement dans l'exploitation agricole familiale; a réalisé un exposé scolaire sur la santé ou la biologie,Chargé de R&D alimentaire; Chef de production,Terrain/Extérieur,Biotechnologie et Agronomie,IAA,Industries Agroalimentaires,False,
P00150,18,M,Atsimo-Atsinanana,Professionnel et technique,CCBTP,Génie civil / BTP,13.69,14.5,13.7,12.5,13.8,11.8,15.5,13.2,12.5,17.4,14.5,13.9,11.0,Anglais; Francais; Mathematiques,rigueur; persévérance; gestion d'entreprise; autonomie; curiosité; analyse financière et gestion budgétaire,Gestion; Entrepreneuriat,s'intéresse à l'actualité économique et suit des chaînes d'information,Responsable Marketing; travailler à l'international,Bureau/Numérique,Droit et Techniques des Affaires,CAA,Commerce et Administration des Affaires,False,
P00151,17,M,Boeny,Technologique,TGC,Génie civil,11.45,10.5,13.3,10.2,13.5,12.6,13.7,9.6,8.2,10.6,14.3,9.9,11.0,Anglais; Francais; Informatique; Malgache; Physique_Chimie,esprit d'analyse; autonomie; connaissance du patrimoine environnemental et culturel malgache; sensibilisation au tourisme durable,Gastronomie; Langues étrangères,aime cuisiner et découvrir des plats d'autres cultures,Chargé de valorisation touristique et environnementale,Mixte/Itinérant,Tourisme,TEE,Tourisme et Environnement,False,
P00152,19,M,Betsiboka,Technologique,TGC,Génie civil,15.53,18.0,15.1,15.1,14.9,19.5,18.2,13.4,13.9,17.8,12.6,14.7,13.2,Anglais; Economie; Malgache; Mathematiques; Physique_Chimie,curiosité; esprit d'équipe; négociation et vente internationale; stratégie marketing et commerciale,Économie; Entrepreneuriat; Musique,gère les comptes d'une association d'élèves; s'intéresse à l'actualité économique et suit des chaînes d'information; pratique un sport en club depuis plusieurs années,Responsable Marketing; Responsable export,Contact clientèle/Relationnel,Droit et Techniques des Affaires,CAA,Commerce et Administration des Affaires,False,
P00153,18,F,Diana,Professionnel et technique,TOM,Industriel,13.05,12.0,12.9,13.3,15.7,13.9,15.1,12.4,11.2,14.4,12.5,10.2,13.0,Anglais; Economie; Francais,connaissance du patrimoine environnemental et culturel malgache; sens de l'organisation; créativité; sensibilisation au tourisme durable,Gastronomie; Hôtellerie,a effectué un stage d'observation dans un hôtel ou une agence de voyage; a occupé un petit job ou une activité rémunérée pendant les vacances,Chargé de valorisation touristique et environnementale; Professionnel du secteur du tourisme; travailler à l'international,Contact clientèle/Relationnel,Tourisme,TEE,Tourisme et Environnement,False,
P00154,19,F,Analamanga,Professionnel et technique,TFFI,Industriel,14.73,15.2,16.3,17.4,13.8,12.7,12.8,14.9,14.4,13.3,16.4,15.5,14.1,Arts; Informatique; Mathematiques; Physique_Chimie,analyses de laboratoire; créativité; esprit d'équipe; autonomie; exploitation minière et géologie; aisance relationnelle; hygiène sécurité environnement (HSE),Bricolage; Industrie,a effectué un stage d'observation dans un atelier ou une usine,Responsable HSE; créer sa propre entreprise,Atelier/Industriel,Génie Industriel,ICMP,"Industries Chimiques, Minières et Pétrolières",False,
P00155,17,M,Atsimo-Atsinanana,Général,C,,13.18,16.3,12.4,11.6,13.9,13.2,12.1,15.2,12.2,12.9,14.5,10.7,13.1,Francais; Histoire_Geo; Informatique; Mathematiques,curiosité; persévérance; créativité; analyse statistique et probabilités appliquées; traitement de données massives (Big Data); machine learning et deep learning; sens de l'observation,Jeux vidéo; Programmation,a participé à un club informatique ou de robotique au lycée; a suivi un tutoriel en ligne de programmation et créé un petit site web personnel; a occupé un petit job ou une activité rémunérée pendant les vacances,Data Analyst; Ingénieur Machine Learning; avoir un métier stable,Bureau/Numérique,Informatique et Télécommunications,ISAIA,"Informatique, Statistique Appliquée et Intelligence Artificielle",False,
P00156,20,F,Atsimo-Andrefana,Professionnel et technique,TAG,Agricole,12.74,12.4,15.6,17.4,11.7,14.0,9.4,10.8,12.2,13.6,14.5,8.7,12.6,Informatique; Mathematiques; Physique_Chimie,créativité; transformation agroalimentaire; autonomie; esprit d'équipe; curiosité; biochimie et R&D,Animaux; Nature,a participé à un club de sciences naturelles ou d'écologie; pratique un sport en club depuis plusieurs années,Responsable Qualité et Hygiène; Consultant qualité,Terrain/Extérieur,Biotechnologie et Agronomie,IAA,Industries Agroalimentaires,False,
P00157,19,F,Alaotra-Mangoro,Général,C,,12.07,11.7,11.8,14.7,12.7,11.1,11.0,13.7,11.1,13.8,12.4,11.6,9.3,Economie; Histoire_Geo; SVT,persévérance; sens de l'organisation; zootechnie et pisciculture; développement rural; agroécologie et agriculture biologique; rigueur; aisance relationnelle,Santé; Nature,a participé à un club de sciences naturelles ou d'écologie; aide régulièrement dans l'exploitation agricole familiale; pratique un sport en club depuis plusieurs années,Ingénieur Agronome; Consultant en agroécologie,Laboratoire/Recherche,Biotechnologie et Agronomie,AEE,Agriculture et Élevage,False,
P00158,20,M,Atsinanana,Professionnel et technique,TAMB,Industriel,15.32,17.6,17.5,16.0,17.4,14.5,11.4,16.5,13.6,14.4,15.3,14.1,15.5,Francais; Histoire_Geo; Mathematiques; Physique_Chimie; SVT,persévérance; esprit d'analyse; hygiène sécurité environnement (HSE); curiosité,Industrie; Bricolage,aide régulièrement à l'entretien de véhicules en famille,Ingénieur en génie des procédés chimiques,Atelier/Industriel,Génie Industriel,ICMP,"Industries Chimiques, Minières et Pétrolières",False,
P00159,17,F,Analanjirofo,Professionnel et technique,CCBTP,Génie civil / BTP,15.08,16.8,15.5,13.0,14.4,15.0,14.9,14.7,15.7,15.5,16.3,15.7,13.5,Arts; Informatique; Mathematiques; Philosophie; Physique_Chimie,connaissance du patrimoine environnemental et culturel malgache; curiosité; rigueur; autonomie,Hôtellerie; Langues étrangères; Musique,pratique l'anglais ou une autre langue étrangère en autodidacte; a occupé un petit job ou une activité rémunérée pendant les vacances,Professionnel du secteur du tourisme; Chargé de valorisation touristique et environnementale,Contact clientèle/Relationnel,Tourisme,TEE,Tourisme et Environnement,False,
P00160,17,F,Analanjirofo,Général,S,,11.18,11.0,15.1,12.8,8.5,10.0,13.5,9.2,9.3,13.1,10.3,11.1,10.3,Anglais; Economie; Physique_Chimie,esprit d'équipe; génie des procédés chimiques; esprit d'analyse,Animaux; Industrie; Bénévolat associatif,s'occupe d'un petit élevage ou d'un jardin potager; pratique un sport en club depuis plusieurs années,Ingénieur pétrolier,Atelier/Industriel,Génie Industriel,ICMP,"Industries Chimiques, Minières et Pétrolières",True,IAA
P00161,20,F,Fitovinany,Général,A2,,12.46,15.1,14.5,15.9,14.4,12.4,11.3,8.2,13.7,10.3,10.7,11.2,11.8,Mathematiques; Physique_Chimie; SVT,sens de l'observation; sécurité alimentaire; biochimie et R&D; curiosité,Animaux; Environnement; Lecture,s'occupe d'un petit élevage ou d'un jardin potager; pratique un sport en club depuis plusieurs années,Consultant qualité,Terrain/Extérieur,Biotechnologie et Agronomie,IAA,Industries Agroalimentaires,False,
P00162,17,M,Androy,Professionnel et technique,TEV,Agricole,13.62,10.7,14.3,13.5,14.3,11.6,18.5,14.9,12.6,9.8,14.4,14.3,14.6,Anglais; Histoire_Geo; Philosophie,créativité; sens de l'observation; sens de l'organisation; sensibilisation au tourisme durable,Langues étrangères; Cultures du monde; Réseaux sociaux,a organisé un voyage ou un événement pour son groupe d'amis; pratique un sport en club depuis plusieurs années,Professionnel du secteur du tourisme,Mixte/Itinérant,Tourisme,TEE,Tourisme et Environnement,False,
P00163,17,F,Melaky,Professionnel et technique,TFFI,Industriel,15.68,20,15.3,16.3,14.8,13.7,14.3,13.4,16.9,16.7,14.6,16.2,16.0,Economie; Francais; Philosophie,persévérance; sens de l'organisation; esprit d'équipe; business intelligence; machine learning et deep learning,Jeux vidéo; Technologie,a créé un compte de jeu vidéo compétitif et anime une petite communauté en ligne; a suivi un tutoriel en ligne de programmation et créé un petit site web personnel; participe à des activités associatives ou de bénévolat,Ingénieur Machine Learning; Analyste Big Data; travailler à l'international,Bureau/Numérique,Informatique et Télécommunications,ISAIA,"Informatique, Statistique Appliquée et Intelligence Artificielle",False,
P00164,18,F,Fitovinany,Professionnel et technique,TAMB,Industriel,12.62,14.2,14.6,9.5,11.6,13.1,13.3,15.9,10.5,17.8,11.6,10.6,8.8,Anglais; Economie; Histoire_Geo; Mathematiques; Physique_Chimie,esprit d'analyse; persévérance; curiosité; gestion financière prévisionnelle,Gestion; Réseaux sociaux,s'intéresse à l'actualité économique et suit des chaînes d'information; a participé à un club de débat ou un simulacre de procès au lycée,Consultant en management; Planificateur stratégique; travailler à l'international,Bureau/Numérique,Droit et Techniques des Affaires,EMP,Économie et Management de Projet,False,
P00165,19,F,Analamanga,Professionnel et technique,TMA,Industriel,8.47,9.4,6.8,6.2,10.1,6.4,7.3,9.7,8.0,12.5,6.9,10.2,8.1,Arts; Economie; Francais; Histoire_Geo; Mathematiques,rigueur; management stratégique; gestion financière prévisionnelle; pilotage et planification de projets; sens de l'organisation,Gestion; Économie,gère les comptes d'une association d'élèves; s'intéresse à l'actualité économique et suit des chaînes d'information,Chef de projet,Bureau/Numérique,Droit et Techniques des Affaires,EMP,Économie et Management de Projet,False,
P00166,18,M,Melaky,Professionnel et technique,CCBTP,Génie civil / BTP,9.45,9.9,11.4,10.4,8.5,9.7,7.0,9.0,8.0,10.6,11.7,9.1,8.1,Economie; Informatique; Mathematiques; Physique_Chimie; SVT,gestion de chantier; géotechnique; curiosité; calcul de structures (RDM); esprit d'analyse,Architecture; Urbanisme; Sport,a visité un chantier de construction dans le cadre d'un stage d'observation; aime dessiner des plans de maisons ou des croquis d'aménagement,Conducteur de travaux; Entrepreneur en BTP,Chantier/BTP,Génie Civil et Architecture,GCA,Génie Civil et Architecture,False,
P00167,20,F,Analanjirofo,Général,D,,11.92,9.7,12.2,12.8,11.6,12.4,16.0,12.9,9.0,10.8,10.9,12.4,12.3,Anglais; Histoire_Geo; Malgache; SVT,langues étrangères; aisance relationnelle; autonomie,Langues étrangères; Gastronomie; Musique,aime cuisiner et découvrir des plats d'autres cultures; participe à des activités associatives ou de bénévolat,Manager d'agence de voyage; Gestionnaire de sites protégés,Mixte/Itinérant,Tourisme,TEH,"Tourisme, Environnement et Hôtellerie",False,
P00168,20,F,Boeny,Professionnel et technique,TMA,Industriel,13.65,15.3,14.1,13.0,15.2,12.9,14.9,15.1,11.2,14.2,14.2,12.0,11.7,Francais; Histoire_Geo; Mathematiques,"curiosité; gestion de projets informatiques; notions d'intelligence artificielle; programmation multi-langages (Java, C#, PHP, JavaScript); aisance relationnelle",Technologie; Jeux vidéo,a suivi un tutoriel en ligne de programmation et créé un petit site web personnel; a monté et dépanné des ordinateurs pour son entourage,Chef de projet informatique,Bureau/Numérique,Informatique et Télécommunications,IGGLIA,"Informatique de Gestion, Génie Logiciel et Intelligence Artificielle",False,
P00169,17,M,Haute Matsiatra,Professionnel et technique,TMEL,Industriel,12.11,11.1,10.1,9.6,14.3,11.8,14.9,15.8,12.2,9.4,12.7,13.1,10.3,Anglais; Francais; Histoire_Geo,conception de produits touristiques; accueil et relation client; autonomie; gestion environnementale de sites touristiques; persévérance,Langues étrangères,a effectué un stage d'observation dans un hôtel ou une agence de voyage,Directeur d'établissement hôtelier,Mixte/Itinérant,Tourisme,TEH,"Tourisme, Environnement et Hôtellerie",False,
P00170,19,F,Boeny,Général,D,,14.68,14.6,14.4,14.8,14.2,16.9,13.8,15.0,14.3,13.0,16.3,15.1,13.8,Arts; Histoire_Geo; Informatique; Malgache,créativité; curiosité; communication digitale et PAO,Jeux vidéo,a monté et dépanné des ordinateurs pour son entourage,Développeur multimédia; Spécialiste en communication digitale / Community Manager; créer sa propre entreprise,Bureau/Numérique,Informatique et Télécommunications,IMTICIA,"Informatique Multimédia, Technologie de l'Information et de la Communication et Intelligence Artificielle",False,
P00171,18,M,Amoron'i Mania,Général,S,,8.57,9.1,7.5,11.6,4.8,8.2,6.6,13.5,11.1,8.6,5.6,7.8,8.4,Histoire_Geo; Philosophie; SVT,développement rural; esprit d'analyse; sens de l'observation; productions végétales et animales; agroécologie et agriculture biologique; autonomie,Animaux; Santé; Lecture,aide régulièrement dans l'exploitation agricole familiale; s'occupe d'un petit élevage ou d'un jardin potager,Ingénieur Agronome; Conseiller agricole,Laboratoire/Recherche,Biotechnologie et Agronomie,AEE,Agriculture et Élevage,True,IAA
P00172,20,M,Diana,Général,S,,9.77,8.1,13.5,13.1,7.4,7.3,9.2,9.5,9.4,12.6,10.4,8.8,7.9,Economie; Physique_Chimie; SVT,esprit d'équipe; rigueur; créativité; gestion de laboratoire d'analyses médicales; formulation pharmaceutique; phytochimie,Agriculture,s'occupe d'un petit élevage ou d'un jardin potager; aide régulièrement dans l'exploitation agricole familiale,Responsable de production pharmaceutique; Ingénieur de laboratoire médical,Terrain/Extérieur,Biotechnologie et Agronomie,PIP,Pharmacologie et Industries Pharmaceutiques,True,ICMP
P00173,19,F,Vatovavy,Professionnel et technique,MEMA,Industriel,11.33,12.8,11.6,12.0,10.9,8.9,10.4,10.5,9.0,9.8,13.5,13.6,13.0,Arts; EPS; Informatique,"programmation multi-langages (Java, C#, PHP, JavaScript); rigueur; conception logicielle (UML, Merise); curiosité; gestion de projets informatiques",Réseaux sociaux et numérique; Lecture,a participé à un club informatique ou de robotique au lycée; participe à des activités associatives ou de bénévolat,UX/UI Designer; Développeur multimédia,Bureau/Numérique,Informatique et Télécommunications,IMTICIA,"Informatique Multimédia, Technologie de l'Information et de la Communication et Intelligence Artificielle",True,IGGLIA
P00174,19,M,Atsimo-Atsinanana,Professionnel et technique,TMA,Industriel,8.12,7.9,4.1,7.7,8.5,8.2,9.1,7.5,10.2,9.7,9.2,9.0,6.4,Economie; Informatique; Philosophie,"administration de bases de données; créativité; esprit d'équipe; curiosité; autonomie; conception logicielle (UML, Merise)",Programmation; Sport,a suivi un tutoriel en ligne de programmation et créé un petit site web personnel,Ingénieur en génie logiciel; Développeur Full-Stack (Web & Mobile),Bureau/Numérique,Informatique et Télécommunications,IGGLIA,"Informatique de Gestion, Génie Logiciel et Intelligence Artificielle",False,
P00175,17,M,Melaky,Professionnel et technique,TMF,Industriel,12.03,15.4,14.0,12.4,11.2,13.0,10.8,10.8,9.0,12.7,16.5,9.5,9.1,Informatique; Malgache; Mathematiques; Physique_Chimie,"persévérance; conception logicielle (UML, Merise); autonomie",Réseaux sociaux et numérique; Bénévolat associatif,a créé un compte de jeu vidéo compétitif et anime une petite communauté en ligne; a suivi un tutoriel en ligne de programmation et créé un petit site web personnel; pratique un sport en club depuis plusieurs années,Architecte logiciel; contribuer au développement de Madagascar,Mixte/Itinérant,Informatique et Télécommunications,IGGLIA,"Informatique de Gestion, Génie Logiciel et Intelligence Artificielle",False,
P00176,20,M,Atsimo-Andrefana,Général,A2,,16.32,17.4,13.8,16.3,18.5,15.7,19.7,19.5,15.6,15.3,15.0,13.6,15.4,Anglais; Francais; Histoire_Geo,management hôtelier et restauration; créativité; sens de l'organisation; esprit d'équipe,Gastronomie; Langues étrangères; Bénévolat associatif,aime cuisiner et découvrir des plats d'autres cultures; pratique un sport en club depuis plusieurs années,Gestionnaire de sites protégés; avoir un poste à responsabilités,Contact clientèle/Relationnel,Tourisme,TEH,"Tourisme, Environnement et Hôtellerie",False,
P00177,18,F,Betsiboka,Général,C,,11.35,16.0,10.2,10.8,11.3,9.8,10.2,10.1,10.8,12.7,12.6,11.8,9.9,EPS; Informatique; Mathematiques,rigueur; persévérance; business intelligence; esprit d'analyse; créativité,Programmation,a monté et dépanné des ordinateurs pour son entourage,Statisticien financier; Data Analyst,Bureau/Numérique,Informatique et Télécommunications,ISAIA,"Informatique, Statistique Appliquée et Intelligence Artificielle",False,
P00178,17,F,Menabe,Technologique,TGC,Génie civil,11.78,15.0,10.9,11.3,12.5,13.0,15.6,11.2,10.0,13.9,11.9,7.6,8.5,Anglais; Economie; Malgache; Mathematiques,stratégie marketing et commerciale; esprit d'équipe; sens de l'observation; esprit d'analyse; analyse financière et gestion budgétaire; autonomie,Gestion; Réseaux sociaux,s'intéresse à l'actualité économique et suit des chaînes d'information; gère les comptes d'une association d'élèves; participe à des activités associatives ou de bénévolat,Analyste de marché; Responsable export,Contact clientèle/Relationnel,Droit et Techniques des Affaires,CAA,Commerce et Administration des Affaires,False,
P00179,20,M,Atsimo-Atsinanana,Général,S,,13.22,11.1,15.1,19.3,11.2,12.6,12.5,13.8,11.6,12.8,12.9,11.3,14.4,EPS; Histoire_Geo; Informatique; Physique_Chimie; SVT,sécurité alimentaire; aisance relationnelle; normes HACCP et microbiologie; curiosité; persévérance,Agriculture; Lecture,a réalisé un exposé scolaire sur la santé ou la biologie,Consultant qualité; Ingénieur de production en industrie agroalimentaire,Laboratoire/Recherche,Biotechnologie et Agronomie,IAA,Industries Agroalimentaires,False,
P00180,17,M,Betsiboka,Professionnel et technique,DAMB,Industriel,14.38,14.1,19.1,13.2,15.7,13.5,10.3,13.9,15.1,15.1,18.4,12.8,11.4,Francais; Informatique; Philosophie; Physique_Chimie,"esprit d'analyse; automatismes (Grafcet, automates); sens de l'organisation; curiosité; systèmes embarqués et IoT",Programmation; Industrie; Réseaux sociaux,aide régulièrement à l'entretien de véhicules en famille; a monté et dépanné des ordinateurs pour son entourage,Spécialiste en maintenance de systèmes informatisés; Ingénieur en télécommunications,Bureau/Numérique,Informatique et Télécommunications,ESIIA,"Électronique, Systèmes Informatiques et Intelligence Artificielle",True,EMII
P00181,17,F,Androy,Professionnel et technique,CCBTP,Génie civil / BTP,13.95,16.5,13.3,16.4,11.9,14.1,13.5,15.0,11.9,15.2,14.3,11.8,13.5,Economie; Histoire_Geo; Mathematiques; SVT,calcul de structures (RDM); ingénierie des infrastructures routières et hydrauliques; géotechnique; curiosité; autonomie,Dessin et design; Bénévolat associatif,a réalisé des maquettes ou des plans de construction pour un projet scolaire; a visité un chantier de construction dans le cadre d'un stage d'observation; a occupé un petit job ou une activité rémunérée pendant les vacances,Ingénieur en Bureau d'Études,Bureau d'études,Génie Civil et Architecture,GCA,Génie Civil et Architecture,False,
P00182,20,F,Diana,Général,A2,,14.86,14.3,16.7,17.6,15.8,12.7,14.4,15.4,14.1,15.3,13.2,14.8,14.0,Francais; Malgache; Physique_Chimie,normes HACCP et microbiologie; créativité; gestion de laboratoire d'analyses médicales; persévérance; sens de l'observation; sens de l'organisation,Animaux; Bénévolat associatif,a réalisé un exposé scolaire sur la santé ou la biologie,Chef de production; Consultant qualité,Terrain/Extérieur,Biotechnologie et Agronomie,IAA,Industries Agroalimentaires,True,PIP
P00183,17,F,Anosy,Professionnel et technique,MEMA,Industriel,9.82,13.7,13.7,7.9,10.6,6.7,8.5,9.8,8.1,8.2,10.7,10.8,9.1,Arts; Informatique; Mathematiques; Physique_Chimie,sens de l'organisation; systèmes embarqués et IoT; créativité; curiosité; robotique et domotique; maintenance hardware et microcontrôleurs; esprit d'équipe,Programmation; Jeux vidéo; Réseaux sociaux,a créé un compte de jeu vidéo compétitif et anime une petite communauté en ligne; a occupé un petit job ou une activité rémunérée pendant les vacances,Ingénieur en télécommunications; Expert en systèmes embarqués et IoT,Bureau/Numérique,Informatique et Télécommunications,ESIIA,"Électronique, Systèmes Informatiques et Intelligence Artificielle",False,
P00184,17,F,Betsiboka,Professionnel et technique,TFFI,Industriel,11.73,14.1,15.3,11.0,11.0,12.6,11.7,10.3,9.1,9.5,10.9,12.2,13.1,EPS; Mathematiques; Physique_Chimie,sens de l'observation; raffinage et pétrochimie; créativité; esprit d'analyse; exploitation minière et géologie; rigueur,Santé,a réalisé un exposé scolaire sur la santé ou la biologie,Ingénieur minier; Ingénieur de laboratoire d'analyses; contribuer au développement de Madagascar,Atelier/Industriel,Génie Industriel,ICMP,"Industries Chimiques, Minières et Pétrolières",True,IAA
P00185,18,F,Menabe,Professionnel et technique,TMEL,Industriel,6.53,8.3,5.7,7.0,5.7,5.3,8.2,4.4,6.6,5.4,7.0,7.5,7.2,Anglais; Arts; EPS; Mathematiques,aisance relationnelle; exploitation minière et géologie; autonomie,Industrie,aide régulièrement à l'entretien de véhicules en famille; pratique un sport en club depuis plusieurs années,Ingénieur en génie des procédés chimiques,Atelier/Industriel,Génie Industriel,ICMP,"Industries Chimiques, Minières et Pétrolières",False,
P00186,18,M,Anosy,Professionnel et technique,TMF,Industriel,12.99,15.8,11.9,15.0,12.5,13.5,9.3,11.6,12.1,13.7,17.4,11.6,11.5,Economie; Informatique; Malgache; Mathematiques; SVT,"curiosité; conception logicielle (UML, Merise); rigueur; administration de bases de données; gestion de projets informatiques; esprit d'équipe",Robotique; Bénévolat associatif,a suivi un tutoriel en ligne de programmation et créé un petit site web personnel; participe à des activités associatives ou de bénévolat,Développeur Full-Stack (Web & Mobile); Architecte logiciel; créer sa propre entreprise,Mixte/Itinérant,Informatique et Télécommunications,IGGLIA,"Informatique de Gestion, Génie Logiciel et Intelligence Artificielle",False,
P00187,17,F,Vatovavy,Professionnel et technique,TMEL,Industriel,14.52,16.8,15.0,15.7,13.0,12.6,10.5,14.1,13.9,13.6,20,15.0,14.0,Arts; Informatique; Mathematiques; Physique_Chimie; SVT,"programmation multi-langages (Java, C#, PHP, JavaScript); administration de bases de données; rigueur; esprit d'équipe; gestion de projets informatiques",Jeux vidéo,a suivi un tutoriel en ligne de programmation et créé un petit site web personnel; a occupé un petit job ou une activité rémunérée pendant les vacances,Architecte logiciel,Bureau/Numérique,Informatique et Télécommunications,IGGLIA,"Informatique de Gestion, Génie Logiciel et Intelligence Artificielle",False,
P00188,20,M,Androy,Professionnel et technique,TAMB,Industriel,14.04,14.8,13.7,12.8,14.0,10.8,13.5,13.4,15.4,20,14.7,12.1,13.3,Economie; Histoire_Geo; Mathematiques; Philosophie,gestion financière prévisionnelle; esprit d'analyse; sens de l'organisation; esprit d'équipe; persévérance,Débat et droit; Gestion; Musique,a participé à un club de débat ou un simulacre de procès au lycée; a organisé une petite activité commerciale ou un projet associatif,Chef de projet,Contact clientèle/Relationnel,Droit et Techniques des Affaires,EMP,Économie et Management de Projet,False,
P00189,19,M,Vakinankaratra,Professionnel et technique,TEV,Agricole,14.11,14.1,13.3,17.5,12.1,12.6,16.7,14.2,11.9,14.7,14.0,14.9,13.3,Anglais; Arts; Economie; Histoire_Geo; SVT,persévérance; esprit d'équipe; créativité; sécurité alimentaire,Santé,a réalisé un exposé scolaire sur la santé ou la biologie; a occupé un petit job ou une activité rémunérée pendant les vacances,Ingénieur de production en industrie agroalimentaire; avoir un métier stable,Terrain/Extérieur,Biotechnologie et Agronomie,IAA,Industries Agroalimentaires,False,
P00190,17,F,Vakinankaratra,Professionnel et technique,ACTC,Tertiaire,16.03,18.5,15.8,18.5,14.3,16.7,17.3,16.3,14.3,16.9,15.3,13.8,14.7,Anglais; Economie; Malgache; Mathematiques; SVT,rigueur; créativité; sens de l'observation; analyse économique et économétrie; curiosité; management stratégique,Gestion; Débat et droit,a participé à un club de débat ou un simulacre de procès au lycée; a organisé une petite activité commerciale ou un projet associatif; a occupé un petit job ou une activité rémunérée pendant les vacances,Analyste économique,Bureau/Numérique,Droit et Techniques des Affaires,EMP,Économie et Management de Projet,False,
P00191,18,M,Itasy,Professionnel et technique,CCBTP,Génie civil / BTP,13.13,16.0,15.8,11.5,13.9,11.8,11.2,11.2,13.3,12.0,12.3,16.1,12.5,Arts; Francais; Mathematiques; Philosophie; Physique_Chimie,autonomie; conception architecturale (AutoCAD/ArchiCAD); persévérance; rigueur,Dessin et design; Architecture; Lecture,aime dessiner des plans de maisons ou des croquis d'aménagement; a visité un chantier de construction dans le cadre d'un stage d'observation,Conducteur de travaux; Architecte junior,Bureau d'études,Génie Civil et Architecture,GCA,Génie Civil et Architecture,False,
P00192,19,M,Sofia,Technologique,TGI,Industriel,14.45,17.2,14.4,18.3,13.4,11.0,15.0,13.6,13.1,14.6,14.6,15.7,12.5,Anglais; Arts; Economie; Mathematiques; SVT,rigueur; hygiène sécurité environnement (HSE); aisance relationnelle; analyses de laboratoire; créativité; sens de l'organisation,Bricolage; Industrie; Réseaux sociaux,a effectué un stage d'observation dans un atelier ou une usine; participe à des activités associatives ou de bénévolat,Responsable HSE; créer sa propre entreprise,Terrain/Extérieur,Génie Industriel,ICMP,"Industries Chimiques, Minières et Pétrolières",False,
P00193,17,F,Haute Matsiatra,Professionnel et technique,TMF,Industriel,14.18,13.6,18.8,14.9,12.3,15.1,10.1,12.1,13.8,14.4,17.6,14.4,13.0,Economie; Histoire_Geo; Informatique; Physique_Chimie; SVT,"esprit d'analyse; maintenance hardware et microcontrôleurs; esprit d'équipe; administration de réseaux (GSM, TCP/IP); autonomie; sens de l'observation",Réseaux sociaux et numérique,a monté et dépanné des ordinateurs pour son entourage; a occupé un petit job ou une activité rémunérée pendant les vacances,Spécialiste en robotique et domotique; Architecte Hardware,Bureau/Numérique,Informatique et Télécommunications,ESIIA,"Électronique, Systèmes Informatiques et Intelligence Artificielle",False,
P00194,18,M,Haute Matsiatra,Professionnel et technique,TMA,Industriel,12.75,13.4,13.2,12.7,9.4,12.9,12.1,10.9,15.0,14.8,12.3,13.4,12.9,Arts; Economie; Mathematiques; Philosophie,comptabilité générale et analytique; audit financier; fiscalité d'entreprise; curiosité; rigueur,Entrepreneuriat; Débat et droit,gère les comptes d'une association d'élèves; a occupé un petit job ou une activité rémunérée pendant les vacances,Trésorier d'entreprise; avoir un poste à responsabilités,Bureau/Numérique,Droit et Techniques des Affaires,FIC,Finances et Comptabilité,False,
P00195,20,M,Betsiboka,Professionnel et technique,TOM,Industriel,12.31,13.8,9.5,14.3,13.1,11.5,11.9,12.5,12.6,9.7,12.9,13.0,12.9,Arts; Francais; Informatique; Mathematiques; SVT,analyse statistique et probabilités appliquées; sens de l'organisation; curiosité; aisance relationnelle; persévérance,Réseaux sociaux et numérique,a participé à un club informatique ou de robotique au lycée; a monté et dépanné des ordinateurs pour son entourage,Data Scientist; Data Analyst; avoir un poste à responsabilités,Bureau/Numérique,Informatique et Télécommunications,ISAIA,"Informatique, Statistique Appliquée et Intelligence Artificielle",False,
P00196,20,M,Vatovavy,Général,L,,10.56,10.3,10.6,9.5,11.7,12.5,10.7,11.9,10.4,12.3,10.0,7.9,8.9,Economie; Histoire_Geo; Malgache,gestion des litiges commerciaux; esprit d'analyse; autonomie; rigueur,Débat et droit; Sport,s'intéresse à l'actualité économique et suit des chaînes d'information; a occupé un petit job ou une activité rémunérée pendant les vacances,Expert en contentieux d'affaires,Bureau/Numérique,Droit et Techniques des Affaires,DTJA,Droit et Techniques Juridiques des Affaires,False,
P00197,20,M,Vakinankaratra,Général,OSE,,11.86,16.2,10.5,11.6,12.6,11.9,10.2,9.5,13.0,15.3,10.0,10.5,11.0,Economie; Francais; Malgache; Mathematiques; Philosophie,esprit d'analyse; gestion de trésorerie; comptabilité générale et analytique; audit financier; sens de l'organisation,Gestion,a participé à un club de débat ou un simulacre de procès au lycée,Directeur Administratif et Financier,Bureau/Numérique,Droit et Techniques des Affaires,FIC,Finances et Comptabilité,False,
P00198,17,F,Betsiboka,Professionnel et technique,TMA,Industriel,9.7,12.8,9.4,7.6,7.4,7.8,10.5,8.6,8.3,6.8,15.7,9.9,11.6,EPS; Informatique; Mathematiques,"programmation multi-langages (Java, C#, PHP, JavaScript); administration de bases de données; persévérance; esprit d'équipe; gestion de projets informatiques",Technologie; Musique,a monté et dépanné des ordinateurs pour son entourage,Architecte logiciel,Bureau/Numérique,Informatique et Télécommunications,IGGLIA,"Informatique de Gestion, Génie Logiciel et Intelligence Artificielle",False,
P00199,19,F,Haute Matsiatra,Général,D,,10.63,11.2,11.1,15.4,10.1,10.7,11.4,8.5,10.0,9.0,9.9,11.3,9.0,Anglais; Arts; SVT,créativité; formulation pharmaceutique; rigueur; autonomie; gestion de laboratoire d'analyses médicales; sens de l'observation,Santé,aide régulièrement dans l'exploitation agricole familiale; a participé à un club de sciences naturelles ou d'écologie; pratique un sport en club depuis plusieurs années,Chercheur en phyto-médicaments; Délégué médical,Laboratoire/Recherche,Biotechnologie et Agronomie,PIP,Pharmacologie et Industries Pharmaceutiques,False,
P00200,20,M,Sava,Professionnel et technique,MEMA,Industriel,14.65,15.1,12.7,12.0,14.9,15.6,13.9,11.8,12.3,16.0,20,16.3,15.2,Arts; Economie; Informatique,développement web et mobile multimédia; sens de l'observation; curiosité; production et montage audiovisuel; design UI/UX,Programmation; Jeux vidéo; Lecture,a monté et dépanné des ordinateurs pour son entourage; a participé à un club informatique ou de robotique au lycée,UX/UI Designer,Bureau/Numérique,Informatique et Télécommunications,IMTICIA,"Informatique Multimédia, Technologie de l'Information et de la Communication et Intelligence Artificielle",False,
P00201,20,F,Diana,Professionnel et technique,TMEL,Industriel,12.16,12.5,11.7,8.6,14.4,13.6,15.1,12.3,9.1,12.3,13.7,12.8,9.8,Anglais; Francais; Informatique,sens de l'observation; accueil et relation client; management hôtelier et restauration; rigueur; créativité; gestion environnementale de sites touristiques; aisance relationnelle,Cultures du monde; Langues étrangères,aime cuisiner et découvrir des plats d'autres cultures; pratique l'anglais ou une autre langue étrangère en autodidacte; pratique un sport en club depuis plusieurs années,Gestionnaire de sites protégés; Manager d'agence de voyage,Contact clientèle/Relationnel,Tourisme,TEH,"Tourisme, Environnement et Hôtellerie",False,
P00202,20,M,Betsiboka,Général,C,,12.11,17.4,11.4,8.7,13.4,14.7,9.7,8.2,11.0,16.2,12.1,11.6,10.9,EPS; Economie; Francais; Mathematiques,rigueur; autonomie; traitement de données massives (Big Data); curiosité,Programmation; Bénévolat associatif,a participé à un club informatique ou de robotique au lycée,Data Analyst; Statisticien financier,Bureau/Numérique,Informatique et Télécommunications,ISAIA,"Informatique, Statistique Appliquée et Intelligence Artificielle",False,
P00203,18,F,Itasy,Général,C,,11.99,17.3,12.9,11.4,12.4,12.7,13.9,10.9,10.6,10.1,10.6,11.5,9.6,Anglais; Francais; Malgache; Mathematiques; Physique_Chimie,hygiène sécurité environnement (HSE); esprit d'analyse; sens de l'organisation; esprit d'équipe,Mécanique,a participé à un club de robotique ou de modélisme; a occupé un petit job ou une activité rémunérée pendant les vacances,Ingénieur pétrolier; travailler à l'international,Atelier/Industriel,Génie Industriel,ICMP,"Industries Chimiques, Minières et Pétrolières",False,
P00204,20,F,Fitovinany,Général,S,,13.72,11.9,14.0,12.4,13.2,14.4,16.8,14.4,14.9,15.5,8.7,13.4,15.1,Anglais; EPS; Economie; Malgache; Philosophie,créativité; esprit d'équipe; esprit d'analyse; conception de produits touristiques; autonomie,Gastronomie; Musique,a organisé un voyage ou un événement pour son groupe d'amis; a occupé un petit job ou une activité rémunérée pendant les vacances,Gestionnaire de sites protégés; Manager d'agence de voyage; contribuer au développement de Madagascar,Mixte/Itinérant,Tourisme,TEH,"Tourisme, Environnement et Hôtellerie",False,
P00205,20,M,Boeny,Professionnel et technique,DAMB,Industriel,13.25,13.9,15.2,12.1,13.0,16.1,13.0,13.0,12.3,11.8,12.7,14.2,11.7,Arts; Mathematiques; Physique_Chimie,"sens de l'organisation; autonomie; développement full-stack; aisance relationnelle; administration de bases de données; programmation multi-langages (Java, C#, PHP, JavaScript); persévérance",Réseaux sociaux et numérique; Réseaux sociaux,a participé à un club informatique ou de robotique au lycée,Ingénieur en génie logiciel,Mixte/Itinérant,Informatique et Télécommunications,IGGLIA,"Informatique de Gestion, Génie Logiciel et Intelligence Artificielle",False,
P00206,17,M,Analamanga,Professionnel et technique,MEMA,Industriel,11.12,12.9,16.5,11.1,10.4,9.1,9.8,12.3,8.1,13.6,8.9,11.5,9.2,Economie; Histoire_Geo; Mathematiques; Physique_Chimie,"rigueur; esprit d'analyse; gestion de production industrielle; automatismes (Grafcet, automates); maintenance industrielle pluridisciplinaire; sens de l'observation",Automobile et aéronautique; Mécanique; Réseaux sociaux,aide régulièrement à l'entretien de véhicules en famille; a participé à un club de robotique ou de modélisme,Ingénieur en électrotechnique; avoir un poste à responsabilités,Atelier/Industriel,Génie Industriel,EMII,Électromécanique et Informatique Industrielle,False,
P00207,18,F,Menabe,Général,C,,12.28,11.1,14.0,14.2,11.1,12.0,11.5,13.0,10.7,13.3,12.3,10.8,13.3,Arts; Economie; SVT,analyses de laboratoire; sens de l'organisation; créativité; exploitation minière et géologie; esprit d'analyse; formulation pharmaceutique; sens de l'observation,Animaux; Environnement; Sport,a effectué un stage d'observation dans un atelier ou une usine,Responsable contrôle qualité; Chercheur en phyto-médicaments,Terrain/Extérieur,Biotechnologie et Agronomie,PIP,Pharmacologie et Industries Pharmaceutiques,True,ICMP
P00208,19,F,Betsiboka,Général,S,,14.64,13.2,15.5,14.3,13.9,15.5,16.9,12.9,14.6,14.9,16.7,14.3,13.0,Anglais; Informatique; Physique_Chimie,design UI/UX; autonomie; curiosité; production et montage audiovisuel,Réseaux sociaux et numérique; Sport,a créé un compte de jeu vidéo compétitif et anime une petite communauté en ligne; pratique un sport en club depuis plusieurs années,Directeur artistique numérique / Motion Designer,Bureau/Numérique,Informatique et Télécommunications,IMTICIA,"Informatique Multimédia, Technologie de l'Information et de la Communication et Intelligence Artificielle",False,
P00209,17,M,Vakinankaratra,Technologique,TGI,Industriel,9.4,11.1,11.3,8.8,6.0,7.9,9.0,8.1,10.3,12.6,12.8,6.9,8.0,Economie; Mathematiques; Philosophie; Physique_Chimie,"créativité; administration de bases de données; rigueur; machine learning et deep learning; conception logicielle (UML, Merise)",Robotique,a créé un compte de jeu vidéo compétitif et anime une petite communauté en ligne,Statisticien financier; avoir un métier stable,Bureau/Numérique,Informatique et Télécommunications,ISAIA,"Informatique, Statistique Appliquée et Intelligence Artificielle",True,IGGLIA
P00210,19,M,Analanjirofo,Professionnel et technique,DAMB,Industriel,14.64,15.1,17.1,16.6,12.1,15.3,12.4,14.4,15.3,11.8,15.3,14.9,15.4,EPS; Malgache; Physique_Chimie; SVT,rigueur; esprit d'analyse; maintenance hardware et microcontrôleurs; traitement du signal et automatique; robotique et domotique,Programmation; Technologie; Bénévolat associatif,a participé à un club informatique ou de robotique au lycée; a suivi un tutoriel en ligne de programmation et créé un petit site web personnel; pratique un sport en club depuis plusieurs années,Ingénieur en télécommunications,Bureau/Numérique,Informatique et Télécommunications,ESIIA,"Électronique, Systèmes Informatiques et Intelligence Artificielle",False,
P00211,18,F,Atsimo-Atsinanana,Professionnel et technique,PCBTP,Génie civil / BTP,11.97,13.7,15.7,9.9,12.0,13.5,10.1,12.0,9.3,11.4,10.5,15.3,10.2,Anglais; Arts; Malgache; Mathematiques,aisance relationnelle; ingénierie des infrastructures routières et hydrauliques; persévérance; conception architecturale (AutoCAD/ArchiCAD); calcul de structures (RDM),Architecture; Construction,a visité un chantier de construction dans le cadre d'un stage d'observation; a occupé un petit job ou une activité rémunérée pendant les vacances,Urbaniste,Bureau d'études,Génie Civil et Architecture,GCA,Génie Civil et Architecture,False,
P00212,18,M,Itasy,Technologique,TTER,Tertiaire,13.34,12.4,12.2,14.3,12.2,15.1,16.0,15.3,13.0,10.2,11.6,14.3,13.5,Anglais; Histoire_Geo; Malgache; SVT,accueil et relation client; rigueur; esprit d'analyse; management hôtelier et restauration,Voyage; Bénévolat associatif,a effectué un stage d'observation dans un hôtel ou une agence de voyage; aime cuisiner et découvrir des plats d'autres cultures,Organisateur d'événements (MICE),Mixte/Itinérant,Tourisme,TEH,"Tourisme, Environnement et Hôtellerie",False,
P00213,19,M,Atsimo-Andrefana,Professionnel et technique,CG,Tertiaire,13.18,13.2,11.7,11.8,15.5,15.7,12.8,13.4,13.2,10.9,11.6,15.5,12.9,Anglais; Arts; Francais; Histoire_Geo,gestion environnementale de sites touristiques; esprit d'analyse; sens de l'organisation; autonomie; management hôtelier et restauration; accueil et relation client,Voyage; Sport,aime cuisiner et découvrir des plats d'autres cultures; participe à des activités associatives ou de bénévolat,Responsable écotourisme; travailler à l'international,Mixte/Itinérant,Tourisme,TEH,"Tourisme, Environnement et Hôtellerie",False,
P00214,19,F,Androy,Général,A2,,11.28,9.4,11.3,12.0,14.1,9.9,16.2,10.7,10.4,10.5,10.1,11.9,8.8,Anglais; Arts; Francais; Physique_Chimie; SVT,management hôtelier et restauration; esprit d'analyse; aisance relationnelle; persévérance; langues étrangères; conception de produits touristiques; créativité,Gastronomie; Réseaux sociaux,pratique l'anglais ou une autre langue étrangère en autodidacte,Directeur d'établissement hôtelier; Gestionnaire de sites protégés; travailler à l'international,Mixte/Itinérant,Tourisme,TEH,"Tourisme, Environnement et Hôtellerie",False,
P00215,17,M,Amoron'i Mania,Général,L,,10.65,9.3,9.9,10.4,14.1,12.1,8.9,11.8,11.9,7.7,13.4,8.9,9.4,Francais; Informatique; Malgache; Philosophie,esprit d'équipe; gestion des litiges commerciaux; droit foncier et minier; sens de l'observation; esprit d'analyse; aisance relationnelle,Actualité et politique; Économie,a participé à un club de débat ou un simulacre de procès au lycée,Responsable des ressources humaines (volet juridique),Contact clientèle/Relationnel,Droit et Techniques des Affaires,DTJA,Droit et Techniques Juridiques des Affaires,False,
P00216,18,M,Boeny,Professionnel et technique,TPFM,Industriel,10.09,11.9,15.4,10.7,8.1,7.5,9.7,9.6,8.7,9.7,10.0,10.8,9.0,Arts; Mathematiques; Physique_Chimie,sens de l'observation; raffinage et pétrochimie; créativité; esprit d'équipe; exploitation minière et géologie; autonomie; hygiène sécurité environnement (HSE),Automobile et aéronautique; Mécanique,a démonté et réparé des appareils électroménagers ou mécaniques par curiosité; a participé à un club de robotique ou de modélisme,Ingénieur pétrolier; Ingénieur minier; avoir un métier stable,Terrain/Extérieur,Génie Industriel,ICMP,"Industries Chimiques, Minières et Pétrolières",False,
P00217,19,M,Itasy,Général,D,,14.01,16.4,18.2,14.0,11.0,13.0,13.2,15.6,12.7,13.0,13.8,13.5,13.7,Histoire_Geo; Mathematiques; Physique_Chimie; SVT,rigueur; curiosité; ingénierie des infrastructures routières et hydrauliques; persévérance,Dessin et design; Construction; Bénévolat associatif,aime dessiner des plans de maisons ou des croquis d'aménagement,Ingénieur en génie civil,Bureau d'études,Génie Civil et Architecture,GCA,Génie Civil et Architecture,False,
P00218,17,M,Bongolava,Général,S,,11.9,14.4,9.5,9.9,9.6,13.5,11.7,13.0,13.3,15.4,9.1,11.3,12.1,Economie; Malgache; Mathematiques,pilotage et planification de projets; gestion financière prévisionnelle; curiosité; sens de l'organisation; esprit d'équipe,Économie; Entrepreneuriat; Lecture,a participé à un club de débat ou un simulacre de procès au lycée,Consultant en management; Responsable suivi-évaluation de projets,Bureau/Numérique,Droit et Techniques des Affaires,EMP,Économie et Management de Projet,False,
P00219,17,F,Itasy,Professionnel et technique,EN,Industriel,9.66,8.2,8.4,10.8,9.9,6.4,11.2,10.8,9.5,9.7,9.5,11.4,10.1,Anglais; Arts; SVT,gestion environnementale de sites touristiques; créativité; langues étrangères; aisance relationnelle,Gastronomie; Cultures du monde; Bénévolat associatif,a organisé un voyage ou un événement pour son groupe d'amis; participe à des activités associatives ou de bénévolat,Responsable écotourisme; Manager d'agence de voyage,Mixte/Itinérant,Tourisme,TEH,"Tourisme, Environnement et Hôtellerie",False,
P00220,18,F,Vakinankaratra,Professionnel et technique,TMF,Industriel,14.22,15.9,11.5,14.3,11.8,15.1,15.2,14.6,13.5,17.2,14.6,13.0,13.9,Anglais; Economie; Histoire_Geo; Malgache; Mathematiques,traitement de données massives (Big Data); autonomie; analyse statistique et probabilités appliquées; sens de l'organisation; créativité; business intelligence,Réseaux sociaux et numérique,a créé un compte de jeu vidéo compétitif et anime une petite communauté en ligne; a occupé un petit job ou une activité rémunérée pendant les vacances,Statisticien financier,Bureau/Numérique,Informatique et Télécommunications,ISAIA,"Informatique, Statistique Appliquée et Intelligence Artificielle",False,
P00221,17,F,Betsiboka,Général,D,,13.99,15.5,12.4,10.1,13.0,13.6,14.4,13.0,13.0,13.1,18.8,15.5,15.5,Arts; EPS; Informatique; Mathematiques,créativité; curiosité; aisance relationnelle; production et montage audiovisuel,Technologie; Programmation,a participé à un club informatique ou de robotique au lycée,UX/UI Designer; Ingénieur en technologies de la communication,Bureau/Numérique,Informatique et Télécommunications,IMTICIA,"Informatique Multimédia, Technologie de l'Information et de la Communication et Intelligence Artificielle",False,
P00222,17,F,Atsimo-Andrefana,Professionnel et technique,TMEL,Industriel,15.15,16.4,12.3,15.5,15.4,11.7,18.4,14.3,14.4,15.3,16.3,15.9,15.9,Anglais; Arts; Informatique; Mathematiques,sens de l'observation; machine learning et deep learning; analyse statistique et probabilités appliquées; esprit d'analyse,Robotique,a créé un compte de jeu vidéo compétitif et anime une petite communauté en ligne; a monté et dépanné des ordinateurs pour son entourage,Analyste Big Data; Statisticien financier,Bureau/Numérique,Informatique et Télécommunications,ISAIA,"Informatique, Statistique Appliquée et Intelligence Artificielle",False,
P00223,18,M,Bongolava,Professionnel et technique,TPFM,Industriel,11.49,12.6,8.9,9.8,11.1,13.6,13.8,10.6,12.3,10.1,14.1,11.4,9.6,Anglais; Informatique; Malgache; Mathematiques; Philosophie,curiosité; design UI/UX; production et montage audiovisuel; sens de l'observation; persévérance; esprit d'équipe,Jeux vidéo,a participé à un club informatique ou de robotique au lycée; a créé un compte de jeu vidéo compétitif et anime une petite communauté en ligne; pratique un sport en club depuis plusieurs années,UX/UI Designer; Webmaster,Bureau/Numérique,Informatique et Télécommunications,IMTICIA,"Informatique Multimédia, Technologie de l'Information et de la Communication et Intelligence Artificielle",False,
P00224,17,M,Vatovavy,Professionnel et technique,TMA,Industriel,10.62,13.0,12.5,9.1,10.6,10.7,10.1,9.8,10.6,7.4,12.7,12.2,8.7,Arts; Informatique; Mathematiques; Physique_Chimie,persévérance; esprit d'équipe; notions d'intelligence artificielle; développement full-stack,Technologie; Réseaux sociaux,a créé un compte de jeu vidéo compétitif et anime une petite communauté en ligne; a suivi un tutoriel en ligne de programmation et créé un petit site web personnel,Ingénieur en génie logiciel; Consultant en systèmes d'information et IA,Mixte/Itinérant,Informatique et Télécommunications,IGGLIA,"Informatique de Gestion, Génie Logiciel et Intelligence Artificielle",False,
P00225,20,F,Diana,Technologique,TGI,Industriel,13.52,11.3,15.3,10.6,16.7,14.1,16.2,14.9,13.4,10.3,12.2,16.1,11.1,Anglais; Arts; Francais; Physique_Chimie,rigueur; persévérance; autonomie; gestion environnementale de sites touristiques; management hôtelier et restauration,Langues étrangères,pratique l'anglais ou une autre langue étrangère en autodidacte; a organisé un voyage ou un événement pour son groupe d'amis; a occupé un petit job ou une activité rémunérée pendant les vacances,Chef de produit touristique; Directeur d'établissement hôtelier,Contact clientèle/Relationnel,Tourisme,TEH,"Tourisme, Environnement et Hôtellerie",False,
P00226,20,M,Vatovavy,Professionnel et technique,TOM,Industriel,13.06,13.6,12.8,12.0,14.8,13.4,11.9,13.4,13.7,12.2,13.2,14.6,11.1,Arts; Francais; Philosophie,sens de l'observation; curiosité; traitement de données massives (Big Data); esprit d'équipe; aisance relationnelle,Technologie; Robotique; Musique,a suivi un tutoriel en ligne de programmation et créé un petit site web personnel; participe à des activités associatives ou de bénévolat,Data Analyst; créer sa propre entreprise,Bureau/Numérique,Informatique et Télécommunications,ISAIA,"Informatique, Statistique Appliquée et Intelligence Artificielle",False,
P00227,20,F,Analamanga,Général,S,,12.83,13.5,11.5,12.7,15.0,12.0,11.2,10.4,13.4,17.3,14.1,12.1,10.8,Economie; Francais; Informatique; Mathematiques,gestion d'entreprise; autonomie; esprit d'analyse; rigueur; négociation et vente internationale; stratégie marketing et commerciale; esprit d'équipe,Économie; Débat et droit,gère les comptes d'une association d'élèves; a participé à un club de débat ou un simulacre de procès au lycée; a occupé un petit job ou une activité rémunérée pendant les vacances,Auditeur financier,Bureau/Numérique,Droit et Techniques des Affaires,FIC,Finances et Comptabilité,True,CAA
P00228,18,F,Atsimo-Atsinanana,Général,C,,13.2,13.0,15.8,15.7,12.8,13.2,11.9,12.7,13.2,12.0,14.3,11.6,12.2,Informatique; SVT,autonomie; exploitation minière et géologie; génie des procédés chimiques; créativité; sens de l'observation; sens de l'organisation,Électronique; Musique,a effectué un stage d'observation dans un atelier ou une usine,Ingénieur minier; Ingénieur de laboratoire d'analyses; avoir un poste à responsabilités,Atelier/Industriel,Génie Industriel,ICMP,"Industries Chimiques, Minières et Pétrolières",False,
P00229,20,F,Itasy,Professionnel et technique,DAMB,Industriel,13.84,16.9,13.6,14.1,9.3,14.0,12.2,12.6,17.0,17.5,13.6,12.3,13.0,Economie; Mathematiques; Philosophie,créativité; curiosité; esprit d'analyse; pilotage et planification de projets; sens de l'observation,Débat et droit; Gestion,s'intéresse à l'actualité économique et suit des chaînes d'information; a participé à un club de débat ou un simulacre de procès au lycée; pratique un sport en club depuis plusieurs années,Consultant en management; Planificateur stratégique,Contact clientèle/Relationnel,Droit et Techniques des Affaires,EMP,Économie et Management de Projet,False,
P00230,17,M,Vakinankaratra,Professionnel et technique,TPFM,Industriel,12.76,17.3,15.8,12.6,9.5,12.3,12.6,11.3,13.7,12.6,14.0,11.2,10.2,Informatique; Mathematiques; Philosophie; Physique_Chimie; SVT,"robotique et domotique; aisance relationnelle; administration de réseaux (GSM, TCP/IP); persévérance; curiosité",Technologie; Lecture,a créé un compte de jeu vidéo compétitif et anime une petite communauté en ligne,Expert en systèmes embarqués et IoT; Ingénieur système et réseau,Bureau/Numérique,Informatique et Télécommunications,ESIIA,"Électronique, Systèmes Informatiques et Intelligence Artificielle",False,
P00231,19,F,Bongolava,Général,A2,,11.79,12.7,11.8,12.3,14.0,12.4,12.9,13.2,11.2,10.2,10.7,10.9,9.2,Anglais; Francais; Histoire_Geo; Mathematiques,esprit d'analyse; gestion environnementale de sites touristiques; sensibilisation au tourisme durable; sens de l'observation; accueil et relation client,Cultures du monde; Voyage; Lecture,aime cuisiner et découvrir des plats d'autres cultures; pratique un sport en club depuis plusieurs années,Chargé de valorisation touristique et environnementale; Professionnel du secteur du tourisme; contribuer au développement de Madagascar,Mixte/Itinérant,Tourisme,TEE,Tourisme et Environnement,True,TEH
P00232,20,M,Melaky,Professionnel et technique,TFFI,Industriel,14.82,14.7,13.4,13.7,15.0,14.1,15.7,16.0,13.8,15.6,16.9,14.9,14.0,Anglais; Economie; Francais; Histoire_Geo; Informatique,curiosité; persévérance; rédaction d'actes juridiques; esprit d'équipe; gestion des litiges commerciaux,Gestion,gère les comptes d'une association d'élèves; a occupé un petit job ou une activité rémunérée pendant les vacances,Juriste d'affaires; Expert en contentieux d'affaires; avoir un métier stable,Contact clientèle/Relationnel,Droit et Techniques des Affaires,DTJA,Droit et Techniques Juridiques des Affaires,False,
P00233,18,M,Androy,Général,S,,12.6,15.3,13.2,10.2,11.8,12.7,11.7,13.8,11.9,16.6,12.0,9.9,12.1,Economie; Histoire_Geo; Mathematiques,esprit d'équipe; rigueur; fiscalité d'entreprise; créativité; gestion de trésorerie; persévérance; audit financier,Entrepreneuriat; Sport,s'intéresse à l'actualité économique et suit des chaînes d'information; a organisé une petite activité commerciale ou un projet associatif,Contrôleur de gestion; Trésorier d'entreprise,Bureau/Numérique,Droit et Techniques des Affaires,FIC,Finances et Comptabilité,False,
P00234,19,F,Sava,Professionnel et technique,PCBTP,Génie civil / BTP,11.05,9.6,8.1,9.7,12.8,12.2,10.1,13.8,11.8,12.0,13.0,9.2,10.3,Francais; Histoire_Geo; Informatique; Malgache,sens de l'organisation; autonomie; curiosité; droit foncier et minier; rédaction d'actes juridiques; esprit d'équipe,Gestion; Réseaux sociaux,a organisé une petite activité commerciale ou un projet associatif; gère les comptes d'une association d'élèves,Juriste d'affaires; Assistant juridique,Contact clientèle/Relationnel,Droit et Techniques des Affaires,DTJA,Droit et Techniques Juridiques des Affaires,False,
P00235,19,M,Analamanga,Professionnel et technique,CG,Tertiaire,12.97,14.3,13.4,12.0,14.3,11.7,11.9,12.7,14.1,14.6,11.2,12.1,13.3,Economie; Francais; Mathematiques; Philosophie; Physique_Chimie,rédaction d'actes juridiques; gestion des litiges commerciaux; persévérance; sens de l'observation; sens de l'organisation; autonomie,Économie; Musique,a organisé une petite activité commerciale ou un projet associatif,Expert en contentieux d'affaires; Assistant juridique,Bureau/Numérique,Droit et Techniques des Affaires,DTJA,Droit et Techniques Juridiques des Affaires,False,
P00236,20,M,Androy,Général,D,,11.38,9.6,17.3,11.1,10.4,10.6,11.1,10.6,9.0,9.2,15.2,11.6,10.8,Anglais; Arts; Informatique; Physique_Chimie; SVT,"sens de l'observation; persévérance; administration de réseaux (GSM, TCP/IP); esprit d'équipe",Réseaux sociaux et numérique; Jeux vidéo; Sport,a participé à un club informatique ou de robotique au lycée; pratique un sport en club depuis plusieurs années,Expert en systèmes embarqués et IoT,Mixte/Itinérant,Informatique et Télécommunications,ESIIA,"Électronique, Systèmes Informatiques et Intelligence Artificielle",False,
P00237,17,F,Melaky,Professionnel et technique,TAG,Agricole,15.02,14.0,13.7,18.4,15.4,17.3,13.2,16.6,17.0,13.9,15.1,13.1,12.5,Francais; Malgache; Philosophie; SVT,normes HACCP et microbiologie; sens de l'observation; créativité,Nature; Agriculture,aide régulièrement dans l'exploitation agricole familiale,Expert en agri-business; Responsable de production animale; avoir un métier stable,Terrain/Extérieur,Biotechnologie et Agronomie,AEE,Agriculture et Élevage,True,IAA
P00238,17,M,Analamanga,Général,C,,9.22,11.0,10.9,12.5,10.0,8.7,7.8,6.3,7.9,10.6,7.6,9.4,7.9,Economie; Mathematiques; Physique_Chimie; SVT,normes HACCP et microbiologie; sens de l'observation; biochimie et R&D; rigueur; transformation agroalimentaire,Animaux; Environnement; Musique,a participé à un club de sciences naturelles ou d'écologie; pratique un sport en club depuis plusieurs années,Ingénieur de production en industrie agroalimentaire; Chef de production; contribuer au développement de Madagascar,Terrain/Extérieur,Biotechnologie et Agronomie,IAA,Industries Agroalimentaires,False,
P00239,17,F,Amoron'i Mania,Général,C,,12.72,14.7,13.8,10.1,11.4,13.4,13.2,11.7,12.4,12.4,13.1,13.6,12.9,Arts; Mathematiques; SVT,persévérance; systèmes embarqués et IoT; sens de l'observation; créativité; maintenance hardware et microcontrôleurs,Technologie; Réseaux sociaux,a créé un compte de jeu vidéo compétitif et anime une petite communauté en ligne,Spécialiste en maintenance de systèmes informatisés; Ingénieur en télécommunications,Bureau/Numérique,Informatique et Télécommunications,ESIIA,"Électronique, Systèmes Informatiques et Intelligence Artificielle",False,
P00240,19,F,Analanjirofo,Technologique,TGC,Génie civil,10.14,11.0,9.0,8.6,7.5,12.2,10.3,8.6,7.2,13.0,10.2,11.8,12.3,Arts; EPS; Economie; Malgache,esprit d'équipe; persévérance; comptabilité générale et analytique,Économie; Actualité et politique; Bénévolat associatif,a organisé une petite activité commerciale ou un projet associatif; s'intéresse à l'actualité économique et suit des chaînes d'information; a occupé un petit job ou une activité rémunérée pendant les vacances,Contrôleur de gestion; Chef Comptable,Contact clientèle/Relationnel,Droit et Techniques des Affaires,FIC,Finances et Comptabilité,False,
P00241,20,M,Amoron'i Mania,Professionnel et technique,PCBTP,Génie civil / BTP,10.76,11.6,13.0,9.9,10.5,6.7,12.3,8.8,8.7,12.6,10.0,14.7,10.3,Arts; Economie; Physique_Chimie,calcul de structures (RDM); sens de l'observation; gestion de chantier; sens de l'organisation; ingénierie des infrastructures routières et hydrauliques; autonomie; persévérance,Construction; Urbanisme,aime dessiner des plans de maisons ou des croquis d'aménagement; a visité un chantier de construction dans le cadre d'un stage d'observation; participe à des activités associatives ou de bénévolat,Conducteur de travaux; Ingénieur en génie civil,Bureau d'études,Génie Civil et Architecture,GCA,Génie Civil et Architecture,False,
P00242,19,F,Ihorombe,Professionnel et technique,TFFI,Industriel,12.37,16.5,10.5,11.7,12.1,12.4,12.0,10.6,13.6,10.5,15.4,11.4,11.7,Informatique; Mathematiques; Philosophie,esprit d'analyse; administration de bases de données; créativité; gestion de projets informatiques,Technologie,a créé un compte de jeu vidéo compétitif et anime une petite communauté en ligne,Chef de projet informatique,Bureau/Numérique,Informatique et Télécommunications,IGGLIA,"Informatique de Gestion, Génie Logiciel et Intelligence Artificielle",False,
P00243,20,M,Androy,Général,C,,16.75,15.6,16.4,13.8,18.4,16.6,19.7,18.5,15.8,15.7,15.9,18.2,16.4,Anglais; Francais; Histoire_Geo,esprit d'équipe; sens de l'observation; sens de l'organisation; aisance relationnelle; gestion environnementale de sites touristiques; accueil et relation client,Hôtellerie; Réseaux sociaux,a effectué un stage d'observation dans un hôtel ou une agence de voyage,Manager d'agence de voyage; Organisateur d'événements (MICE),Contact clientèle/Relationnel,Tourisme,TEH,"Tourisme, Environnement et Hôtellerie",False,
P00244,20,M,Atsinanana,Professionnel et technique,TFFI,Industriel,8.68,14.4,7.6,4.0,8.7,7.2,9.1,8.1,8.7,14.8,7.0,7.1,7.5,Anglais; Economie; Mathematiques,aisance relationnelle; gestion d'entreprise; négociation et vente internationale; créativité,Débat et droit,gère les comptes d'une association d'élèves; a organisé une petite activité commerciale ou un projet associatif; a occupé un petit job ou une activité rémunérée pendant les vacances,Responsable commercial,Bureau/Numérique,Droit et Techniques des Affaires,CAA,Commerce et Administration des Affaires,True,EMP
P00245,18,F,Ihorombe,Professionnel et technique,PCBTP,Génie civil / BTP,12.83,14.3,12.5,11.4,10.3,13.1,12.7,12.9,11.7,13.2,13.3,14.7,13.9,Arts; EPS; Malgache,géotechnique; rigueur; curiosité; ingénierie des infrastructures routières et hydrauliques; conception architecturale (AutoCAD/ArchiCAD),Dessin et design; Construction; Réseaux sociaux,a visité un chantier de construction dans le cadre d'un stage d'observation; participe à des activités associatives ou de bénévolat,Entrepreneur en BTP; Ingénieur en génie civil,Bureau d'études,Génie Civil et Architecture,GCA,Génie Civil et Architecture,False,
P00246,19,M,Diana,Général,C,,11.66,12.8,12.7,8.5,12.1,10.8,12.9,11.9,11.9,11.6,11.9,11.8,11.0,Anglais; Francais; Mathematiques; Physique_Chimie,"sens de l'observation; programmation multi-langages (Java, C#, PHP, JavaScript); notions d'intelligence artificielle; administration de bases de données; créativité",Robotique; Programmation; Musique,a suivi un tutoriel en ligne de programmation et créé un petit site web personnel,Administrateur de bases de données,Mixte/Itinérant,Informatique et Télécommunications,IGGLIA,"Informatique de Gestion, Génie Logiciel et Intelligence Artificielle",False,
P00247,17,F,Menabe,Général,OSE,,13.77,13.4,11.3,12.4,17.1,17.4,12.2,16.4,16.2,13.0,12.2,13.0,10.6,Francais; Histoire_Geo; Malgache; Mathematiques; Philosophie,droit foncier et minier; créativité; aisance relationnelle,Gestion; Entrepreneuriat,a organisé une petite activité commerciale ou un projet associatif; gère les comptes d'une association d'élèves,Expert en contentieux d'affaires,Contact clientèle/Relationnel,Droit et Techniques des Affaires,DTJA,Droit et Techniques Juridiques des Affaires,False,
P00248,19,F,Haute Matsiatra,Professionnel et technique,MEMA,Industriel,11.17,14.6,10.0,10.4,11.2,11.4,8.4,9.9,12.3,12.4,14.8,8.1,10.5,Economie; Informatique; Mathematiques,sens de l'observation; business intelligence; créativité; traitement de données massives (Big Data); esprit d'analyse; analyse statistique et probabilités appliquées; rigueur,Jeux vidéo; Programmation; Musique,a participé à un club informatique ou de robotique au lycée; pratique un sport en club depuis plusieurs années,Analyste Big Data; Responsable Business Intelligence; créer sa propre entreprise,Bureau/Numérique,Informatique et Télécommunications,ISAIA,"Informatique, Statistique Appliquée et Intelligence Artificielle",False,
P00249,19,M,Ihorombe,Général,C,,9.45,11.0,9.9,9.3,9.6,10.2,9.2,10.3,6.4,9.3,7.9,11.9,8.4,Arts; Histoire_Geo; Mathematiques; Physique_Chimie,ingénierie des infrastructures routières et hydrauliques; aisance relationnelle; curiosité; autonomie,Architecture; Construction; Réseaux sociaux,aime dessiner des plans de maisons ou des croquis d'aménagement; participe à des activités associatives ou de bénévolat,Ingénieur en génie civil; Conducteur de travaux,Chantier/BTP,Génie Civil et Architecture,GCA,Génie Civil et Architecture,False,
P00250,17,F,Diana,Général,D,,11.51,10.6,11.7,11.3,11.3,10.6,12.0,12.9,10.3,11.7,10.9,13.6,11.2,Anglais; Arts; Histoire_Geo,gestion de chantier; sens de l'organisation; rigueur; esprit d'analyse; conception architecturale (AutoCAD/ArchiCAD); créativité,Dessin et design,aime dessiner des plans de maisons ou des croquis d'aménagement; a visité un chantier de construction dans le cadre d'un stage d'observation; a occupé un petit job ou une activité rémunérée pendant les vacances,Ingénieur en Bureau d'Études; avoir un métier stable,Bureau d'études,Génie Civil et Architecture,GCA,Génie Civil et Architecture,False,
P00251,20,F,Alaotra-Mangoro,Professionnel et technique,MEMA,Industriel,13.78,15.5,16.8,15.0,12.5,13.6,14.3,14.3,12.0,11.8,15.4,11.2,12.9,Anglais; Informatique; Mathematiques; Physique_Chimie; SVT,"sens de l'observation; persévérance; systèmes embarqués et IoT; administration de réseaux (GSM, TCP/IP); créativité; curiosité; maintenance hardware et microcontrôleurs",Jeux vidéo; Technologie; Réseaux sociaux,a créé un compte de jeu vidéo compétitif et anime une petite communauté en ligne; a participé à un club informatique ou de robotique au lycée; pratique un sport en club depuis plusieurs années,Architecte Hardware; Expert en systèmes embarqués et IoT,Mixte/Itinérant,Informatique et Télécommunications,ESIIA,"Électronique, Systèmes Informatiques et Intelligence Artificielle",False,
P00252,18,F,Analanjirofo,Général,S,,11.92,10.4,11.9,10.6,13.3,12.7,12.6,13.4,11.7,12.1,13.3,9.9,11.1,Anglais; Francais; Histoire_Geo; Informatique,curiosité; productions végétales et animales; esprit d'équipe,Animaux; Lecture,aide régulièrement dans l'exploitation agricole familiale; a participé à un club de sciences naturelles ou d'écologie; a occupé un petit job ou une activité rémunérée pendant les vacances,Ingénieur Agronome; Responsable de projet développement rural,Terrain/Extérieur,Biotechnologie et Agronomie,AEE,Agriculture et Élevage,False,
P00253,17,F,Haute Matsiatra,Professionnel et technique,TAMB,Industriel,10.58,12.4,10.0,8.7,13.5,6.8,11.1,10.8,10.0,13.1,10.5,9.6,10.5,Economie; Francais; Mathematiques; SVT,gestion de trésorerie; audit financier; autonomie; curiosité; comptabilité générale et analytique; sens de l'observation,Entrepreneuriat; Musique,gère les comptes d'une association d'élèves; a participé à un club de débat ou un simulacre de procès au lycée; participe à des activités associatives ou de bénévolat,Directeur Administratif et Financier,Contact clientèle/Relationnel,Droit et Techniques des Affaires,FIC,Finances et Comptabilité,False,
P00254,19,F,Atsimo-Andrefana,Technologique,TGI,Industriel,11.26,17.1,13.0,9.9,11.2,9.7,8.5,10.0,10.8,9.4,14.5,9.2,11.8,EPS; Informatique; Mathematiques; Physique_Chimie,"curiosité; persévérance; programmation multi-langages (Java, C#, PHP, JavaScript); administration de bases de données; sens de l'observation",Jeux vidéo; Lecture,a participé à un club informatique ou de robotique au lycée,Développeur Full-Stack (Web & Mobile); Chef de projet informatique,Mixte/Itinérant,Informatique et Télécommunications,IGGLIA,"Informatique de Gestion, Génie Logiciel et Intelligence Artificielle",False,
P00255,20,M,Boeny,Professionnel et technique,TAG,Agricole,9.12,7.0,10.3,12.3,8.3,9.3,10.1,7.3,9.3,9.6,8.8,8.2,9.0,Anglais; Economie; Physique_Chimie; SVT,phytochimie; aisance relationnelle; curiosité; persévérance; sens de l'organisation,Environnement,a réalisé un exposé scolaire sur la santé ou la biologie,Responsable contrôle qualité; Délégué médical,Terrain/Extérieur,Biotechnologie et Agronomie,PIP,Pharmacologie et Industries Pharmaceutiques,False,
P00256,17,F,Ihorombe,Technologique,TTER,Tertiaire,12.27,12.1,11.6,10.2,14.6,10.1,11.2,11.7,13.2,18.8,11.2,10.6,11.9,Economie; Francais; Mathematiques; Philosophie,sens de l'observation; autonomie; aisance relationnelle; négociation et vente internationale,Actualité et politique,a organisé une petite activité commerciale ou un projet associatif; gère les comptes d'une association d'élèves,Manager de PME/PMI; Responsable Marketing,Bureau/Numérique,Droit et Techniques des Affaires,CAA,Commerce et Administration des Affaires,False,
P00257,17,M,Vakinankaratra,Général,D,,10.07,8.6,6.9,10.4,12.9,9.2,10.3,12.0,13.6,9.4,9.7,6.9,11.0,EPS; Economie; Francais; Histoire_Geo; SVT,esprit d'équipe; rédaction d'actes juridiques; aisance relationnelle; rigueur; sens de l'organisation; gestion des litiges commerciaux,Débat et droit; Économie; Réseaux sociaux,gère les comptes d'une association d'élèves; participe à des activités associatives ou de bénévolat,Assistant juridique,Contact clientèle/Relationnel,Droit et Techniques des Affaires,DTJA,Droit et Techniques Juridiques des Affaires,False,
P00258,17,F,Alaotra-Mangoro,Professionnel et technique,TFFI,Industriel,13.38,14.2,13.1,12.2,15.1,10.9,13.1,11.5,12.4,13.5,16.5,15.9,12.1,Arts; Francais; Informatique,sens de l'observation; production et montage audiovisuel; créativité; développement web et mobile multimédia,Robotique; Jeux vidéo; Réseaux sociaux,a créé un compte de jeu vidéo compétitif et anime une petite communauté en ligne; a suivi un tutoriel en ligne de programmation et créé un petit site web personnel,Webmaster; Directeur artistique numérique / Motion Designer,Bureau/Numérique,Informatique et Télécommunications,IMTICIA,"Informatique Multimédia, Technologie de l'Information et de la Communication et Intelligence Artificielle",False,
P00259,19,F,Boeny,Professionnel et technique,CG,Tertiaire,10.23,11.2,8.8,8.6,7.9,7.8,12.6,11.5,8.5,15.1,10.4,12.1,8.3,Anglais; Arts; Economie; Histoire_Geo; Mathematiques,management stratégique; esprit d'équipe; créativité; pilotage et planification de projets; sens de l'observation; gestion financière prévisionnelle,Gestion; Actualité et politique; Bénévolat associatif,gère les comptes d'une association d'élèves,Chef de projet; Analyste économique,Contact clientèle/Relationnel,Droit et Techniques des Affaires,EMP,Économie et Management de Projet,False,
P00260,19,M,Vatovavy,Professionnel et technique,TFFI,Industriel,14.53,15.9,19.2,12.1,13.8,12.6,15.3,12.6,13.2,14.3,13.8,14.6,16.9,Anglais; EPS; Mathematiques; Physique_Chimie,conception assistée par ordinateur (AutoCAD); persévérance; curiosité,Bricolage; Lecture,a participé à un club de robotique ou de modélisme; participe à des activités associatives ou de bénévolat,Ingénieur en maintenance industrielle; créer sa propre entreprise,Atelier/Industriel,Génie Industriel,EMII,Électromécanique et Informatique Industrielle,False,
P00261,20,F,Itasy,Professionnel et technique,PCBTP,Génie civil / BTP,14.05,16.5,13.8,14.6,14.1,15.0,14.9,14.6,12.8,11.3,12.8,15.2,13.0,Anglais; Arts; Malgache; Mathematiques; SVT,calcul de structures (RDM); persévérance; conception architecturale (AutoCAD/ArchiCAD); esprit d'analyse; aisance relationnelle,Construction; Architecture; Réseaux sociaux,a réalisé des maquettes ou des plans de construction pour un projet scolaire,Architecte junior,Chantier/BTP,Génie Civil et Architecture,GCA,Génie Civil et Architecture,True,
P00262,18,F,Diana,Général,A2,,13.8,13.9,14.7,17.8,14.3,12.1,13.9,12.5,12.1,13.0,14.8,13.5,13.0,Francais; Informatique; Mathematiques; Physique_Chimie; SVT,gestion de laboratoire d'analyses médicales; aisance relationnelle; autonomie,Agriculture; Réseaux sociaux,s'occupe d'un petit élevage ou d'un jardin potager; a participé à un club de sciences naturelles ou d'écologie; a occupé un petit job ou une activité rémunérée pendant les vacances,Chef de production; Ingénieur de production en industrie agroalimentaire; travailler à l'international,Terrain/Extérieur,Biotechnologie et Agronomie,IAA,Industries Agroalimentaires,True,PIP
P00263,19,F,Melaky,Professionnel et technique,MEMA,Industriel,9.56,11.1,8.3,9.9,10.3,9.3,12.6,5.6,8.2,13.4,9.3,8.9,7.8,Anglais; Economie; Francais; Mathematiques; SVT,sens de l'observation; gestion d'entreprise; stratégie marketing et commerciale; autonomie; rigueur,Actualité et politique; Débat et droit; Lecture,gère les comptes d'une association d'élèves; participe à des activités associatives ou de bénévolat,Responsable Marketing; Responsable export; avoir un métier stable,Bureau/Numérique,Droit et Techniques des Affaires,CAA,Commerce et Administration des Affaires,False,
P00264,20,F,Analamanga,Professionnel et technique,TMEL,Industriel,16.23,18.1,19.8,15.2,13.4,14.4,16.0,17.7,15.1,15.6,19.3,16.7,13.4,Histoire_Geo; Informatique; Mathematiques; Physique_Chimie,esprit d'analyse; robotique et domotique; autonomie; persévérance; curiosité,Automobile et aéronautique,a monté et dépanné des ordinateurs pour son entourage,Concepteur de systèmes IoT industriels; travailler à l'international,Terrain/Extérieur,Génie Industriel,EMII,Électromécanique et Informatique Industrielle,True,ESIIA
P00265,18,M,Atsinanana,Professionnel et technique,TPFM,Industriel,10.11,11.1,10.0,8.3,12.9,9.3,9.5,14.1,10.3,7.9,9.4,8.8,9.7,Francais; Histoire_Geo; Mathematiques; Philosophie,rigueur; aisance relationnelle; droit foncier et minier; gestion des litiges commerciaux; droit des contrats et des sociétés,Gestion; Débat et droit,s'intéresse à l'actualité économique et suit des chaînes d'information; a participé à un club de débat ou un simulacre de procès au lycée,Assistant juridique; travailler à l'international,Contact clientèle/Relationnel,Droit et Techniques des Affaires,DTJA,Droit et Techniques Juridiques des Affaires,False,
P00266,19,M,Ihorombe,Professionnel et technique,DAMB,Industriel,12.13,10.8,11.5,10.5,13.7,10.7,11.1,13.2,12.5,12.3,14.7,14.7,9.9,Arts; Francais; Histoire_Geo; Informatique; Philosophie,esprit d'équipe; aisance relationnelle; sens de l'organisation; curiosité; design UI/UX,Programmation,a créé un compte de jeu vidéo compétitif et anime une petite communauté en ligne,Développeur multimédia,Bureau/Numérique,Informatique et Télécommunications,IMTICIA,"Informatique Multimédia, Technologie de l'Information et de la Communication et Intelligence Artificielle",False,
P00267,20,F,Diana,Technologique,TGI,Industriel,14.68,15.6,13.2,11.9,13.3,15.7,14.6,16.4,12.8,14.7,15.8,16.3,15.8,Arts; EPS; Histoire_Geo; Informatique,sens de l'observation; conception de produits touristiques; curiosité; gestion environnementale de sites touristiques,Cultures du monde; Voyage; Bénévolat associatif,aime cuisiner et découvrir des plats d'autres cultures; a organisé un voyage ou un événement pour son groupe d'amis,Manager d'agence de voyage,Mixte/Itinérant,Tourisme,TEH,"Tourisme, Environnement et Hôtellerie",False,
P00268,20,M,Atsimo-Atsinanana,Général,OSE,,11.31,11.9,10.2,10.7,14.6,11.0,13.8,11.0,12.5,12.3,9.2,8.8,9.7,Anglais; Francais; Philosophie,management hôtelier et restauration; accueil et relation client; conception de produits touristiques; créativité; autonomie; rigueur,Cultures du monde,a effectué un stage d'observation dans un hôtel ou une agence de voyage,Manager d'agence de voyage,Contact clientèle/Relationnel,Tourisme,TEH,"Tourisme, Environnement et Hôtellerie",False,
P00269,17,M,Diana,Professionnel et technique,TPFM,Industriel,16.64,18.4,17.9,16.1,15.3,17.9,17.4,17.3,14.4,14.0,20,15.7,15.3,Anglais; Informatique; Malgache; Mathematiques; Physique_Chimie,production et montage audiovisuel; esprit d'analyse; développement full-stack; design UI/UX; sens de l'observation,Programmation; Robotique; Musique,a participé à un club informatique ou de robotique au lycée; a créé un compte de jeu vidéo compétitif et anime une petite communauté en ligne; a occupé un petit job ou une activité rémunérée pendant les vacances,Administrateur de bases de données,Bureau/Numérique,Informatique et Télécommunications,IGGLIA,"Informatique de Gestion, Génie Logiciel et Intelligence Artificielle",True,IMTICIA
P00270,18,M,Itasy,Professionnel et technique,PCBTP,Génie civil / BTP,10.53,11.4,8.6,8.8,10.2,9.8,10.3,12.0,11.3,16.9,10.4,7.7,8.9,Economie; Histoire_Geo; Informatique; Mathematiques; Philosophie,curiosité; sens de l'observation; analyse économique et économétrie; gestion financière prévisionnelle; esprit d'analyse; persévérance,Entrepreneuriat; Économie; Réseaux sociaux,s'intéresse à l'actualité économique et suit des chaînes d'information; gère les comptes d'une association d'élèves,Analyste économique; Consultant en management,Contact clientèle/Relationnel,Droit et Techniques des Affaires,EMP,Économie et Management de Projet,False,
P00271,17,F,Atsimo-Andrefana,Professionnel et technique,TOM,Industriel,11.18,10.1,10.5,10.1,14.6,11.8,9.9,13.3,12.8,12.8,10.8,8.2,9.2,Economie; Francais; Histoire_Geo; Philosophie,autonomie; persévérance; curiosité; rédaction d'actes juridiques; sens de l'observation; droit des contrats et des sociétés,Entrepreneuriat; Bénévolat associatif,a organisé une petite activité commerciale ou un projet associatif,Chargé de conformité; Assistant juridique; créer sa propre entreprise,Bureau/Numérique,Droit et Techniques des Affaires,DTJA,Droit et Techniques Juridiques des Affaires,False,
P00272,18,M,Betsiboka,Professionnel et technique,TMA,Industriel,13.24,13.5,15.2,11.8,12.4,10.7,12.6,12.3,15.2,13.5,13.9,14.1,13.7,Arts; EPS; Philosophie; Physique_Chimie,rigueur; conception de produits touristiques; gestion environnementale de sites touristiques; sensibilisation au tourisme durable; esprit d'équipe; persévérance; esprit d'analyse,Hôtellerie; Gastronomie; Lecture,pratique l'anglais ou une autre langue étrangère en autodidacte; aime cuisiner et découvrir des plats d'autres cultures; a occupé un petit job ou une activité rémunérée pendant les vacances,Chargé de valorisation touristique et environnementale; Professionnel du secteur du tourisme,Contact clientèle/Relationnel,Tourisme,TEE,Tourisme et Environnement,True,TEH
P00273,20,F,Vatovavy,Général,S,,10.93,11.5,13.8,15.0,9.2,13.5,8.3,11.1,9.4,10.1,10.8,7.8,10.7,Malgache; Mathematiques; Physique_Chimie; SVT,curiosité; créativité; normes HACCP et microbiologie; esprit d'analyse,Environnement; Animaux,a réalisé un exposé scolaire sur la santé ou la biologie; a participé à un club de sciences naturelles ou d'écologie,Chargé de R&D alimentaire; Consultant qualité; travailler à l'international,Terrain/Extérieur,Biotechnologie et Agronomie,IAA,Industries Agroalimentaires,False,
P00274,19,M,Bongolava,Technologique,TGI,Industriel,14.61,14.5,18.5,11.6,15.1,10.5,16.0,12.2,16.0,16.3,14.4,16.1,14.1,Arts; Economie; Physique_Chimie,"persévérance; gestion de production industrielle; automatismes (Grafcet, automates); sens de l'organisation",Bricolage; Bénévolat associatif,a démonté et réparé des appareils électroménagers ou mécaniques par curiosité; a effectué un stage d'observation dans un atelier ou une usine; a occupé un petit job ou une activité rémunérée pendant les vacances,Ingénieur en électrotechnique; Responsable de production en usine,Terrain/Extérieur,Génie Industriel,EMII,Électromécanique et Informatique Industrielle,False,
P00275,19,M,Fitovinany,Professionnel et technique,TFFI,Industriel,9.32,12.9,12.0,10.9,8.4,7.1,8.7,6.9,8.9,9.1,8.1,9.4,9.4,EPS; Physique_Chimie; SVT,transformation agroalimentaire; normes HACCP et microbiologie; esprit d'analyse; aisance relationnelle; sécurité alimentaire; créativité,Automobile et aéronautique; Sport,a participé à un club de robotique ou de modélisme,Responsable HSE; Ingénieur de laboratoire d'analyses,Atelier/Industriel,Génie Industriel,ICMP,"Industries Chimiques, Minières et Pétrolières",True,IAA
P00276,18,F,Sava,Professionnel et technique,TMA,Industriel,11.7,11.9,12.4,9.6,12.2,12.7,10.6,10.4,11.3,12.1,10.4,14.9,11.9,Arts; Francais; Malgache; Physique_Chimie,créativité; esprit d'équipe; connaissance du patrimoine environnemental et culturel malgache; sens de l'observation; curiosité,Gastronomie; Hôtellerie,a effectué un stage d'observation dans un hôtel ou une agence de voyage; a organisé un voyage ou un événement pour son groupe d'amis,Professionnel du secteur du tourisme; Chargé de valorisation touristique et environnementale; contribuer au développement de Madagascar,Contact clientèle/Relationnel,Tourisme,TEE,Tourisme et Environnement,False,
P00277,17,F,Menabe,Professionnel et technique,TOM,Industriel,11.39,15.9,9.2,8.3,9.2,9.8,12.7,8.4,12.0,14.6,12.7,11.4,12.5,Anglais; Economie; Informatique; Mathematiques,sens de l'observation; autonomie; business intelligence; analyse statistique et probabilités appliquées; créativité; persévérance,Jeux vidéo,a suivi un tutoriel en ligne de programmation et créé un petit site web personnel; a participé à un club informatique ou de robotique au lycée; a occupé un petit job ou une activité rémunérée pendant les vacances,Statisticien financier; contribuer au développement de Madagascar,Bureau/Numérique,Informatique et Télécommunications,ISAIA,"Informatique, Statistique Appliquée et Intelligence Artificielle",False,
P00278,17,M,Itasy,Technologique,TGI,Industriel,13.2,14.8,14.7,10.0,12.9,11.1,12.9,12.8,15.4,11.9,13.5,16.5,11.9,Arts; Mathematiques; Philosophie; Physique_Chimie,persévérance; production et montage audiovisuel; communication digitale et PAO; autonomie; curiosité,Robotique; Jeux vidéo,a créé un compte de jeu vidéo compétitif et anime une petite communauté en ligne,UX/UI Designer,Bureau/Numérique,Informatique et Télécommunications,IMTICIA,"Informatique Multimédia, Technologie de l'Information et de la Communication et Intelligence Artificielle",False,
P00279,18,M,Analanjirofo,Général,S,,15.37,17.0,16.0,15.2,15.9,14.4,14.5,16.3,13.4,15.9,18.6,12.5,14.7,Histoire_Geo; Malgache; Mathematiques,aisance relationnelle; administration de bases de données; rigueur; persévérance; notions d'intelligence artificielle,Jeux vidéo,a créé un compte de jeu vidéo compétitif et anime une petite communauté en ligne,Architecte logiciel; travailler à l'international,Bureau/Numérique,Informatique et Télécommunications,IGGLIA,"Informatique de Gestion, Génie Logiciel et Intelligence Artificielle",False,
P00280,17,M,Itasy,Professionnel et technique,EN,Industriel,13.47,9.4,14.3,14.8,12.2,15.0,15.2,12.8,12.7,10.5,14.3,15.2,15.2,Anglais; Arts; EPS; Malgache; SVT,"systèmes embarqués et IoT; persévérance; robotique et domotique; esprit d'analyse; aisance relationnelle; créativité; administration de réseaux (GSM, TCP/IP)",Jeux vidéo; Lecture,a créé un compte de jeu vidéo compétitif et anime une petite communauté en ligne; a monté et dépanné des ordinateurs pour son entourage,Spécialiste en maintenance de systèmes informatisés; Expert en systèmes embarqués et IoT,Mixte/Itinérant,Informatique et Télécommunications,ESIIA,"Électronique, Systèmes Informatiques et Intelligence Artificielle",False,
P00281,20,M,Atsimo-Andrefana,Professionnel et technique,TOM,Industriel,11.71,10.8,13.7,9.5,11.7,11.4,9.6,9.3,11.6,13.0,16.2,11.6,12.1,EPS; Economie; Informatique; Physique_Chimie,traitement du signal et automatique; sens de l'organisation; persévérance; aisance relationnelle; maintenance hardware et microcontrôleurs; systèmes embarqués et IoT,Robotique,a suivi un tutoriel en ligne de programmation et créé un petit site web personnel; a participé à un club informatique ou de robotique au lycée; pratique un sport en club depuis plusieurs années,Ingénieur système et réseau; contribuer au développement de Madagascar,Bureau/Numérique,Informatique et Télécommunications,ESIIA,"Électronique, Systèmes Informatiques et Intelligence Artificielle",False,
P00282,17,F,Bongolava,Professionnel et technique,TMF,Industriel,10.97,9.5,11.8,7.1,9.3,14.4,9.7,11.6,13.0,11.8,9.3,11.9,12.3,Arts; EPS; Malgache; Philosophie; Physique_Chimie,rigueur; robotique et domotique; aisance relationnelle; sens de l'observation; sens de l'organisation,Jeux vidéo,a participé à un club informatique ou de robotique au lycée,Spécialiste en maintenance de systèmes informatisés; Expert en systèmes embarqués et IoT; contribuer au développement de Madagascar,Bureau/Numérique,Informatique et Télécommunications,ESIIA,"Électronique, Systèmes Informatiques et Intelligence Artificielle",False,
P00283,18,M,Anosy,Général,S,,10.58,12.0,12.5,10.5,11.9,10.8,9.3,8.9,9.5,7.8,12.1,10.8,10.8,Francais; Informatique; Malgache; Mathematiques; Physique_Chimie,sens de l'observation; hygiène sécurité environnement (HSE); exploitation minière et géologie; créativité; analyses de laboratoire,Industrie; Lecture,a démonté et réparé des appareils électroménagers ou mécaniques par curiosité; a effectué un stage d'observation dans un atelier ou une usine; participe à des activités associatives ou de bénévolat,Ingénieur de laboratoire d'analyses,Terrain/Extérieur,Génie Industriel,ICMP,"Industries Chimiques, Minières et Pétrolières",False,
P00284,20,M,Atsimo-Atsinanana,Général,D,,13.35,15.6,15.7,15.1,11.5,12.7,10.3,13.7,13.1,13.9,12.3,14.2,12.1,Arts; Informatique; Mathematiques; Physique_Chimie; SVT,aisance relationnelle; persévérance; ingénierie des infrastructures routières et hydrauliques; rigueur; curiosité; calcul de structures (RDM),Dessin et design; Architecture; Sport,a réalisé des maquettes ou des plans de construction pour un projet scolaire; aime dessiner des plans de maisons ou des croquis d'aménagement; participe à des activités associatives ou de bénévolat,Ingénieur en Bureau d'Études; Urbaniste,Bureau d'études,Génie Civil et Architecture,GCA,Génie Civil et Architecture,False,
P00285,20,M,Sava,Professionnel et technique,EN,Industriel,10.19,12.9,10.2,10.1,11.4,8.9,11.4,11.2,8.1,11.2,10.8,8.6,7.5,Anglais; Arts; Economie; Francais; Mathematiques,rigueur; sens de l'organisation; génie des procédés chimiques; aisance relationnelle; hygiène sécurité environnement (HSE); esprit d'analyse; analyses de laboratoire,Électronique; Bricolage; Sport,aide régulièrement à l'entretien de véhicules en famille; a effectué un stage d'observation dans un atelier ou une usine,Ingénieur pétrolier; Ingénieur de laboratoire d'analyses,Terrain/Extérieur,Génie Industriel,ICMP,"Industries Chimiques, Minières et Pétrolières",False,
P00286,19,M,Vakinankaratra,Professionnel et technique,EN,Industriel,14.07,14.7,12.6,12.9,15.5,12.4,17.0,14.9,9.9,17.0,14.7,14.1,13.2,Anglais; Economie; Francais,esprit d'équipe; curiosité; négociation et vente internationale; aisance relationnelle; sens de l'organisation,Économie; Gestion; Lecture,a participé à un club de débat ou un simulacre de procès au lycée; s'intéresse à l'actualité économique et suit des chaînes d'information,Gestionnaire administratif et financier; avoir un poste à responsabilités,Contact clientèle/Relationnel,Droit et Techniques des Affaires,CAA,Commerce et Administration des Affaires,False,
P00287,17,M,Atsimo-Atsinanana,Professionnel et technique,CCBTP,Génie civil / BTP,9.79,9.9,10.9,10.2,12.1,7.0,7.4,11.8,16.0,10.8,7.5,8.1,5.8,Economie; Francais; Histoire_Geo; Philosophie; Physique_Chimie,créativité; rigueur; droit foncier et minier; esprit d'analyse,Débat et droit; Gestion; Réseaux sociaux,s'intéresse à l'actualité économique et suit des chaînes d'information; a occupé un petit job ou une activité rémunérée pendant les vacances,Chargé de conformité; Expert en contentieux d'affaires,Contact clientèle/Relationnel,Droit et Techniques des Affaires,DTJA,Droit et Techniques Juridiques des Affaires,True,EMP
P00288,20,M,Analanjirofo,Professionnel et technique,CG,Tertiaire,11.97,16.5,8.5,10.0,11.9,11.4,10.4,13.4,7.2,14.7,12.5,13.5,13.7,Arts; EPS; Economie; Histoire_Geo; Mathematiques,fiscalité d'entreprise; sens de l'organisation; créativité; gestion de trésorerie; audit financier; rigueur; esprit d'équipe,Actualité et politique; Musique,gère les comptes d'une association d'élèves; a occupé un petit job ou une activité rémunérée pendant les vacances,Trésorier d'entreprise; Auditeur financier,Bureau/Numérique,Droit et Techniques des Affaires,FIC,Finances et Comptabilité,False,
P00289,17,M,Sava,Général,A1,,17.59,17.4,17.3,18.6,14.8,16.4,16.0,19.7,19.6,18.4,18.1,18.4,16.4,Histoire_Geo; Philosophie; SVT,créativité; esprit d'analyse; pilotage et planification de projets; curiosité; autonomie,Économie; Actualité et politique; Bénévolat associatif,s'intéresse à l'actualité économique et suit des chaînes d'information; a participé à un club de débat ou un simulacre de procès au lycée,Consultant en management; travailler à l'international,Contact clientèle/Relationnel,Droit et Techniques des Affaires,EMP,Économie et Management de Projet,False,
P00290,19,F,Anosy,Professionnel et technique,TMA,Industriel,11.21,10.9,10.6,10.3,12.3,9.5,10.4,9.3,10.1,9.8,16.0,14.7,10.6,Arts; Francais; Informatique,aisance relationnelle; sens de l'observation; design UI/UX; rigueur; communication digitale et PAO; production et montage audiovisuel,Réseaux sociaux et numérique; Lecture,a participé à un club informatique ou de robotique au lycée,Ingénieur en technologies de la communication,Bureau/Numérique,Informatique et Télécommunications,IMTICIA,"Informatique Multimédia, Technologie de l'Information et de la Communication et Intelligence Artificielle",False,
P00291,19,M,Vatovavy,Professionnel et technique,TEV,Agricole,8.86,6.7,12.2,10.4,10.7,10.5,8.8,7.8,7.3,6.3,8.5,8.7,8.4,Anglais; Francais; Malgache; Physique_Chimie; SVT,autonomie; créativité; transformation agroalimentaire; aisance relationnelle; esprit d'analyse; biochimie et R&D,Santé; Bénévolat associatif,a participé à un club de sciences naturelles ou d'écologie,Consultant qualité; Chef de production,Terrain/Extérieur,Biotechnologie et Agronomie,IAA,Industries Agroalimentaires,False,
P00292,17,F,Atsimo-Andrefana,Professionnel et technique,TMF,Industriel,13.91,13.7,16.0,11.2,14.3,12.9,13.8,14.1,13.8,11.6,14.8,18.2,12.5,Arts; Informatique; Physique_Chimie,sens de l'organisation; design UI/UX; persévérance; esprit d'équipe; développement web et mobile multimédia; rigueur; communication digitale et PAO,Réseaux sociaux et numérique; Jeux vidéo; Sport,a suivi un tutoriel en ligne de programmation et créé un petit site web personnel; pratique un sport en club depuis plusieurs années,Directeur artistique numérique / Motion Designer; créer sa propre entreprise,Bureau/Numérique,Informatique et Télécommunications,IMTICIA,"Informatique Multimédia, Technologie de l'Information et de la Communication et Intelligence Artificielle",False,
P00293,18,M,Haute Matsiatra,Général,S,,12.55,12.2,11.4,9.5,13.8,12.7,13.8,10.1,17.1,12.3,13.4,11.4,12.9,Anglais; EPS; Francais; Informatique; Philosophie,développement web et mobile multimédia; curiosité; sens de l'organisation; production et montage audiovisuel; design UI/UX; rigueur,Programmation; Bénévolat associatif,a participé à un club informatique ou de robotique au lycée; pratique un sport en club depuis plusieurs années,Webmaster,Bureau/Numérique,Informatique et Télécommunications,IMTICIA,"Informatique Multimédia, Technologie de l'Information et de la Communication et Intelligence Artificielle",False,
P00294,20,F,Androy,Général,D,,11.05,13.8,8.3,10.5,8.7,10.7,12.2,11.7,10.1,11.1,13.5,11.7,10.3,Anglais; Arts; Histoire_Geo; Informatique; Mathematiques,"conception logicielle (UML, Merise); créativité; gestion de projets informatiques; rigueur",Jeux vidéo; Lecture,a participé à un club informatique ou de robotique au lycée; a créé un compte de jeu vidéo compétitif et anime une petite communauté en ligne,Consultant en systèmes d'information et IA,Bureau/Numérique,Informatique et Télécommunications,IGGLIA,"Informatique de Gestion, Génie Logiciel et Intelligence Artificielle",False,
P00295,20,F,Ihorombe,Technologique,TTER,Tertiaire,12.66,12.7,13.4,11.8,13.4,14.1,13.1,12.4,10.0,15.1,11.6,12.6,11.7,Economie; Malgache; Physique_Chimie,gestion de trésorerie; sens de l'organisation; comptabilité générale et analytique; aisance relationnelle; fiscalité d'entreprise,Gestion; Économie,gère les comptes d'une association d'élèves; pratique un sport en club depuis plusieurs années,Directeur Administratif et Financier; avoir un métier stable,Bureau/Numérique,Droit et Techniques des Affaires,FIC,Finances et Comptabilité,False,
P00296,20,M,Bongolava,Professionnel et technique,TAG,Agricole,10.05,10.5,12.3,9.7,10.0,8.2,7.5,12.2,9.4,9.8,12.2,7.8,11.0,EPS; Histoire_Geo; Informatique; Mathematiques; Physique_Chimie,créativité; gestion de trésorerie; esprit d'équipe; esprit d'analyse; aisance relationnelle,Économie; Débat et droit,a organisé une petite activité commerciale ou un projet associatif; a occupé un petit job ou une activité rémunérée pendant les vacances,Contrôleur de gestion; travailler à l'international,Bureau/Numérique,Droit et Techniques des Affaires,FIC,Finances et Comptabilité,False,
P00297,20,M,Vakinankaratra,Professionnel et technique,TAMB,Industriel,12.17,9.7,10.2,12.2,12.6,13.6,14.1,12.3,11.5,12.2,12.3,15.1,10.2,Arts; Francais; Malgache; Philosophie,sens de l'observation; langues étrangères; curiosité; rigueur; esprit d'équipe,Hôtellerie; Gastronomie; Bénévolat associatif,pratique l'anglais ou une autre langue étrangère en autodidacte; a occupé un petit job ou une activité rémunérée pendant les vacances,Responsable écotourisme,Mixte/Itinérant,Tourisme,TEH,"Tourisme, Environnement et Hôtellerie",False,
P00298,17,F,Alaotra-Mangoro,Général,C,,9.17,9.4,8.3,12.7,10.2,9.0,6.6,9.1,9.3,10.3,7.3,8.9,8.9,Economie; Francais; SVT,aisance relationnelle; persévérance; normes HACCP et microbiologie,Santé,a réalisé un exposé scolaire sur la santé ou la biologie; s'occupe d'un petit élevage ou d'un jardin potager,Expert en agri-business; Responsable de projet développement rural,Terrain/Extérieur,Biotechnologie et Agronomie,AEE,Agriculture et Élevage,True,IAA
P00299,17,F,Diana,Général,D,,13.57,15.8,14.8,14.6,10.7,13.4,10.8,10.7,11.8,17.2,14.4,13.1,15.5,EPS; Economie; Mathematiques; Physique_Chimie,créativité; aisance relationnelle; esprit d'équipe; esprit d'analyse; analyse statistique et probabilités appliquées,Technologie; Robotique; Musique,a créé un compte de jeu vidéo compétitif et anime une petite communauté en ligne; a suivi un tutoriel en ligne de programmation et créé un petit site web personnel; a occupé un petit job ou une activité rémunérée pendant les vacances,Responsable Business Intelligence; avoir un métier stable,Bureau/Numérique,Informatique et Télécommunications,ISAIA,"Informatique, Statistique Appliquée et Intelligence Artificielle",False,
P00300,19,M,Haute Matsiatra,Général,S,,10.07,11.2,9.0,11.5,12.6,10.5,11.2,6.7,9.6,6.8,10.2,11.1,10.4,Arts; Francais; Mathematiques; SVT,persévérance; esprit d'analyse; rigueur; pharmacologie; aisance relationnelle,Animaux; Sport,s'occupe d'un petit élevage ou d'un jardin potager; aide régulièrement dans l'exploitation agricole familiale; a occupé un petit job ou une activité rémunérée pendant les vacances,Délégué médical; Ingénieur de laboratoire médical; travailler à l'international,Terrain/Extérieur,Biotechnologie et Agronomie,PIP,Pharmacologie et Industries Pharmaceutiques,False,
P00301,17,F,Alaotra-Mangoro,Professionnel et technique,TMF,Industriel,16.77,17.6,17.2,16.5,14.6,17.0,17.4,17.1,15.6,16.7,18.6,16.0,16.9,Histoire_Geo; Informatique; Mathematiques; Physique_Chimie,esprit d'équipe; autonomie; aisance relationnelle; sens de l'observation; business intelligence,Technologie; Sport,a créé un compte de jeu vidéo compétitif et anime une petite communauté en ligne,Data Analyst; avoir un métier stable,Bureau/Numérique,Informatique et Télécommunications,ISAIA,"Informatique, Statistique Appliquée et Intelligence Artificielle",True,IGGLIA
P00302,18,F,Fitovinany,Général,S,,15.45,17.9,20,13.7,13.9,13.9,16.7,14.8,14.1,14.5,15.6,14.9,15.4,Anglais; Francais; Physique_Chimie,électronique de puissance; sens de l'organisation; curiosité; persévérance; sens de l'observation,Bricolage; Mécanique,a effectué un stage d'observation dans un atelier ou une usine; a démonté et réparé des appareils électroménagers ou mécaniques par curiosité; pratique un sport en club depuis plusieurs années,Responsable de production en usine; Ingénieur en maintenance industrielle,Atelier/Industriel,Génie Industriel,EMII,Électromécanique et Informatique Industrielle,False,
P00303,19,M,Boeny,Professionnel et technique,TAMB,Industriel,15.57,18.0,17.5,15.8,16.0,14.1,13.8,12.7,15.9,15.3,19.7,13.4,14.7,Francais; Informatique; Mathematiques; Philosophie; Physique_Chimie,développement full-stack; rigueur; esprit d'analyse; créativité; aisance relationnelle,Programmation; Réseaux sociaux et numérique; Bénévolat associatif,a suivi un tutoriel en ligne de programmation et créé un petit site web personnel; a créé un compte de jeu vidéo compétitif et anime une petite communauté en ligne,Expert en transformation digitale; Consultant en systèmes d'information et IA; travailler à l'international,Bureau/Numérique,Informatique et Télécommunications,IGGLIA,"Informatique de Gestion, Génie Logiciel et Intelligence Artificielle",False,
P00304,20,M,Haute Matsiatra,Général,D,,10.75,14.3,15.2,9.3,9.5,8.0,9.4,9.8,10.9,10.8,11.6,11.9,8.3,Arts; Informatique; Mathematiques; Physique_Chimie,ingénierie des infrastructures routières et hydrauliques; rigueur; persévérance; autonomie; aisance relationnelle,Architecture; Bénévolat associatif,aime dessiner des plans de maisons ou des croquis d'aménagement; participe à des activités associatives ou de bénévolat,Conducteur de travaux,Bureau d'études,Génie Civil et Architecture,GCA,Génie Civil et Architecture,False,
P00305,20,M,Menabe,Professionnel et technique,TOM,Industriel,10.98,10.5,8.1,11.3,13.0,11.1,11.4,9.8,8.9,14.5,11.9,8.9,12.4,EPS; Economie; Francais; Informatique,analyse financière et gestion budgétaire; sens de l'organisation; persévérance; créativité; stratégie marketing et commerciale,Actualité et politique; Sport,a participé à un club de débat ou un simulacre de procès au lycée; gère les comptes d'une association d'élèves; a occupé un petit job ou une activité rémunérée pendant les vacances,Responsable export; Analyste de marché,Contact clientèle/Relationnel,Droit et Techniques des Affaires,CAA,Commerce et Administration des Affaires,False,
P00306,19,F,Vakinankaratra,Professionnel et technique,TAMB,Industriel,9.29,12.5,7.8,7.5,11.2,8.1,9.4,10.6,9.2,7.8,11.9,10.0,5.5,Francais; Informatique; Mathematiques,"créativité; administration de bases de données; conception logicielle (UML, Merise); programmation multi-langages (Java, C#, PHP, JavaScript); sens de l'observation; rigueur; autonomie",Jeux vidéo; Sport,a suivi un tutoriel en ligne de programmation et créé un petit site web personnel; a participé à un club informatique ou de robotique au lycée; pratique un sport en club depuis plusieurs années,Consultant en systèmes d'information et IA; Administrateur de bases de données,Mixte/Itinérant,Informatique et Télécommunications,IGGLIA,"Informatique de Gestion, Génie Logiciel et Intelligence Artificielle",False,
P00307,19,M,Anosy,Technologique,TGC,Génie civil,11.03,13.5,12.3,9.5,9.1,9.5,10.7,10.3,9.4,11.7,12.0,14.4,10.0,Arts; Informatique; Mathematiques; Physique_Chimie,rigueur; gestion de chantier; sens de l'organisation; persévérance,Architecture; Réseaux sociaux,a visité un chantier de construction dans le cadre d'un stage d'observation; participe à des activités associatives ou de bénévolat,Conducteur de travaux; Ingénieur en Bureau d'Études,Chantier/BTP,Génie Civil et Architecture,GCA,Génie Civil et Architecture,False,
P00308,18,M,Amoron'i Mania,Général,C,,12.72,11.9,12.6,17.4,14.1,12.5,10.3,14.3,14.0,11.7,12.9,10.6,10.3,Francais; Histoire_Geo; SVT,rigueur; biochimie et R&D; curiosité; persévérance,Environnement; Nature; Réseaux sociaux,aide régulièrement dans l'exploitation agricole familiale; participe à des activités associatives ou de bénévolat,Chargé de R&D alimentaire,Terrain/Extérieur,Biotechnologie et Agronomie,IAA,Industries Agroalimentaires,False,
P00309,19,M,Alaotra-Mangoro,Professionnel et technique,TOM,Industriel,11.61,11.1,12.7,10.7,12.7,11.8,9.5,13.6,14.9,8.4,10.5,11.6,11.8,Francais; Histoire_Geo; Philosophie; Physique_Chimie,gestion des litiges commerciaux; rigueur; curiosité; droit des contrats et des sociétés; droit foncier et minier,Gestion,s'intéresse à l'actualité économique et suit des chaînes d'information; a organisé une petite activité commerciale ou un projet associatif,Chargé de conformité,Contact clientèle/Relationnel,Droit et Techniques des Affaires,DTJA,Droit et Techniques Juridiques des Affaires,False,
P00310,18,F,Sofia,Professionnel et technique,TMA,Industriel,10.48,10.9,11.5,7.9,11.3,10.0,9.7,8.4,11.9,11.8,12.5,11.1,8.8,Economie; Informatique; Philosophie,sens de l'observation; rigueur; notions d'intelligence artificielle,Programmation; Jeux vidéo; Lecture,a participé à un club informatique ou de robotique au lycée,Développeur multimédia; UX/UI Designer,Bureau/Numérique,Informatique et Télécommunications,IMTICIA,"Informatique Multimédia, Technologie de l'Information et de la Communication et Intelligence Artificielle",True,IGGLIA
P00311,19,M,Alaotra-Mangoro,Professionnel et technique,TOM,Industriel,12.68,18.6,13.2,9.4,12.1,14.4,11.0,8.9,14.5,13.8,12.9,11.2,12.1,Economie; Malgache; Mathematiques; Philosophie; Physique_Chimie,business intelligence; autonomie; curiosité,Technologie; Bénévolat associatif,a participé à un club informatique ou de robotique au lycée; a suivi un tutoriel en ligne de programmation et créé un petit site web personnel,Responsable Business Intelligence; travailler à l'international,Mixte/Itinérant,Informatique et Télécommunications,ISAIA,"Informatique, Statistique Appliquée et Intelligence Artificielle",True,IGGLIA
P00312,17,M,Bongolava,Technologique,TGI,Industriel,12.72,17.4,12.4,13.0,11.5,12.2,12.3,10.5,9.8,15.1,12.9,13.9,11.7,Arts; Economie; Mathematiques,traitement de données massives (Big Data); aisance relationnelle; persévérance; business intelligence,Jeux vidéo; Programmation; Lecture,a participé à un club informatique ou de robotique au lycée; a monté et dépanné des ordinateurs pour son entourage,Responsable Business Intelligence; Analyste Big Data,Bureau/Numérique,Informatique et Télécommunications,ISAIA,"Informatique, Statistique Appliquée et Intelligence Artificielle",False,
P00313,18,F,Fitovinany,Professionnel et technique,TFFI,Industriel,13.72,13.1,12.3,14.6,12.7,11.2,12.2,16.9,14.9,14.0,12.9,15.8,14.0,Arts; Histoire_Geo; Philosophie; Physique_Chimie,"sens de l'observation; aisance relationnelle; programmation multi-langages (Java, C#, PHP, JavaScript); rigueur; notions d'intelligence artificielle; esprit d'analyse; conception logicielle (UML, Merise)",Réseaux sociaux et numérique; Programmation; Bénévolat associatif,a monté et dépanné des ordinateurs pour son entourage,Architecte logiciel,Bureau/Numérique,Informatique et Télécommunications,IGGLIA,"Informatique de Gestion, Génie Logiciel et Intelligence Artificielle",False,
P00314,18,F,Alaotra-Mangoro,Professionnel et technique,TOM,Industriel,7.83,6.9,4.5,10.2,8.1,4.3,8.7,7.2,6.4,7.6,9.3,11.1,9.7,Arts; EPS; SVT,créativité; persévérance; autonomie; sens de l'observation; design UI/UX,Réseaux sociaux et numérique; Bénévolat associatif,a participé à un club informatique ou de robotique au lycée; a créé un compte de jeu vidéo compétitif et anime une petite communauté en ligne; a occupé un petit job ou une activité rémunérée pendant les vacances,Directeur artistique numérique / Motion Designer; Spécialiste en communication digitale / Community Manager,Mixte/Itinérant,Informatique et Télécommunications,IMTICIA,"Informatique Multimédia, Technologie de l'Information et de la Communication et Intelligence Artificielle",False,
P00315,20,M,Menabe,Général,C,,11.99,14.1,14.2,13.0,11.6,9.9,8.8,9.8,13.6,10.7,12.9,11.4,13.9,EPS; Mathematiques; Physique_Chimie,esprit d'équipe; sécurité alimentaire; normes HACCP et microbiologie; aisance relationnelle; créativité; rigueur; pharmacologie,Nature,s'occupe d'un petit élevage ou d'un jardin potager; pratique un sport en club depuis plusieurs années,Chargé de R&D alimentaire; Chef de production,Terrain/Extérieur,Biotechnologie et Agronomie,IAA,Industries Agroalimentaires,True,PIP
P00316,18,M,Amoron'i Mania,Professionnel et technique,ACTC,Tertiaire,11.42,8.5,10.9,10.5,13.6,10.4,14.0,11.4,11.3,15.2,9.9,10.6,10.7,Anglais; Arts; Economie; Histoire_Geo,autonomie; analyse économique et économétrie; persévérance; management stratégique; esprit d'analyse; analyse financière et gestion budgétaire,Débat et droit; Économie,a organisé une petite activité commerciale ou un projet associatif; a participé à un club de débat ou un simulacre de procès au lycée; participe à des activités associatives ou de bénévolat,Analyste de marché; Responsable export; avoir un métier stable,Contact clientèle/Relationnel,Droit et Techniques des Affaires,CAA,Commerce et Administration des Affaires,True,EMP
P00317,20,F,Menabe,Professionnel et technique,MEMA,Industriel,10.82,10.0,10.7,9.7,13.6,12.1,10.4,12.9,12.0,8.4,8.4,9.4,12.2,EPS; Histoire_Geo; Malgache,aisance relationnelle; droit foncier et minier; rigueur,Gestion,gère les comptes d'une association d'élèves,Assistant juridique,Contact clientèle/Relationnel,Droit et Techniques des Affaires,DTJA,Droit et Techniques Juridiques des Affaires,False,
P00318,18,F,Vakinankaratra,Général,C,,11.06,14.2,11.9,9.0,10.3,11.3,10.5,9.5,8.4,16.5,13.0,6.5,11.6,Economie; Informatique; Mathematiques; Physique_Chimie,rigueur; persévérance; négociation et vente internationale; curiosité; gestion de trésorerie,Actualité et politique; Réseaux sociaux,a participé à un club de débat ou un simulacre de procès au lycée; a occupé un petit job ou une activité rémunérée pendant les vacances,Directeur Administratif et Financier; Trésorier d'entreprise,Contact clientèle/Relationnel,Droit et Techniques des Affaires,FIC,Finances et Comptabilité,True,CAA
P00319,20,M,Fitovinany,Professionnel et technique,TAG,Agricole,9.47,8.7,11.0,10.1,9.8,8.9,8.2,10.7,10.0,8.5,9.7,6.9,11.2,EPS; Histoire_Geo; Philosophie; Physique_Chimie; SVT,esprit d'équipe; gestion de laboratoire d'analyses médicales; sécurité alimentaire; biochimie et R&D; aisance relationnelle,Santé; Agriculture; Lecture,aide régulièrement dans l'exploitation agricole familiale; participe à des activités associatives ou de bénévolat,Chargé de R&D alimentaire,Terrain/Extérieur,Biotechnologie et Agronomie,IAA,Industries Agroalimentaires,True,PIP
P00320,19,F,Atsimo-Andrefana,Général,D,,9.73,14.4,11.5,10.2,7.0,9.2,8.7,8.7,7.4,10.6,11.3,7.8,10.0,Economie; Informatique; Mathematiques; Physique_Chimie; SVT,machine learning et deep learning; business intelligence; curiosité; aisance relationnelle; créativité,Jeux vidéo; Robotique,a suivi un tutoriel en ligne de programmation et créé un petit site web personnel; a participé à un club informatique ou de robotique au lycée,Data Scientist; Responsable Business Intelligence; travailler à l'international,Bureau/Numérique,Informatique et Télécommunications,ISAIA,"Informatique, Statistique Appliquée et Intelligence Artificielle",False,
P00321,19,F,Menabe,Général,C,,11.75,16.0,14.2,11.5,7.2,12.9,9.7,10.1,10.5,11.6,11.7,14.4,11.2,Arts; Informatique; Malgache; Mathematiques; Physique_Chimie,rigueur; persévérance; ingénierie des infrastructures routières et hydrauliques,Dessin et design; Architecture; Musique,a visité un chantier de construction dans le cadre d'un stage d'observation,Entrepreneur en BTP; Conducteur de travaux,Chantier/BTP,Génie Civil et Architecture,GCA,Génie Civil et Architecture,False,
P00322,18,F,Ihorombe,Professionnel et technique,TPFM,Industriel,12.14,15.7,15.3,9.5,12.1,11.7,11.0,9.0,10.0,13.6,14.4,11.7,11.7,Economie; Francais; Informatique; Mathematiques,"sens de l'observation; conception logicielle (UML, Merise); notions d'intelligence artificielle; curiosité",Technologie,a créé un compte de jeu vidéo compétitif et anime une petite communauté en ligne; a participé à un club informatique ou de robotique au lycée; participe à des activités associatives ou de bénévolat,Ingénieur en génie logiciel; Chef de projet informatique,Bureau/Numérique,Informatique et Télécommunications,IGGLIA,"Informatique de Gestion, Génie Logiciel et Intelligence Artificielle",False,
P00323,19,F,Fitovinany,Professionnel et technique,EN,Industriel,10.11,9.6,7.7,9.8,13.8,10.0,8.1,13.4,10.9,8.4,7.9,11.6,10.1,Arts; Francais; Histoire_Geo; Philosophie,autonomie; droit des contrats et des sociétés; persévérance; créativité; droit foncier et minier; sens de l'organisation,Débat et droit; Économie; Bénévolat associatif,a organisé une petite activité commerciale ou un projet associatif; a participé à un club de débat ou un simulacre de procès au lycée; pratique un sport en club depuis plusieurs années,Assistant juridique; Chargé de conformité,Bureau/Numérique,Droit et Techniques des Affaires,DTJA,Droit et Techniques Juridiques des Affaires,False,
P00324,20,F,Betsiboka,Professionnel et technique,DAMB,Industriel,13.84,12.2,13.0,14.6,14.5,14.2,14.5,12.9,12.3,11.8,14.9,16.2,15.0,Arts; EPS; Informatique,autonomie; esprit d'analyse; sens de l'observation; design UI/UX; production et montage audiovisuel,Robotique; Bénévolat associatif,a participé à un club informatique ou de robotique au lycée; pratique un sport en club depuis plusieurs années,Développeur multimédia,Bureau/Numérique,Informatique et Télécommunications,IMTICIA,"Informatique Multimédia, Technologie de l'Information et de la Communication et Intelligence Artificielle",False,
P00325,18,F,Atsimo-Atsinanana,Professionnel et technique,TMEL,Industriel,10.63,12.2,10.5,11.4,10.7,12.1,9.3,10.5,9.3,16.4,6.5,9.7,9.0,Economie; Francais; Malgache; Mathematiques; SVT,audit financier; créativité; esprit d'analyse; stratégie marketing et commerciale; autonomie; gestion de trésorerie,Économie; Réseaux sociaux,s'intéresse à l'actualité économique et suit des chaînes d'information; gère les comptes d'une association d'élèves,Trésorier d'entreprise; Contrôleur de gestion,Contact clientèle/Relationnel,Droit et Techniques des Affaires,FIC,Finances et Comptabilité,True,CAA
P00326,20,M,Bongolava,Professionnel et technique,EN,Industriel,13.51,14.3,12.9,13.1,11.9,12.7,11.6,12.8,12.4,19.1,12.2,14.7,14.4,Arts; EPS; Economie,esprit d'analyse; comptabilité générale et analytique; curiosité,Débat et droit; Entrepreneuriat; Musique,gère les comptes d'une association d'élèves; a participé à un club de débat ou un simulacre de procès au lycée; a occupé un petit job ou une activité rémunérée pendant les vacances,Auditeur financier; Directeur Administratif et Financier,Contact clientèle/Relationnel,Droit et Techniques des Affaires,FIC,Finances et Comptabilité,False,
P00327,19,M,Atsimo-Andrefana,Général,C,,11.3,10.4,9.9,11.9,13.5,9.2,11.3,10.5,10.2,13.6,10.5,10.8,13.8,EPS; Economie; Francais; SVT,sens de l'organisation; management hôtelier et restauration; esprit d'analyse,Hôtellerie; Réseaux sociaux,a organisé un voyage ou un événement pour son groupe d'amis; pratique l'anglais ou une autre langue étrangère en autodidacte; a occupé un petit job ou une activité rémunérée pendant les vacances,Responsable écotourisme; Chef de produit touristique; travailler à l'international,Contact clientèle/Relationnel,Tourisme,TEH,"Tourisme, Environnement et Hôtellerie",False,
P00328,19,F,Androy,Technologique,TTER,Tertiaire,10.97,14.1,9.5,8.8,10.9,8.7,10.3,5.6,10.8,16.6,13.3,9.9,13.1,Economie; Informatique; Malgache,sens de l'observation; rigueur; audit financier; comptabilité générale et analytique,Débat et droit,s'intéresse à l'actualité économique et suit des chaînes d'information,Directeur Administratif et Financier; Chef Comptable,Bureau/Numérique,Droit et Techniques des Affaires,FIC,Finances et Comptabilité,False,
P00329,19,M,Melaky,Professionnel et technique,SS,Tertiaire,13.89,14.2,16.9,13.2,15.9,15.6,10.4,16.4,13.5,10.8,15.8,10.5,13.5,Francais; Histoire_Geo; Physique_Chimie,gestion des litiges commerciaux; curiosité; droit foncier et minier; droit des contrats et des sociétés; rigueur,Débat et droit; Économie,gère les comptes d'une association d'élèves; a organisé une petite activité commerciale ou un projet associatif,Responsable des ressources humaines (volet juridique),Bureau/Numérique,Droit et Techniques des Affaires,DTJA,Droit et Techniques Juridiques des Affaires,False,
P00330,20,M,Androy,Technologique,TGC,Génie civil,14.17,12.7,13.7,14.0,12.5,13.8,14.6,15.0,15.5,14.6,13.8,12.8,17.0,Anglais; EPS; Histoire_Geo; Philosophie,gestion de chantier; sens de l'observation; autonomie; créativité,Urbanisme; Musique,a réalisé des maquettes ou des plans de construction pour un projet scolaire; a visité un chantier de construction dans le cadre d'un stage d'observation; a occupé un petit job ou une activité rémunérée pendant les vacances,Entrepreneur en BTP; Urbaniste,Chantier/BTP,Génie Civil et Architecture,GCA,Génie Civil et Architecture,True,
P00331,17,F,Anosy,Professionnel et technique,EN,Industriel,9.67,8.8,12.6,11.4,10.0,7.2,9.3,9.2,9.6,10.0,10.7,9.1,8.1,Francais; Informatique; Physique_Chimie; SVT,"rigueur; persévérance; programmation multi-langages (Java, C#, PHP, JavaScript)",Programmation; Technologie; Lecture,a monté et dépanné des ordinateurs pour son entourage; participe à des activités associatives ou de bénévolat,Architecte logiciel; Consultant en systèmes d'information et IA,Mixte/Itinérant,Informatique et Télécommunications,IGGLIA,"Informatique de Gestion, Génie Logiciel et Intelligence Artificielle",False,
P00332,19,M,Atsimo-Andrefana,Professionnel et technique,TOM,Industriel,8.43,12.9,12.6,6.9,6.1,8.6,6.7,6.8,8.0,7.6,9.6,8.4,7.0,Informatique; Mathematiques; Physique_Chimie,"traitement du signal et automatique; persévérance; autonomie; administration de réseaux (GSM, TCP/IP); systèmes embarqués et IoT",Technologie; Lecture,a participé à un club informatique ou de robotique au lycée; a monté et dépanné des ordinateurs pour son entourage; participe à des activités associatives ou de bénévolat,Spécialiste en robotique et domotique,Mixte/Itinérant,Informatique et Télécommunications,ESIIA,"Électronique, Systèmes Informatiques et Intelligence Artificielle",False,
P00333,20,F,Boeny,Général,S,,12.97,13.7,12.9,16.3,12.3,12.6,14.9,14.6,12.1,14.0,9.9,12.1,10.2,Anglais; Economie; Histoire_Geo; Mathematiques; SVT,esprit d'analyse; persévérance; zootechnie et pisciculture; esprit d'équipe; agroécologie et agriculture biologique; rigueur,Agriculture; Réseaux sociaux,a réalisé un exposé scolaire sur la santé ou la biologie; a participé à un club de sciences naturelles ou d'écologie,Ingénieur Agronome; Consultant en agroécologie,Terrain/Extérieur,Biotechnologie et Agronomie,AEE,Agriculture et Élevage,False,
P00334,18,M,Amoron'i Mania,Professionnel et technique,TFFI,Industriel,14.48,17.4,19.0,14.4,13.2,14.7,15.2,14.9,11.5,13.2,15.9,11.4,13.0,Anglais; Informatique; Mathematiques; Physique_Chimie,sens de l'observation; électronique de puissance; gestion de production industrielle; aisance relationnelle; rigueur; conception assistée par ordinateur (AutoCAD),Automobile et aéronautique; Bricolage,aide régulièrement à l'entretien de véhicules en famille; a occupé un petit job ou une activité rémunérée pendant les vacances,Ingénieur en électrotechnique,Terrain/Extérieur,Génie Industriel,EMII,Électromécanique et Informatique Industrielle,False,
P00335,19,F,Itasy,Professionnel et technique,TMA,Industriel,16.68,20,14.8,16.7,12.8,17.9,16.7,15.1,17.0,16.5,16.7,17.2,18.8,Arts; EPS; Malgache; Mathematiques,aisance relationnelle; esprit d'analyse; machine learning et deep learning; sens de l'organisation,Robotique,a suivi un tutoriel en ligne de programmation et créé un petit site web personnel; a créé un compte de jeu vidéo compétitif et anime une petite communauté en ligne; a occupé un petit job ou une activité rémunérée pendant les vacances,Data Analyst; Ingénieur Machine Learning,Bureau/Numérique,Informatique et Télécommunications,ISAIA,"Informatique, Statistique Appliquée et Intelligence Artificielle",False,
P00336,19,F,Analanjirofo,Professionnel et technique,TMF,Industriel,11.79,8.8,12.4,9.2,16.6,9.7,9.5,11.2,10.9,13.0,15.9,14.0,10.3,Arts; Economie; Francais; Informatique,persévérance; développement web et mobile multimédia; sens de l'observation; autonomie; communication digitale et PAO; production et montage audiovisuel,Réseaux sociaux et numérique,a suivi un tutoriel en ligne de programmation et créé un petit site web personnel,Webmaster; avoir un poste à responsabilités,Mixte/Itinérant,Informatique et Télécommunications,IMTICIA,"Informatique Multimédia, Technologie de l'Information et de la Communication et Intelligence Artificielle",False,
P00337,20,M,Diana,Général,D,,11.45,10.9,12.8,13.0,8.7,12.3,11.4,11.7,12.2,14.0,9.2,11.4,9.8,Economie; Malgache; Physique_Chimie; SVT,créativité; esprit d'équipe; productions végétales et animales,Santé,a participé à un club de sciences naturelles ou d'écologie; aide régulièrement dans l'exploitation agricole familiale,Conseiller agricole,Terrain/Extérieur,Biotechnologie et Agronomie,AEE,Agriculture et Élevage,False,
P00338,17,M,Vatovavy,Général,C,,6.84,5.5,8.6,7.9,5.5,8.3,8.2,6.8,4.2,6.4,8.2,6.0,6.5,Anglais; Malgache; Physique_Chimie,aisance relationnelle; curiosité; sécurité alimentaire; autonomie; normes HACCP et microbiologie,Nature; Environnement,aide régulièrement dans l'exploitation agricole familiale; a réalisé un exposé scolaire sur la santé ou la biologie; pratique un sport en club depuis plusieurs années,Chargé de R&D alimentaire; travailler à l'international,Terrain/Extérieur,Biotechnologie et Agronomie,IAA,Industries Agroalimentaires,False,
P00339,17,M,Haute Matsiatra,Professionnel et technique,TPFM,Industriel,12.53,14.3,15.1,14.4,12.2,8.7,14.1,13.2,14.8,10.9,9.9,11.1,11.7,Philosophie; Physique_Chimie; SVT,autonomie; rigueur; gestion de production industrielle; maintenance industrielle pluridisciplinaire,Technologie; Jeux vidéo; Lecture,aide régulièrement à l'entretien de véhicules en famille; pratique un sport en club depuis plusieurs années,Ingénieur en bureau d'études mécanique,Atelier/Industriel,Génie Industriel,EMII,Électromécanique et Informatique Industrielle,True,ESIIA
P00340,17,M,Atsimo-Andrefana,Technologique,TGC,Génie civil,11.17,13.4,12.5,11.7,10.7,10.8,14.3,9.5,7.9,12.6,9.6,11.7,9.3,Anglais; Economie; Mathematiques; Physique_Chimie; SVT,sens de l'organisation; pilotage et planification de projets; esprit d'analyse; curiosité,Débat et droit; Réseaux sociaux,a organisé une petite activité commerciale ou un projet associatif; s'intéresse à l'actualité économique et suit des chaînes d'information; pratique un sport en club depuis plusieurs années,Manager de PME/PMI; Gestionnaire administratif et financier,Bureau/Numérique,Droit et Techniques des Affaires,CAA,Commerce et Administration des Affaires,True,EMP
P00341,18,F,Vakinankaratra,Professionnel et technique,TAMB,Industriel,12.84,12.8,12.2,11.8,10.6,15.1,14.6,14.4,12.7,11.7,13.5,14.2,10.5,Anglais; Histoire_Geo; Malgache,gestion environnementale de sites touristiques; sens de l'organisation; sens de l'observation; esprit d'équipe; aisance relationnelle; langues étrangères,Cultures du monde; Lecture,a organisé un voyage ou un événement pour son groupe d'amis; pratique l'anglais ou une autre langue étrangère en autodidacte; participe à des activités associatives ou de bénévolat,Directeur d'établissement hôtelier,Contact clientèle/Relationnel,Tourisme,TEH,"Tourisme, Environnement et Hôtellerie",False,
P00342,20,M,Atsinanana,Professionnel et technique,CCBTP,Génie civil / BTP,13.09,15.4,13.2,12.3,13.4,12.6,10.8,13.5,11.9,15.2,12.8,12.6,13.4,Economie; Histoire_Geo; Mathematiques,curiosité; analyse économique et économétrie; esprit d'équipe; pilotage et planification de projets,Actualité et politique,a organisé une petite activité commerciale ou un projet associatif; a participé à un club de débat ou un simulacre de procès au lycée,Responsable suivi-évaluation de projets; Chef de projet; avoir un métier stable,Bureau/Numérique,Droit et Techniques des Affaires,EMP,Économie et Management de Projet,False,
P00343,20,F,Anosy,Général,A1,,16.33,15.1,17.2,14.4,20,15.4,16.1,15.0,19.8,16.0,14.9,18.0,14.1,Arts; Francais; Philosophie,créativité; connaissance du patrimoine environnemental et culturel malgache; sensibilisation au tourisme durable; sens de l'observation; aisance relationnelle; curiosité,Hôtellerie; Cultures du monde,a organisé un voyage ou un événement pour son groupe d'amis; pratique l'anglais ou une autre langue étrangère en autodidacte; pratique un sport en club depuis plusieurs années,Chargé de valorisation touristique et environnementale; Professionnel du secteur du tourisme,Mixte/Itinérant,Tourisme,TEE,Tourisme et Environnement,False,
P00344,17,M,Analanjirofo,Professionnel et technique,DAMB,Industriel,11.88,14.3,10.9,6.4,13.2,12.7,11.6,12.2,10.4,12.3,16.5,10.8,11.3,Francais; Informatique; Malgache; Mathematiques,sens de l'organisation; autonomie; gestion de projets informatiques; développement full-stack; créativité,Réseaux sociaux et numérique; Jeux vidéo,a créé un compte de jeu vidéo compétitif et anime une petite communauté en ligne,Expert en transformation digitale,Bureau/Numérique,Informatique et Télécommunications,IGGLIA,"Informatique de Gestion, Génie Logiciel et Intelligence Artificielle",True,IMTICIA
P00345,18,F,Atsimo-Andrefana,Général,C,,12.05,13.5,14.3,8.2,11.5,9.6,12.7,13.6,13.4,11.2,14.0,10.6,12.0,Histoire_Geo; Mathematiques; Physique_Chimie,"traitement du signal et automatique; autonomie; rigueur; maintenance hardware et microcontrôleurs; administration de réseaux (GSM, TCP/IP)",Jeux vidéo; Technologie,a créé un compte de jeu vidéo compétitif et anime une petite communauté en ligne; pratique un sport en club depuis plusieurs années,Ingénieur système et réseau; Architecte Hardware; contribuer au développement de Madagascar,Bureau/Numérique,Informatique et Télécommunications,ESIIA,"Électronique, Systèmes Informatiques et Intelligence Artificielle",False,
P00346,18,F,Ihorombe,Professionnel et technique,TAMB,Industriel,10.6,14.0,11.9,10.6,9.1,8.3,9.9,8.6,6.9,13.1,12.9,13.9,8.0,Arts; Economie; Malgache; Mathematiques,"gestion de projets informatiques; rigueur; programmation multi-langages (Java, C#, PHP, JavaScript); esprit d'analyse; curiosité; créativité",Technologie; Réseaux sociaux,a créé un compte de jeu vidéo compétitif et anime une petite communauté en ligne; a occupé un petit job ou une activité rémunérée pendant les vacances,Ingénieur en génie logiciel,Mixte/Itinérant,Informatique et Télécommunications,IGGLIA,"Informatique de Gestion, Génie Logiciel et Intelligence Artificielle",True,IMTICIA
P00347,18,F,Melaky,Général,L,,15.88,16.2,14.7,15.1,17.6,17.1,14.6,17.2,18.1,17.1,15.5,14.9,12.4,Francais; Histoire_Geo; Philosophie,aisance relationnelle; droit foncier et minier; créativité; autonomie; sens de l'organisation,Économie,a organisé une petite activité commerciale ou un projet associatif; pratique un sport en club depuis plusieurs années,Juriste d'affaires,Contact clientèle/Relationnel,Droit et Techniques des Affaires,DTJA,Droit et Techniques Juridiques des Affaires,False,
P00348,18,M,Betsiboka,Professionnel et technique,SS,Tertiaire,11.51,9.0,8.8,12.6,11.9,10.8,12.9,14.2,13.9,10.2,9.7,11.7,12.4,Anglais; Histoire_Geo; Philosophie; SVT,sens de l'observation; conception de produits touristiques; sens de l'organisation,Gastronomie; Hôtellerie; Bénévolat associatif,a organisé un voyage ou un événement pour son groupe d'amis; aime cuisiner et découvrir des plats d'autres cultures,Gestionnaire de sites protégés; créer sa propre entreprise,Mixte/Itinérant,Tourisme,TEH,"Tourisme, Environnement et Hôtellerie",True,TEE
P00349,17,M,Amoron'i Mania,Général,C,,9.86,10.9,11.5,10.1,9.1,9.9,8.9,10.1,8.1,11.0,8.2,11.1,9.4,Arts; Economie; Informatique; Physique_Chimie,gestion de production industrielle; rigueur; esprit d'analyse; sens de l'organisation; conception assistée par ordinateur (AutoCAD); électronique de puissance,Industrie; Réseaux sociaux,a démonté et réparé des appareils électroménagers ou mécaniques par curiosité; a occupé un petit job ou une activité rémunérée pendant les vacances,Ingénieur en bureau d'études mécanique; Ingénieur en électrotechnique,Atelier/Industriel,Génie Industriel,EMII,Électromécanique et Informatique Industrielle,False,
P00350,20,M,Anosy,Général,S,,10.53,8.8,13.4,13.1,9.5,9.5,10.5,11.7,10.5,8.7,8.8,10.5,11.3,EPS; Histoire_Geo; Physique_Chimie,créativité; sens de l'organisation; biochimie et R&D; rigueur; curiosité,Animaux; Bénévolat associatif,a réalisé un exposé scolaire sur la santé ou la biologie,Chargé de R&D alimentaire; Ingénieur de production en industrie agroalimentaire; créer sa propre entreprise,Terrain/Extérieur,Biotechnologie et Agronomie,IAA,Industries Agroalimentaires,False,
P00351,17,M,Atsimo-Atsinanana,Technologique,TTER,Tertiaire,11.56,14.8,10.4,10.0,13.4,10.9,11.1,10.8,9.6,16.0,10.8,8.5,12.4,Anglais; EPS; Economie; Francais; Mathematiques,gestion d'entreprise; esprit d'équipe; esprit d'analyse; aisance relationnelle; analyse financière et gestion budgétaire; négociation et vente internationale; rigueur,Entrepreneuriat; Gestion,gère les comptes d'une association d'élèves; a occupé un petit job ou une activité rémunérée pendant les vacances,Analyste de marché; Responsable commercial,Bureau/Numérique,Droit et Techniques des Affaires,CAA,Commerce et Administration des Affaires,False,
P00352,18,M,Vakinankaratra,Technologique,TGI,Industriel,9.28,10.3,10.2,8.3,8.7,9.3,7.2,7.8,9.2,10.4,11.7,9.1,9.1,Economie; Informatique; Mathematiques; Physique_Chimie,hygiène sécurité environnement (HSE); autonomie; persévérance,Industrie; Mécanique; Réseaux sociaux,a démonté et réparé des appareils électroménagers ou mécaniques par curiosité; aide régulièrement à l'entretien de véhicules en famille,Ingénieur minier,Atelier/Industriel,Génie Industriel,ICMP,"Industries Chimiques, Minières et Pétrolières",False,
P00353,18,M,Bongolava,Professionnel et technique,TEV,Agricole,7.53,8.0,9.6,11.8,7.4,6.6,6.7,6.5,7.5,5.1,4.7,5.7,10.7,EPS; Mathematiques; Philosophie; Physique_Chimie; SVT,autonomie; sens de l'observation; formulation pharmaceutique,Environnement; Musique,s'occupe d'un petit élevage ou d'un jardin potager; aide régulièrement dans l'exploitation agricole familiale,Délégué médical; créer sa propre entreprise,Laboratoire/Recherche,Biotechnologie et Agronomie,PIP,Pharmacologie et Industries Pharmaceutiques,False,
P00354,19,F,Itasy,Général,C,,8.67,7.8,9.5,8.5,9.4,11.2,8.1,9.8,8.1,7.5,8.9,9.0,6.2,Francais; Histoire_Geo; Malgache; Physique_Chimie,pharmacologie; gestion de laboratoire d'analyses médicales; esprit d'analyse; curiosité; formulation pharmaceutique,Santé; Réseaux sociaux,a participé à un club de sciences naturelles ou d'écologie; a occupé un petit job ou une activité rémunérée pendant les vacances,Responsable de production pharmaceutique; Ingénieur de laboratoire médical,Laboratoire/Recherche,Biotechnologie et Agronomie,PIP,Pharmacologie et Industries Pharmaceutiques,False,
P00355,17,F,Atsimo-Atsinanana,Professionnel et technique,MEMA,Industriel,11.48,13.6,13.4,12.0,10.5,11.4,9.9,9.9,11.3,9.0,14.8,12.0,10.0,Informatique; Mathematiques; Physique_Chimie; SVT,aisance relationnelle; électronique de puissance; sens de l'observation; créativité,Technologie; Programmation; Lecture,a suivi un tutoriel en ligne de programmation et créé un petit site web personnel; participe à des activités associatives ou de bénévolat,Spécialiste en robotique et domotique; Ingénieur système et réseau,Mixte/Itinérant,Informatique et Télécommunications,ESIIA,"Électronique, Systèmes Informatiques et Intelligence Artificielle",True,EMII
P00356,20,M,Menabe,Professionnel et technique,TMF,Industriel,11.19,10.8,13.2,13.4,10.3,10.2,11.6,11.8,9.8,9.7,10.1,12.7,10.7,Anglais; Arts; Histoire_Geo; Physique_Chimie; SVT,accueil et relation client; aisance relationnelle; gestion environnementale de sites touristiques; management hôtelier et restauration; esprit d'analyse; sens de l'organisation,Langues étrangères; Réseaux sociaux,pratique l'anglais ou une autre langue étrangère en autodidacte; a organisé un voyage ou un événement pour son groupe d'amis,Manager d'agence de voyage,Contact clientèle/Relationnel,Tourisme,TEH,"Tourisme, Environnement et Hôtellerie",False,
P00357,18,F,Boeny,Professionnel et technique,MEMA,Industriel,7.59,9.8,5.2,8.4,8.8,7.0,6.5,7.6,7.5,5.1,10.7,7.4,7.1,Francais; Histoire_Geo; Informatique; Mathematiques; SVT,"rigueur; programmation multi-langages (Java, C#, PHP, JavaScript); traitement de données massives (Big Data); sens de l'organisation",Technologie; Jeux vidéo,a monté et dépanné des ordinateurs pour son entourage; a suivi un tutoriel en ligne de programmation et créé un petit site web personnel,Statisticien financier,Bureau/Numérique,Informatique et Télécommunications,ISAIA,"Informatique, Statistique Appliquée et Intelligence Artificielle",True,IGGLIA
P00358,19,M,Analanjirofo,Professionnel et technique,TEV,Agricole,9.71,7.9,9.2,8.6,11.5,10.7,9.3,7.3,8.7,12.1,11.4,11.7,8.1,Arts; Economie; Francais; Informatique,transformation agroalimentaire; biochimie et R&D; sens de l'observation; créativité,Agriculture; Musique,a participé à un club de sciences naturelles ou d'écologie,Responsable de production animale; Expert en agri-business,Terrain/Extérieur,Biotechnologie et Agronomie,AEE,Agriculture et Élevage,True,IAA
P00359,17,M,Haute Matsiatra,Professionnel et technique,EN,Industriel,14.78,18.2,15.7,12.9,17.0,13.6,14.7,14.3,12.1,13.8,17.9,15.4,11.8,Francais; Informatique; Mathematiques,esprit d'analyse; rigueur; design UI/UX; gestion de projets informatiques; autonomie; production et montage audiovisuel; aisance relationnelle,Réseaux sociaux et numérique; Robotique; Sport,a participé à un club informatique ou de robotique au lycée; a monté et dépanné des ordinateurs pour son entourage; participe à des activités associatives ou de bénévolat,Chef de projet informatique; avoir un métier stable,Mixte/Itinérant,Informatique et Télécommunications,IGGLIA,"Informatique de Gestion, Génie Logiciel et Intelligence Artificielle",True,IMTICIA
P00360,18,F,Atsimo-Andrefana,Général,C,,9.33,10.8,7.8,8.7,9.4,10.3,11.0,7.0,7.5,12.9,10.6,7.2,8.8,Anglais; Economie; Informatique; Mathematiques,curiosité; autonomie; comptabilité générale et analytique; audit financier; esprit d'équipe,Entrepreneuriat,a participé à un club de débat ou un simulacre de procès au lycée; pratique un sport en club depuis plusieurs années,Contrôleur de gestion; avoir un poste à responsabilités,Contact clientèle/Relationnel,Droit et Techniques des Affaires,FIC,Finances et Comptabilité,False,
P00361,17,M,Atsinanana,Professionnel et technique,TOM,Industriel,11.78,13.6,15.0,11.5,10.3,9.8,10.9,11.4,13.8,10.2,13.6,11.7,9.5,Informatique; Mathematiques; Philosophie; Physique_Chimie,traitement du signal et automatique; autonomie; sens de l'observation,Jeux vidéo,a participé à un club informatique ou de robotique au lycée; a suivi un tutoriel en ligne de programmation et créé un petit site web personnel; pratique un sport en club depuis plusieurs années,Ingénieur en télécommunications,Mixte/Itinérant,Informatique et Télécommunications,ESIIA,"Électronique, Systèmes Informatiques et Intelligence Artificielle",False,
P00362,17,F,Menabe,Général,D,,13.22,14.4,12.3,15.7,12.4,14.2,10.7,14.3,11.5,14.1,10.0,13.3,15.7,EPS; Histoire_Geo; Malgache; Mathematiques; SVT,esprit d'équipe; persévérance; agroécologie et agriculture biologique; productions végétales et animales,Nature; Animaux; Sport,s'occupe d'un petit élevage ou d'un jardin potager; a participé à un club de sciences naturelles ou d'écologie,Ingénieur Agronome,Laboratoire/Recherche,Biotechnologie et Agronomie,AEE,Agriculture et Élevage,True,IAA
P00363,18,F,Sava,Professionnel et technique,TMA,Industriel,11.32,11.3,15.8,16.2,9.3,8.3,11.6,10.4,13.8,10.0,9.7,8.9,10.6,Philosophie; Physique_Chimie; SVT,génie des procédés chimiques; biochimie et R&D; autonomie; persévérance; sens de l'observation; sens de l'organisation,Électronique,aide régulièrement dans l'exploitation agricole familiale,Ingénieur de laboratoire d'analyses,Terrain/Extérieur,Génie Industriel,ICMP,"Industries Chimiques, Minières et Pétrolières",True,IAA
P00364,20,F,Bongolava,Général,A2,,12.72,15.3,14.4,10.8,16.2,10.0,14.0,11.4,11.2,14.3,12.7,9.5,12.8,Francais; Histoire_Geo; Mathematiques,esprit d'analyse; analyse financière et gestion budgétaire; sens de l'organisation; gestion d'entreprise,Débat et droit; Économie,s'intéresse à l'actualité économique et suit des chaînes d'information; a occupé un petit job ou une activité rémunérée pendant les vacances,Responsable export; Analyste de marché; avoir un poste à responsabilités,Contact clientèle/Relationnel,Droit et Techniques des Affaires,CAA,Commerce et Administration des Affaires,False,
P00365,19,M,Diana,Général,C,,11.98,12.2,12.8,15.6,12.4,9.7,10.2,11.9,14.5,12.4,11.3,10.0,10.8,Economie; Francais; Philosophie; Physique_Chimie; SVT,sécurité alimentaire; autonomie; esprit d'analyse; biochimie et R&D; transformation agroalimentaire,Santé; Environnement; Réseaux sociaux,s'occupe d'un petit élevage ou d'un jardin potager; a réalisé un exposé scolaire sur la santé ou la biologie; pratique un sport en club depuis plusieurs années,Consultant qualité; Chargé de R&D alimentaire; créer sa propre entreprise,Terrain/Extérieur,Biotechnologie et Agronomie,IAA,Industries Agroalimentaires,False,
P00366,18,M,Itasy,Technologique,TGI,Industriel,14.91,15.3,11.6,14.3,14.8,16.5,16.1,17.4,12.6,15.0,14.7,14.6,16.0,Anglais; Histoire_Geo; Malgache,gestion environnementale de sites touristiques; créativité; curiosité; esprit d'analyse; conception de produits touristiques; sens de l'organisation,Cultures du monde,aime cuisiner et découvrir des plats d'autres cultures; pratique un sport en club depuis plusieurs années,Chef de produit touristique; Responsable écotourisme,Mixte/Itinérant,Tourisme,TEH,"Tourisme, Environnement et Hôtellerie",False,
P00367,19,F,Atsinanana,Technologique,TGI,Industriel,12.15,12.5,15.7,11.9,11.0,13.7,14.0,9.5,12.0,11.2,14.4,8.9,11.0,Anglais; Francais; Physique_Chimie,maintenance industrielle pluridisciplinaire; esprit d'équipe; gestion de production industrielle; autonomie; sens de l'observation,Bricolage; Musique,aide régulièrement à l'entretien de véhicules en famille; a effectué un stage d'observation dans un atelier ou une usine,Ingénieur en électrotechnique,Atelier/Industriel,Génie Industriel,EMII,Électromécanique et Informatique Industrielle,False,
P00368,20,F,Sofia,Professionnel et technique,MEMA,Industriel,11.71,12.1,8.9,10.4,13.2,15.3,10.0,14.2,14.1,8.8,11.4,11.5,10.6,Francais; Histoire_Geo; Malgache; Mathematiques; Philosophie,esprit d'analyse; aisance relationnelle; droit des contrats et des sociétés; gestion des litiges commerciaux; créativité,Débat et droit; Économie,s'intéresse à l'actualité économique et suit des chaînes d'information; gère les comptes d'une association d'élèves; participe à des activités associatives ou de bénévolat,Responsable des ressources humaines (volet juridique),Contact clientèle/Relationnel,Droit et Techniques des Affaires,DTJA,Droit et Techniques Juridiques des Affaires,True,FIC
P00369,20,M,Alaotra-Mangoro,Professionnel et technique,TEV,Agricole,11.7,14.1,12.8,13.4,9.0,13.3,11.7,8.2,10.6,12.7,10.3,12.9,11.4,Malgache; Mathematiques; SVT,sens de l'observation; transformation agroalimentaire; esprit d'analyse,Nature,a participé à un club de sciences naturelles ou d'écologie,Ingénieur de production en industrie agroalimentaire; Responsable Qualité et Hygiène; travailler à l'international,Terrain/Extérieur,Biotechnologie et Agronomie,IAA,Industries Agroalimentaires,False,
P00370,20,M,Vakinankaratra,Technologique,TGI,Industriel,12.63,14.2,12.7,13.1,12.8,13.2,10.6,10.6,13.4,13.8,16.0,9.1,12.1,Economie; Informatique; Mathematiques; Philosophie,gestion de projets informatiques; notions d'intelligence artificielle; esprit d'analyse; rigueur,Robotique; Jeux vidéo,a participé à un club informatique ou de robotique au lycée,Consultant en systèmes d'information et IA,Bureau/Numérique,Informatique et Télécommunications,IGGLIA,"Informatique de Gestion, Génie Logiciel et Intelligence Artificielle",False,
P00371,18,M,Diana,Professionnel et technique,TMA,Industriel,7.2,6.4,7.0,6.6,7.9,7.9,8.0,5.2,6.7,8.1,7.3,8.3,7.0,Anglais; Arts; Economie; Francais; Malgache,esprit d'équipe; gestion d'entreprise; analyse économique et économétrie; persévérance; aisance relationnelle; négociation et vente internationale,Entrepreneuriat; Économie; Réseaux sociaux,s'intéresse à l'actualité économique et suit des chaînes d'information; a occupé un petit job ou une activité rémunérée pendant les vacances,Chef de projet,Bureau/Numérique,Droit et Techniques des Affaires,EMP,Économie et Management de Projet,True,CAA
P00372,18,M,Anosy,Général,L,,11.92,13.6,12.4,11.3,12.5,10.7,9.9,10.1,10.1,16.0,13.5,11.8,11.1,Economie; Informatique; Mathematiques,pilotage et planification de projets; créativité; sens de l'organisation; esprit d'analyse; gestion financière prévisionnelle,Gestion,gère les comptes d'une association d'élèves,Consultant en management; Responsable suivi-évaluation de projets; contribuer au développement de Madagascar,Contact clientèle/Relationnel,Droit et Techniques des Affaires,EMP,Économie et Management de Projet,False,
P00373,20,F,Anosy,Général,S,,14.22,13.2,13.9,15.1,15.9,11.5,13.1,12.4,14.6,15.4,18.3,14.3,13.0,Economie; Francais; Informatique,autonomie; esprit d'équipe; communication digitale et PAO; créativité; développement web et mobile multimédia; design UI/UX; aisance relationnelle,Technologie; Lecture,a suivi un tutoriel en ligne de programmation et créé un petit site web personnel; a monté et dépanné des ordinateurs pour son entourage; pratique un sport en club depuis plusieurs années,UX/UI Designer,Bureau/Numérique,Informatique et Télécommunications,IMTICIA,"Informatique Multimédia, Technologie de l'Information et de la Communication et Intelligence Artificielle",False,
P00374,17,F,Alaotra-Mangoro,Général,C,,12.08,11.2,13.8,14.7,11.4,12.6,14.4,11.6,10.6,11.0,11.9,11.0,10.8,Anglais; Malgache; Physique_Chimie; SVT,autonomie; persévérance; créativité; aisance relationnelle; gestion de laboratoire d'analyses médicales,Nature,a réalisé un exposé scolaire sur la santé ou la biologie,Ingénieur de laboratoire médical; travailler à l'international,Terrain/Extérieur,Biotechnologie et Agronomie,PIP,Pharmacologie et Industries Pharmaceutiques,False,
P00375,20,M,Ihorombe,Professionnel et technique,TAG,Agricole,12.72,10.5,9.3,11.3,15.4,14.6,11.4,13.5,14.6,14.5,11.8,11.6,14.1,EPS; Economie; Informatique; Malgache; Philosophie,esprit d'analyse; curiosité; gestion des litiges commerciaux; autonomie; droit des contrats et des sociétés; droit foncier et minier,Entrepreneuriat; Actualité et politique,a participé à un club de débat ou un simulacre de procès au lycée; a organisé une petite activité commerciale ou un projet associatif,Juriste d'affaires; créer sa propre entreprise,Contact clientèle/Relationnel,Droit et Techniques des Affaires,DTJA,Droit et Techniques Juridiques des Affaires,False,
P00376,18,M,Alaotra-Mangoro,Professionnel et technique,TMEL,Industriel,12.1,13.2,14.2,11.6,11.2,11.4,12.2,12.5,11.4,12.5,12.4,10.9,11.7,Economie; Histoire_Geo; Informatique; Mathematiques; Physique_Chimie,exploitation minière et géologie; esprit d'analyse; curiosité; sens de l'observation; rigueur,Industrie; Mécanique,a participé à un club de robotique ou de modélisme,Ingénieur pétrolier; Responsable HSE,Atelier/Industriel,Génie Industriel,ICMP,"Industries Chimiques, Minières et Pétrolières",False,
P00377,20,F,Bongolava,Général,C,,13.67,16.5,11.4,12.6,11.3,14.9,15.2,15.3,13.2,13.8,13.2,12.3,14.3,Anglais; EPS; Economie; Malgache; Mathematiques,analyse statistique et probabilités appliquées; business intelligence; persévérance; rigueur,Programmation; Technologie; Musique,a monté et dépanné des ordinateurs pour son entourage,Ingénieur Machine Learning; créer sa propre entreprise,Mixte/Itinérant,Informatique et Télécommunications,ISAIA,"Informatique, Statistique Appliquée et Intelligence Artificielle",False,
P00378,19,M,Betsiboka,Professionnel et technique,MEMA,Industriel,13.06,13.5,13.4,11.2,15.7,15.1,12.8,13.5,11.6,10.9,14.5,12.2,12.3,Francais; Informatique; Malgache; Mathematiques,esprit d'analyse; pilotage et planification de projets; autonomie; sens de l'observation,Économie; Sport,a organisé une petite activité commerciale ou un projet associatif; a occupé un petit job ou une activité rémunérée pendant les vacances,Analyste de marché; Gestionnaire administratif et financier; contribuer au développement de Madagascar,Contact clientèle/Relationnel,Droit et Techniques des Affaires,CAA,Commerce et Administration des Affaires,True,EMP
P00379,18,F,Ihorombe,Général,D,,12.44,14.9,13.8,13.2,11.3,12.3,9.3,10.2,12.9,16.7,12.4,12.0,10.3,Mathematiques; Philosophie; Physique_Chimie; SVT,créativité; esprit d'équipe; analyse financière et gestion budgétaire; stratégie marketing et commerciale; sens de l'observation,Économie; Musique,gère les comptes d'une association d'élèves; a participé à un club de débat ou un simulacre de procès au lycée; participe à des activités associatives ou de bénévolat,Contrôleur de gestion; Chef Comptable; avoir un poste à responsabilités,Bureau/Numérique,Droit et Techniques des Affaires,FIC,Finances et Comptabilité,True,CAA
P00380,18,M,Alaotra-Mangoro,Technologique,TGI,Industriel,12.19,13.7,13.4,12.9,13.7,14.5,10.1,13.1,8.7,10.6,12.7,11.1,11.8,Francais; Histoire_Geo; Malgache,rigueur; aisance relationnelle; maintenance industrielle pluridisciplinaire; autonomie; électronique de puissance,Mécanique; Électronique; Lecture,a démonté et réparé des appareils électroménagers ou mécaniques par curiosité,Concepteur de systèmes IoT industriels; Ingénieur en maintenance industrielle; avoir un métier stable,Atelier/Industriel,Génie Industriel,EMII,Électromécanique et Informatique Industrielle,False,
P00381,19,F,Haute Matsiatra,Professionnel et technique,TMA,Industriel,10.88,16.1,11.9,7.3,8.8,11.6,12.5,10.3,9.8,13.6,8.5,9.2,11.0,Anglais; Economie; Mathematiques; Physique_Chimie,gestion de trésorerie; sens de l'observation; rigueur; esprit d'équipe,Entrepreneuriat,s'intéresse à l'actualité économique et suit des chaînes d'information; a organisé une petite activité commerciale ou un projet associatif; a occupé un petit job ou une activité rémunérée pendant les vacances,Trésorier d'entreprise; Chef Comptable,Contact clientèle/Relationnel,Droit et Techniques des Affaires,FIC,Finances et Comptabilité,True,CAA
P00382,17,M,Analanjirofo,Professionnel et technique,TAG,Agricole,10.03,8.6,11.6,9.5,9.4,7.9,10.1,10.5,8.0,14.0,10.3,10.5,10.0,Arts; Economie; Histoire_Geo; Informatique; Physique_Chimie,esprit d'équipe; sens de l'organisation; gestion de trésorerie; persévérance,Économie; Actualité et politique,a organisé une petite activité commerciale ou un projet associatif,Auditeur financier; Trésorier d'entreprise,Bureau/Numérique,Droit et Techniques des Affaires,FIC,Finances et Comptabilité,True,CAA
P00383,18,F,Diana,Général,C,,10.91,13.4,11.8,9.2,8.4,10.7,9.8,11.1,11.3,16.4,10.0,10.5,8.3,Economie; Histoire_Geo; Mathematiques; Philosophie; Physique_Chimie,pilotage et planification de projets; sens de l'organisation; esprit d'équipe,Gestion,s'intéresse à l'actualité économique et suit des chaînes d'information,Planificateur stratégique; Responsable suivi-évaluation de projets,Bureau/Numérique,Droit et Techniques des Affaires,EMP,Économie et Management de Projet,False,
P00384,18,M,Diana,Professionnel et technique,TMEL,Industriel,13.02,18.3,14.1,13.5,12.9,13.1,12.9,10.0,11.9,13.9,15.6,10.6,9.4,Informatique; Mathematiques; Physique_Chimie,traitement de données massives (Big Data); sens de l'organisation; machine learning et deep learning; analyse statistique et probabilités appliquées; sens de l'observation; rigueur; curiosité,Technologie; Robotique; Lecture,a suivi un tutoriel en ligne de programmation et créé un petit site web personnel; pratique un sport en club depuis plusieurs années,Data Scientist; Statisticien financier; travailler à l'international,Mixte/Itinérant,Informatique et Télécommunications,ISAIA,"Informatique, Statistique Appliquée et Intelligence Artificielle",False,
P00385,20,F,Haute Matsiatra,Professionnel et technique,ACTC,Tertiaire,10.47,13.3,8.5,10.5,10.8,9.5,8.7,10.1,8.4,14.5,11.1,9.9,10.4,Economie; Informatique; Mathematiques,créativité; comptabilité générale et analytique; persévérance; autonomie,Débat et droit; Musique,s'intéresse à l'actualité économique et suit des chaînes d'information; a organisé une petite activité commerciale ou un projet associatif; pratique un sport en club depuis plusieurs années,Auditeur financier; avoir un poste à responsabilités,Bureau/Numérique,Droit et Techniques des Affaires,FIC,Finances et Comptabilité,False,
P00386,20,M,Analamanga,Professionnel et technique,TMF,Industriel,13.78,17.0,16.0,18.2,13.1,12.6,13.8,12.6,12.7,12.0,11.3,13.4,12.6,Anglais; Mathematiques; Physique_Chimie; SVT,sens de l'observation; persévérance; exploitation minière et géologie; sens de l'organisation; génie des procédés chimiques; rigueur,Électronique; Lecture,a démonté et réparé des appareils électroménagers ou mécaniques par curiosité; aide régulièrement à l'entretien de véhicules en famille,Responsable HSE,Atelier/Industriel,Génie Industriel,ICMP,"Industries Chimiques, Minières et Pétrolières",False,
P00387,17,F,Sofia,Général,C,,12.76,10.9,13.5,15.8,10.8,10.9,13.3,13.4,10.8,15.9,13.2,12.7,11.9,Economie; Physique_Chimie; SVT,rigueur; créativité; productions végétales et animales; curiosité; développement rural; zootechnie et pisciculture,Nature; Agriculture,aide régulièrement dans l'exploitation agricole familiale; s'occupe d'un petit élevage ou d'un jardin potager; participe à des activités associatives ou de bénévolat,Ingénieur Agronome,Terrain/Extérieur,Biotechnologie et Agronomie,AEE,Agriculture et Élevage,False,
P00388,20,M,Itasy,Professionnel et technique,DAMB,Industriel,14.17,15.6,17.2,12.1,11.6,13.7,12.0,14.4,13.0,16.5,15.2,15.5,13.2,Economie; Malgache; Mathematiques; Physique_Chimie,maintenance industrielle pluridisciplinaire; curiosité; aisance relationnelle; persévérance,Automobile et aéronautique; Lecture,a participé à un club de robotique ou de modélisme; a démonté et réparé des appareils électroménagers ou mécaniques par curiosité,Ingénieur en automatisation et robotique industrielle; travailler à l'international,Atelier/Industriel,Génie Industriel,EMII,Électromécanique et Informatique Industrielle,False,
P00389,18,M,Anosy,Général,OSE,,12.79,14.5,10.2,13.4,13.7,12.8,11.2,14.1,12.3,16.8,11.5,10.2,12.8,Economie; Francais; Histoire_Geo; Mathematiques,audit financier; esprit d'analyse; autonomie; gestion de trésorerie; aisance relationnelle,Actualité et politique,a organisé une petite activité commerciale ou un projet associatif; a occupé un petit job ou une activité rémunérée pendant les vacances,Trésorier d'entreprise; Contrôleur de gestion,Bureau/Numérique,Droit et Techniques des Affaires,FIC,Finances et Comptabilité,False,
P00390,19,M,Androy,Général,A1,,11.93,10.8,12.9,10.7,14.0,13.4,12.5,13.2,11.9,9.6,10.6,10.1,13.5,EPS; Francais; Histoire_Geo; Malgache; Physique_Chimie,autonomie; persévérance; esprit d'analyse; audit financier; fiscalité d'entreprise,Débat et droit; Bénévolat associatif,s'intéresse à l'actualité économique et suit des chaînes d'information; gère les comptes d'une association d'élèves; a occupé un petit job ou une activité rémunérée pendant les vacances,Directeur Administratif et Financier; Auditeur financier,Bureau/Numérique,Droit et Techniques des Affaires,FIC,Finances et Comptabilité,False,
P00391,18,F,Androy,Général,D,,13.37,13.9,16.9,9.2,15.0,13.5,11.7,13.4,11.4,14.5,13.4,13.6,13.9,EPS; Economie; Francais; Mathematiques; Physique_Chimie,traitement du signal et automatique; créativité; persévérance; esprit d'équipe; maintenance hardware et microcontrôleurs; autonomie,Robotique; Musique,a effectué un stage d'observation dans un atelier ou une usine; a monté et dépanné des ordinateurs pour son entourage; participe à des activités associatives ou de bénévolat,Ingénieur en bureau d'études mécanique; Ingénieur en maintenance industrielle,Atelier/Industriel,Génie Industriel,EMII,Électromécanique et Informatique Industrielle,True,ESIIA
P00392,19,F,Amoron'i Mania,Général,D,,15.78,17.7,17.7,19.1,15.1,13.3,13.7,15.7,17.8,14.6,15.4,14.6,14.6,Histoire_Geo; Mathematiques; Philosophie; Physique_Chimie; SVT,sens de l'observation; sens de l'organisation; pharmacologie; curiosité; formulation pharmaceutique; esprit d'équipe; gestion de laboratoire d'analyses médicales,Santé; Environnement,a réalisé un exposé scolaire sur la santé ou la biologie; aide régulièrement dans l'exploitation agricole familiale; a occupé un petit job ou une activité rémunérée pendant les vacances,Responsable contrôle qualité,Terrain/Extérieur,Biotechnologie et Agronomie,PIP,Pharmacologie et Industries Pharmaceutiques,False,
P00393,20,M,Sava,Professionnel et technique,MEMA,Industriel,10.84,12.0,14.1,11.0,10.9,8.1,10.2,9.8,10.1,10.3,13.1,11.3,9.2,Arts; Informatique; Mathematiques; Physique_Chimie; SVT,sens de l'observation; notions d'intelligence artificielle; aisance relationnelle; rigueur; créativité,Programmation; Jeux vidéo; Musique,a suivi un tutoriel en ligne de programmation et créé un petit site web personnel,Consultant en systèmes d'information et IA; Développeur Full-Stack (Web & Mobile); créer sa propre entreprise,Bureau/Numérique,Informatique et Télécommunications,IGGLIA,"Informatique de Gestion, Génie Logiciel et Intelligence Artificielle",False,
P00394,17,F,Anosy,Général,OSE,,9.11,8.6,9.0,7.4,10.8,14.4,7.4,9.1,9.6,5.9,9.8,9.9,7.4,Arts; Francais; Mathematiques,persévérance; rigueur; rédaction d'actes juridiques,Débat et droit; Gestion; Sport,s'intéresse à l'actualité économique et suit des chaînes d'information; a organisé une petite activité commerciale ou un projet associatif; pratique un sport en club depuis plusieurs années,Responsable des ressources humaines (volet juridique); Assistant juridique,Bureau/Numérique,Droit et Techniques des Affaires,DTJA,Droit et Techniques Juridiques des Affaires,False,
P00395,19,F,Amoron'i Mania,Professionnel et technique,TOM,Industriel,7.79,10.0,5.9,5.4,8.7,8.1,8.8,7.7,5.0,10.3,10.5,5.5,7.6,Economie; Mathematiques; Philosophie,sens de l'observation; curiosité; analyse statistique et probabilités appliquées; machine learning et deep learning; aisance relationnelle,Programmation; Bénévolat associatif,a monté et dépanné des ordinateurs pour son entourage; a suivi un tutoriel en ligne de programmation et créé un petit site web personnel; a occupé un petit job ou une activité rémunérée pendant les vacances,Ingénieur Machine Learning; Responsable Business Intelligence,Mixte/Itinérant,Informatique et Télécommunications,ISAIA,"Informatique, Statistique Appliquée et Intelligence Artificielle",False,
P00396,18,M,Haute Matsiatra,Professionnel et technique,TMF,Industriel,13.98,16.3,15.3,13.8,11.4,14.8,14.3,14.9,12.2,13.4,15.4,12.9,13.1,Histoire_Geo; Informatique; Mathematiques; Physique_Chimie; SVT,"notions d'intelligence artificielle; créativité; persévérance; programmation multi-langages (Java, C#, PHP, JavaScript); curiosité; esprit d'analyse",Réseaux sociaux et numérique; Technologie; Bénévolat associatif,a monté et dépanné des ordinateurs pour son entourage; a occupé un petit job ou une activité rémunérée pendant les vacances,Architecte logiciel; Développeur Full-Stack (Web & Mobile),Bureau/Numérique,Informatique et Télécommunications,IGGLIA,"Informatique de Gestion, Génie Logiciel et Intelligence Artificielle",False,
P00397,17,M,Androy,Professionnel et technique,TEV,Agricole,10.78,10.2,11.4,10.4,12.5,8.9,8.8,12.9,9.3,9.2,11.1,9.8,14.8,EPS; Francais; Histoire_Geo,zootechnie et pisciculture; agroécologie et agriculture biologique; sens de l'organisation; autonomie; esprit d'équipe,Animaux; Réseaux sociaux,a participé à un club de sciences naturelles ou d'écologie; a occupé un petit job ou une activité rémunérée pendant les vacances,Responsable de projet développement rural; avoir un poste à responsabilités,Terrain/Extérieur,Biotechnologie et Agronomie,AEE,Agriculture et Élevage,False,
P00398,19,M,Bongolava,Professionnel et technique,SS,Tertiaire,13.36,14.3,14.8,11.0,15.7,10.4,15.9,16.5,9.8,11.8,14.4,12.9,12.8,Anglais; Francais; Histoire_Geo; Physique_Chimie,esprit d'analyse; rigueur; accueil et relation client; sens de l'organisation,Voyage; Hôtellerie,a organisé un voyage ou un événement pour son groupe d'amis,Gestionnaire de sites protégés,Mixte/Itinérant,Tourisme,TEH,"Tourisme, Environnement et Hôtellerie",False,
P00399,18,M,Fitovinany,Général,S,,15.53,20,13.1,14.2,15.0,15.7,12.9,16.2,14.1,15.9,17.6,15.0,16.6,EPS; Histoire_Geo; Mathematiques,aisance relationnelle; sens de l'organisation; esprit d'équipe; rigueur; administration de bases de données,Technologie; Sport,a créé un compte de jeu vidéo compétitif et anime une petite communauté en ligne,Responsable Business Intelligence; créer sa propre entreprise,Bureau/Numérique,Informatique et Télécommunications,ISAIA,"Informatique, Statistique Appliquée et Intelligence Artificielle",True,IGGLIA
P00400,17,M,Menabe,Professionnel et technique,DAMB,Industriel,11.39,13.6,14.0,10.4,9.8,9.4,9.8,10.8,10.4,9.1,14.8,14.0,10.6,Arts; Histoire_Geo; Informatique; Mathematiques; Physique_Chimie,développement full-stack; sens de l'organisation; esprit d'équipe; notions d'intelligence artificielle; sens de l'observation; curiosité,Réseaux sociaux et numérique; Bénévolat associatif,a créé un compte de jeu vidéo compétitif et anime une petite communauté en ligne,Chef de projet informatique,Mixte/Itinérant,Informatique et Télécommunications,IGGLIA,"Informatique de Gestion, Génie Logiciel et Intelligence Artificielle",False,
P00401,19,M,Atsinanana,Général,S,,11.68,12.3,11.2,13.1,12.6,11.2,13.1,13.3,10.9,8.4,8.7,11.9,13.4,Anglais; EPS; Francais; Histoire_Geo; SVT,sens de l'organisation; curiosité; sensibilisation au tourisme durable,Hôtellerie; Gastronomie; Bénévolat associatif,pratique l'anglais ou une autre langue étrangère en autodidacte; a effectué un stage d'observation dans un hôtel ou une agence de voyage,Chargé de valorisation touristique et environnementale; Professionnel du secteur du tourisme,Contact clientèle/Relationnel,Tourisme,TEE,Tourisme et Environnement,False,
P00402,19,M,Analamanga,Professionnel et technique,TFFI,Industriel,13.89,15.9,15.2,14.2,12.0,13.6,13.6,12.4,14.7,12.1,14.7,14.6,13.7,Informatique; Mathematiques; Philosophie; Physique_Chimie,"esprit d'analyse; sens de l'organisation; automatismes (Grafcet, automates); sens de l'observation; rigueur",Électronique; Mécanique,a participé à un club de robotique ou de modélisme; pratique un sport en club depuis plusieurs années,Ingénieur en automatisation et robotique industrielle,Atelier/Industriel,Génie Industriel,EMII,Électromécanique et Informatique Industrielle,False,
P00403,18,F,Analamanga,Général,D,,11.48,11.8,12.8,9.9,12.9,11.5,10.9,11.0,10.4,9.3,11.0,13.5,12.8,Anglais; Arts; Francais; Mathematiques; Physique_Chimie,curiosité; systèmes embarqués et IoT; rigueur; traitement du signal et automatique; maintenance hardware et microcontrôleurs,Jeux vidéo,a monté et dépanné des ordinateurs pour son entourage; a participé à un club informatique ou de robotique au lycée,Ingénieur système et réseau; Ingénieur en télécommunications; contribuer au développement de Madagascar,Bureau/Numérique,Informatique et Télécommunications,ESIIA,"Électronique, Systèmes Informatiques et Intelligence Artificielle",False,
P00404,18,M,Alaotra-Mangoro,Professionnel et technique,TAG,Agricole,10.81,11.4,10.6,12.4,9.2,9.0,9.5,11.3,10.4,14.2,9.7,11.7,10.3,Arts; Economie; SVT,gestion de trésorerie; créativité; rigueur; audit financier; comptabilité générale et analytique; esprit d'analyse,Gestion; Économie,a participé à un club de débat ou un simulacre de procès au lycée; gère les comptes d'une association d'élèves; pratique un sport en club depuis plusieurs années,Trésorier d'entreprise; Auditeur financier; travailler à l'international,Contact clientèle/Relationnel,Droit et Techniques des Affaires,FIC,Finances et Comptabilité,False,
P00405,18,F,Vatovavy,Professionnel et technique,DAMB,Industriel,9.88,10.9,8.7,9.9,11.4,7.5,10.7,9.6,8.6,7.3,15.2,9.6,9.1,Francais; Informatique; Mathematiques,"programmation multi-langages (Java, C#, PHP, JavaScript); rigueur; notions d'intelligence artificielle; persévérance",Jeux vidéo; Robotique; Musique,a monté et dépanné des ordinateurs pour son entourage,Administrateur de bases de données; contribuer au développement de Madagascar,Bureau/Numérique,Informatique et Télécommunications,IGGLIA,"Informatique de Gestion, Génie Logiciel et Intelligence Artificielle",True,IMTICIA
P00406,17,F,Vakinankaratra,Professionnel et technique,MEMA,Industriel,14.93,19.2,14.9,14.0,14.3,15.2,17.1,13.5,13.0,16.1,14.5,14.1,13.3,Anglais; Economie; Malgache; Mathematiques,business intelligence; rigueur; sens de l'organisation,Jeux vidéo; Technologie; Sport,a créé un compte de jeu vidéo compétitif et anime une petite communauté en ligne; pratique un sport en club depuis plusieurs années,Analyste Big Data,Bureau/Numérique,Informatique et Télécommunications,ISAIA,"Informatique, Statistique Appliquée et Intelligence Artificielle",False,
P00407,18,M,Vatovavy,Technologique,TGC,Génie civil,13.43,12.3,14.4,11.7,15.5,12.2,15.2,16.8,13.4,13.9,12.8,10.5,12.5,Anglais; Francais; Histoire_Geo,esprit d'analyse; sens de l'organisation; sensibilisation au tourisme durable; aisance relationnelle; connaissance du patrimoine environnemental et culturel malgache,Hôtellerie; Bénévolat associatif,a organisé un voyage ou un événement pour son groupe d'amis,Professionnel du secteur du tourisme,Mixte/Itinérant,Tourisme,TEE,Tourisme et Environnement,False,
P00408,17,M,Atsimo-Andrefana,Professionnel et technique,TMF,Industriel,12.74,14.0,11.0,14.0,14.6,15.6,12.0,10.1,12.9,13.0,11.1,11.9,12.7,Economie; Francais; Malgache; Mathematiques; SVT,développement full-stack; persévérance; notions d'intelligence artificielle; aisance relationnelle; esprit d'équipe; développement web et mobile multimédia; esprit d'analyse,Jeux vidéo; Programmation; Réseaux sociaux,a suivi un tutoriel en ligne de programmation et créé un petit site web personnel,Chef de projet informatique; Architecte logiciel,Mixte/Itinérant,Informatique et Télécommunications,IGGLIA,"Informatique de Gestion, Génie Logiciel et Intelligence Artificielle",True,IMTICIA
P00409,18,F,Atsinanana,Général,D,,15.05,13.4,13.8,14.3,16.0,16.3,14.4,14.5,14.9,15.4,14.2,15.2,18.2,EPS; Francais; Malgache,esprit d'analyse; phytochimie; sens de l'organisation; formulation pharmaceutique,Environnement; Agriculture,a participé à un club de sciences naturelles ou d'écologie; a occupé un petit job ou une activité rémunérée pendant les vacances,Ingénieur de production en industrie agroalimentaire; créer sa propre entreprise,Laboratoire/Recherche,Biotechnologie et Agronomie,IAA,Industries Agroalimentaires,True,PIP
P00410,17,F,Bongolava,Général,S,,10.02,9.5,8.4,9.8,11.2,10.9,8.6,11.2,11.2,10.1,9.8,10.1,9.4,Economie; Francais; Histoire_Geo; Malgache; Philosophie,esprit d'équipe; curiosité; aisance relationnelle; management stratégique,Économie,a organisé une petite activité commerciale ou un projet associatif; a occupé un petit job ou une activité rémunérée pendant les vacances,Expert en contentieux d'affaires; avoir un poste à responsabilités,Bureau/Numérique,Droit et Techniques des Affaires,DTJA,Droit et Techniques Juridiques des Affaires,True,EMP
P00411,17,M,Diana,Général,A1,,14.41,16.0,13.6,12.7,17.3,14.0,12.1,16.5,14.8,13.0,15.1,13.9,13.9,Francais; Histoire_Geo; Informatique; Mathematiques; Philosophie,droit foncier et minier; curiosité; fiscalité d'entreprise; créativité,Actualité et politique; Gestion; Réseaux sociaux,gère les comptes d'une association d'élèves; a participé à un club de débat ou un simulacre de procès au lycée,Expert en contentieux d'affaires; Chargé de conformité,Contact clientèle/Relationnel,Droit et Techniques des Affaires,DTJA,Droit et Techniques Juridiques des Affaires,True,FIC
P00412,18,M,Vakinankaratra,Professionnel et technique,TAG,Agricole,11.58,11.0,13.8,14.0,10.2,11.8,13.4,9.5,11.8,11.0,10.2,11.8,10.5,Anglais; Malgache; Philosophie; Physique_Chimie; SVT,rigueur; phytochimie; sens de l'organisation; pharmacologie; persévérance; sens de l'observation,Animaux,a effectué un stage d'observation dans un atelier ou une usine; pratique un sport en club depuis plusieurs années,Chercheur en phyto-médicaments; Responsable contrôle qualité,Terrain/Extérieur,Biotechnologie et Agronomie,PIP,Pharmacologie et Industries Pharmaceutiques,True,ICMP
P00413,19,M,Ihorombe,Professionnel et technique,DAMB,Industriel,11.5,11.4,10.0,10.8,13.0,13.0,15.1,10.5,11.1,11.6,12.5,9.5,9.5,Anglais; Economie; Francais; Informatique; Malgache,curiosité; langues étrangères; esprit d'équipe; accueil et relation client; conception de produits touristiques; sens de l'observation,Langues étrangères; Gastronomie,aime cuisiner et découvrir des plats d'autres cultures; pratique l'anglais ou une autre langue étrangère en autodidacte,Directeur d'établissement hôtelier; Organisateur d'événements (MICE); travailler à l'international,Contact clientèle/Relationnel,Tourisme,TEH,"Tourisme, Environnement et Hôtellerie",False,
P00414,20,M,Betsiboka,Professionnel et technique,EN,Industriel,11.17,10.9,11.4,8.1,9.6,14.2,9.8,10.9,11.7,9.7,17.3,10.0,10.4,Informatique; Mathematiques; Philosophie; Physique_Chimie,autonomie; développement full-stack; administration de bases de données; aisance relationnelle,Robotique; Lecture,a participé à un club informatique ou de robotique au lycée,Administrateur de bases de données,Bureau/Numérique,Informatique et Télécommunications,IGGLIA,"Informatique de Gestion, Génie Logiciel et Intelligence Artificielle",False,
P00415,18,F,Analamanga,Général,OSE,,12.66,13.8,10.4,13.4,11.6,12.5,15.0,10.5,14.4,16.7,12.1,10.6,10.9,Anglais; Economie; Mathematiques; Philosophie,fiscalité d'entreprise; comptabilité générale et analytique; esprit d'analyse; créativité; aisance relationnelle,Gestion; Débat et droit; Bénévolat associatif,a organisé une petite activité commerciale ou un projet associatif; a occupé un petit job ou une activité rémunérée pendant les vacances,Chef Comptable,Contact clientèle/Relationnel,Droit et Techniques des Affaires,FIC,Finances et Comptabilité,False,
P00416,19,F,Ihorombe,Professionnel et technique,ACTC,Tertiaire,12.28,14.4,12.7,9.3,11.7,10.1,11.9,11.8,12.7,17.7,13.3,10.9,10.8,Anglais; Economie; Mathematiques; Philosophie; Physique_Chimie,fiscalité d'entreprise; esprit d'équipe; esprit d'analyse; comptabilité générale et analytique; gestion de trésorerie,Débat et droit; Entrepreneuriat; Sport,a participé à un club de débat ou un simulacre de procès au lycée; gère les comptes d'une association d'élèves,Directeur Administratif et Financier,Bureau/Numérique,Droit et Techniques des Affaires,FIC,Finances et Comptabilité,False,
P00417,19,F,Atsimo-Atsinanana,Professionnel et technique,TAG,Agricole,13.01,15.4,13.9,17.1,12.5,11.5,12.0,10.4,13.3,14.6,14.0,10.3,11.1,EPS; Mathematiques; SVT,phytochimie; sécurité alimentaire; esprit d'analyse; sens de l'organisation; rigueur; créativité,Agriculture; Environnement; Bénévolat associatif,a réalisé un exposé scolaire sur la santé ou la biologie,Chef de production; Ingénieur de production en industrie agroalimentaire,Terrain/Extérieur,Biotechnologie et Agronomie,IAA,Industries Agroalimentaires,True,PIP
P00418,18,F,Fitovinany,Professionnel et technique,SS,Tertiaire,14.58,10.3,14.2,14.4,13.4,15.6,16.3,16.4,14.2,15.2,15.2,13.4,16.4,Anglais; EPS; Histoire_Geo,sens de l'observation; sensibilisation au tourisme durable; connaissance du patrimoine environnemental et culturel malgache; persévérance; sens de l'organisation,Langues étrangères; Cultures du monde; Musique,pratique l'anglais ou une autre langue étrangère en autodidacte,Gestionnaire de sites protégés; avoir un poste à responsabilités,Mixte/Itinérant,Tourisme,TEH,"Tourisme, Environnement et Hôtellerie",True,TEE
P00419,20,F,Analamanga,Professionnel et technique,TMA,Industriel,10.29,12.0,10.6,9.2,11.4,9.6,8.0,11.9,6.5,8.8,12.5,12.1,10.9,Arts; Francais; Histoire_Geo; Malgache; Mathematiques,"gestion de projets informatiques; conception logicielle (UML, Merise); créativité; rigueur",Réseaux sociaux et numérique,a monté et dépanné des ordinateurs pour son entourage; a occupé un petit job ou une activité rémunérée pendant les vacances,Data Analyst,Bureau/Numérique,Informatique et Télécommunications,ISAIA,"Informatique, Statistique Appliquée et Intelligence Artificielle",True,IGGLIA
P00420,17,M,Analamanga,Professionnel et technique,TMA,Industriel,11.51,13.0,16.4,11.2,10.9,12.9,11.6,10.7,10.2,9.8,12.4,11.7,7.3,Informatique; Malgache; Mathematiques; Physique_Chimie,persévérance; sécurité alimentaire; aisance relationnelle; esprit d'analyse; curiosité; exploitation minière et géologie,Environnement; Réseaux sociaux,aide régulièrement dans l'exploitation agricole familiale; a réalisé un exposé scolaire sur la santé ou la biologie; participe à des activités associatives ou de bénévolat,Ingénieur pétrolier; créer sa propre entreprise,Atelier/Industriel,Génie Industriel,ICMP,"Industries Chimiques, Minières et Pétrolières",True,IAA
P00421,17,F,Haute Matsiatra,Général,S,,10.72,10.7,10.1,14.7,9.1,10.3,8.1,12.9,9.9,12.4,10.5,10.2,9.7,Economie; Histoire_Geo; Mathematiques; SVT,aisance relationnelle; persévérance; esprit d'analyse; analyse financière et gestion budgétaire; esprit d'équipe,Gestion; Débat et droit; Musique,a participé à un club de débat ou un simulacre de procès au lycée; a organisé une petite activité commerciale ou un projet associatif,Responsable commercial; Manager de PME/PMI; avoir un poste à responsabilités,Contact clientèle/Relationnel,Droit et Techniques des Affaires,CAA,Commerce et Administration des Affaires,True,EMP
P00422,20,M,Diana,Général,S,,11.2,9.3,9.8,11.9,11.7,10.9,10.4,10.1,12.6,10.9,12.3,14.0,10.5,Arts; Informatique; Philosophie; SVT,sens de l'organisation; gestion de projets informatiques; esprit d'équipe; persévérance; administration de bases de données; notions d'intelligence artificielle,Programmation; Technologie; Lecture,a suivi un tutoriel en ligne de programmation et créé un petit site web personnel; participe à des activités associatives ou de bénévolat,Directeur artistique numérique / Motion Designer; Webmaster,Bureau/Numérique,Informatique et Télécommunications,IMTICIA,"Informatique Multimédia, Technologie de l'Information et de la Communication et Intelligence Artificielle",True,IGGLIA
P00423,19,F,Anosy,Général,S,,11.11,11.8,11.8,14.5,11.8,9.0,9.1,11.9,9.4,11.3,11.7,10.8,10.2,Arts; Francais; Histoire_Geo; Mathematiques; SVT,gestion de laboratoire d'analyses médicales; créativité; aisance relationnelle; autonomie,Santé; Environnement; Bénévolat associatif,a réalisé un exposé scolaire sur la santé ou la biologie,Ingénieur de laboratoire médical; Chercheur en phyto-médicaments; travailler à l'international,Laboratoire/Recherche,Biotechnologie et Agronomie,PIP,Pharmacologie et Industries Pharmaceutiques,False,
P00424,18,F,Atsimo-Atsinanana,Général,A1,,11.78,9.7,10.7,11.6,13.6,13.4,8.4,11.4,13.5,11.1,13.5,11.4,13.1,Francais; Informatique; Philosophie,créativité; sens de l'observation; audit financier; sens de l'organisation; gestion de trésorerie; rigueur; comptabilité générale et analytique,Économie,s'intéresse à l'actualité économique et suit des chaînes d'information,Auditeur financier; Trésorier d'entreprise,Contact clientèle/Relationnel,Droit et Techniques des Affaires,FIC,Finances et Comptabilité,False,
P00425,17,F,Bongolava,Professionnel et technique,TOM,Industriel,10.49,11.2,7.4,8.4,11.7,10.7,12.1,10.3,8.8,10.5,13.7,12.6,8.5,Anglais; Arts; Francais,communication digitale et PAO; design UI/UX; sens de l'organisation; créativité; curiosité; développement web et mobile multimédia,Réseaux sociaux et numérique,a participé à un club informatique ou de robotique au lycée,Directeur artistique numérique / Motion Designer; UX/UI Designer,Bureau/Numérique,Informatique et Télécommunications,IMTICIA,"Informatique Multimédia, Technologie de l'Information et de la Communication et Intelligence Artificielle",False,
P00426,19,M,Betsiboka,Technologique,TGI,Industriel,11.42,14.8,10.4,8.4,9.5,10.8,9.0,11.0,12.4,13.1,13.7,11.8,12.1,Economie; Informatique; Mathematiques,analyse statistique et probabilités appliquées; sens de l'observation; créativité,Réseaux sociaux et numérique; Programmation,a suivi un tutoriel en ligne de programmation et créé un petit site web personnel,Responsable Business Intelligence; Data Analyst,Bureau/Numérique,Informatique et Télécommunications,ISAIA,"Informatique, Statistique Appliquée et Intelligence Artificielle",False,
P00427,17,F,Anosy,Professionnel et technique,EN,Industriel,12.93,12.3,11.3,10.5,12.6,14.2,12.8,13.9,14.7,13.9,13.3,14.5,11.1,Arts; Economie; Histoire_Geo; Malgache; Philosophie,esprit d'équipe; esprit d'analyse; hygiène sécurité environnement (HSE); aisance relationnelle; analyses de laboratoire,Automobile et aéronautique,a participé à un club de robotique ou de modélisme; participe à des activités associatives ou de bénévolat,Ingénieur de laboratoire d'analyses; Ingénieur minier; avoir un métier stable,Atelier/Industriel,Génie Industriel,ICMP,"Industries Chimiques, Minières et Pétrolières",False,
P00428,18,F,Anosy,Professionnel et technique,EN,Industriel,11.39,15.8,12.6,9.9,9.3,7.3,11.6,13.6,10.9,11.8,16.0,8.8,9.1,Histoire_Geo; Informatique; Mathematiques; Physique_Chimie,"conception logicielle (UML, Merise); esprit d'analyse; créativité",Jeux vidéo; Réseaux sociaux et numérique; Lecture,a suivi un tutoriel en ligne de programmation et créé un petit site web personnel; participe à des activités associatives ou de bénévolat,Ingénieur en génie logiciel; Chef de projet informatique,Bureau/Numérique,Informatique et Télécommunications,IGGLIA,"Informatique de Gestion, Génie Logiciel et Intelligence Artificielle",True,IMTICIA
P00429,20,M,Atsinanana,Professionnel et technique,TMA,Industriel,10.98,13.3,13.3,11.4,8.1,12.1,8.5,12.4,9.9,9.3,14.5,7.2,11.8,Histoire_Geo; Informatique; Malgache; Physique_Chimie,gestion de projets informatiques; esprit d'équipe; créativité; sens de l'organisation,Robotique; Sport,a participé à un club informatique ou de robotique au lycée; pratique un sport en club depuis plusieurs années,Administrateur de bases de données; Expert en transformation digitale,Bureau/Numérique,Informatique et Télécommunications,IGGLIA,"Informatique de Gestion, Génie Logiciel et Intelligence Artificielle",False,
P00430,17,F,Fitovinany,Professionnel et technique,TFFI,Industriel,10.53,12.2,10.4,9.5,10.5,6.3,7.9,10.7,8.9,17.1,11.6,10.7,10.6,Economie; Histoire_Geo; Informatique; Mathematiques,gestion financière prévisionnelle; rigueur; esprit d'équipe; management stratégique; pilotage et planification de projets; autonomie; curiosité,Actualité et politique; Réseaux sociaux,gère les comptes d'une association d'élèves; a organisé une petite activité commerciale ou un projet associatif,Responsable suivi-évaluation de projets; créer sa propre entreprise,Bureau/Numérique,Droit et Techniques des Affaires,EMP,Économie et Management de Projet,False,
P00431,17,F,Atsimo-Andrefana,Général,S,,12.2,13.4,11.6,11.8,14.0,11.8,15.2,14.1,10.5,9.4,11.3,14.6,8.7,Anglais; Arts; Francais; Histoire_Geo,sensibilisation au tourisme durable; rigueur; aisance relationnelle; connaissance du patrimoine environnemental et culturel malgache; esprit d'équipe; sens de l'organisation,Hôtellerie; Gastronomie,a organisé un voyage ou un événement pour son groupe d'amis; a effectué un stage d'observation dans un hôtel ou une agence de voyage,Professionnel du secteur du tourisme; Chargé de valorisation touristique et environnementale,Mixte/Itinérant,Tourisme,TEE,Tourisme et Environnement,False,
P00432,17,M,Bongolava,Professionnel et technique,TPFM,Industriel,15.78,17.8,18.4,13.8,14.1,15.0,15.8,17.4,14.1,19.1,14.0,14.3,15.6,Economie; Histoire_Geo; Mathematiques; Physique_Chimie; SVT,sens de l'observation; rigueur; esprit d'analyse; persévérance; audit financier,Entrepreneuriat; Lecture,a participé à un club de débat ou un simulacre de procès au lycée; s'intéresse à l'actualité économique et suit des chaînes d'information; a occupé un petit job ou une activité rémunérée pendant les vacances,Responsable suivi-évaluation de projets; avoir un poste à responsabilités,Contact clientèle/Relationnel,Droit et Techniques des Affaires,EMP,Économie et Management de Projet,True,FIC
P00433,18,F,Vakinankaratra,Technologique,TGC,Génie civil,10.53,11.2,10.1,12.0,9.1,8.7,11.0,10.8,11.9,11.6,10.2,9.8,9.9,Economie; Philosophie; Physique_Chimie,sens de l'observation; stratégie marketing et commerciale; autonomie; sens de l'organisation,Gestion; Débat et droit; Bénévolat associatif,a organisé une petite activité commerciale ou un projet associatif; s'intéresse à l'actualité économique et suit des chaînes d'information,Analyste de marché; avoir un poste à responsabilités,Bureau/Numérique,Droit et Techniques des Affaires,CAA,Commerce et Administration des Affaires,False,
P00434,20,M,Betsiboka,Professionnel et technique,MEMA,Industriel,14.43,17.1,15.0,17.4,14.3,12.3,13.2,15.4,13.3,12.8,13.8,13.4,15.2,EPS; Histoire_Geo; Mathematiques; SVT,sens de l'observation; créativité; raffinage et pétrochimie; génie des procédés chimiques; hygiène sécurité environnement (HSE),Bricolage; Automobile et aéronautique; Musique,a effectué un stage d'observation dans un atelier ou une usine,Ingénieur en génie des procédés chimiques; travailler à l'international,Terrain/Extérieur,Génie Industriel,ICMP,"Industries Chimiques, Minières et Pétrolières",False,
P00435,17,F,Melaky,Professionnel et technique,TMEL,Industriel,9.53,9.3,11.0,7.3,9.9,8.4,8.1,9.5,10.6,11.2,10.4,11.1,7.6,Arts; Economie; Mathematiques; Philosophie; Physique_Chimie,rigueur; design UI/UX; persévérance; curiosité,Technologie; Musique,a monté et dépanné des ordinateurs pour son entourage; participe à des activités associatives ou de bénévolat,Développeur multimédia; avoir un métier stable,Bureau/Numérique,Informatique et Télécommunications,IMTICIA,"Informatique Multimédia, Technologie de l'Information et de la Communication et Intelligence Artificielle",False,
P00436,20,F,Ihorombe,Professionnel et technique,EN,Industriel,9.83,14.3,8.7,11.2,9.8,8.5,6.6,10.9,8.1,12.8,8.2,9.4,9.5,Economie; Histoire_Geo; Mathematiques; SVT,audit financier; sens de l'organisation; curiosité; aisance relationnelle; créativité,Gestion; Sport,a participé à un club de débat ou un simulacre de procès au lycée; s'intéresse à l'actualité économique et suit des chaînes d'information; pratique un sport en club depuis plusieurs années,Trésorier d'entreprise; Auditeur financier,Bureau/Numérique,Droit et Techniques des Affaires,FIC,Finances et Comptabilité,False,
P00437,17,M,Itasy,Professionnel et technique,MEMA,Industriel,12.43,13.9,13.2,13.9,13.4,12.9,7.9,11.6,11.3,12.6,15.6,9.4,13.4,Francais; Informatique; Mathematiques; SVT,"rigueur; esprit d'analyse; curiosité; conception logicielle (UML, Merise); production et montage audiovisuel; notions d'intelligence artificielle; autonomie",Réseaux sociaux et numérique; Programmation,a créé un compte de jeu vidéo compétitif et anime une petite communauté en ligne,Développeur Full-Stack (Web & Mobile),Bureau/Numérique,Informatique et Télécommunications,IGGLIA,"Informatique de Gestion, Génie Logiciel et Intelligence Artificielle",True,IMTICIA
P00438,19,F,Androy,Général,D,,12.53,12.9,13.1,13.9,12.4,14.7,12.6,12.1,10.1,10.7,14.0,13.2,10.7,Arts; Informatique; Malgache; SVT,curiosité; gestion de laboratoire d'analyses médicales; créativité; sens de l'observation; phytochimie,Environnement,s'occupe d'un petit élevage ou d'un jardin potager; participe à des activités associatives ou de bénévolat,Responsable contrôle qualité,Terrain/Extérieur,Biotechnologie et Agronomie,PIP,Pharmacologie et Industries Pharmaceutiques,False,
P00439,19,F,Haute Matsiatra,Général,S,,9.78,9.0,9.8,9.7,12.0,9.1,12.0,10.1,7.6,8.9,10.4,9.7,9.1,Anglais; Economie; Francais; Informatique,persévérance; créativité; conception de produits touristiques; accueil et relation client; autonomie; sens de l'organisation; gestion environnementale de sites touristiques,Voyage; Cultures du monde,a organisé un voyage ou un événement pour son groupe d'amis; pratique l'anglais ou une autre langue étrangère en autodidacte,Directeur d'établissement hôtelier; créer sa propre entreprise,Mixte/Itinérant,Tourisme,TEH,"Tourisme, Environnement et Hôtellerie",False,
P00440,17,M,Itasy,Professionnel et technique,TMF,Industriel,16.48,19.6,17.2,15.2,16.1,17.1,15.2,17.2,17.0,14.6,19.7,13.5,15.3,Histoire_Geo; Informatique; Mathematiques; Physique_Chimie,"gestion de projets informatiques; sens de l'organisation; aisance relationnelle; programmation multi-langages (Java, C#, PHP, JavaScript); développement full-stack; autonomie",Technologie; Réseaux sociaux et numérique; Sport,a créé un compte de jeu vidéo compétitif et anime une petite communauté en ligne; a monté et dépanné des ordinateurs pour son entourage; a occupé un petit job ou une activité rémunérée pendant les vacances,Consultant en systèmes d'information et IA; Architecte logiciel; travailler à l'international,Bureau/Numérique,Informatique et Télécommunications,IGGLIA,"Informatique de Gestion, Génie Logiciel et Intelligence Artificielle",False,
P00441,17,F,Analanjirofo,Professionnel et technique,TMA,Industriel,12.47,17.8,9.5,11.5,13.9,12.2,10.7,11.5,9.9,14.6,15.0,12.4,10.7,Arts; Economie; Francais; Informatique; Mathematiques,business intelligence; créativité; traitement de données massives (Big Data); rigueur,Jeux vidéo; Technologie; Lecture,a créé un compte de jeu vidéo compétitif et anime une petite communauté en ligne; a monté et dépanné des ordinateurs pour son entourage,Ingénieur Machine Learning; Data Analyst; avoir un métier stable,Bureau/Numérique,Informatique et Télécommunications,ISAIA,"Informatique, Statistique Appliquée et Intelligence Artificielle",False,
P00442,19,M,Alaotra-Mangoro,Professionnel et technique,TMA,Industriel,12.56,13.6,10.8,10.3,12.5,11.2,13.3,13.4,15.1,12.7,13.7,11.3,12.8,Histoire_Geo; Informatique; Mathematiques; Philosophie,sens de l'observation; traitement du signal et automatique; persévérance; aisance relationnelle; sens de l'organisation; maintenance hardware et microcontrôleurs,Jeux vidéo; Lecture,a créé un compte de jeu vidéo compétitif et anime une petite communauté en ligne,Expert en systèmes embarqués et IoT; travailler à l'international,Bureau/Numérique,Informatique et Télécommunications,ESIIA,"Électronique, Systèmes Informatiques et Intelligence Artificielle",False,
P00443,19,F,Sofia,Professionnel et technique,TPFM,Industriel,12.24,13.3,15.4,12.1,11.6,12.0,13.7,8.8,11.6,10.3,14.5,10.5,13.1,Anglais; Informatique; Mathematiques; Physique_Chimie,persévérance; sens de l'observation; maintenance hardware et microcontrôleurs; systèmes embarqués et IoT; robotique et domotique,Programmation; Réseaux sociaux,a créé un compte de jeu vidéo compétitif et anime une petite communauté en ligne; a participé à un club informatique ou de robotique au lycée,Ingénieur système et réseau; Spécialiste en robotique et domotique; avoir un métier stable,Mixte/Itinérant,Informatique et Télécommunications,ESIIA,"Électronique, Systèmes Informatiques et Intelligence Artificielle",False,
P00444,20,F,Bongolava,Professionnel et technique,SS,Tertiaire,11.99,11.0,12.7,10.9,15.1,12.4,11.8,13.2,12.8,12.8,9.3,11.8,10.1,Economie; Francais; Histoire_Geo; Philosophie; Physique_Chimie,créativité; management stratégique; rigueur; persévérance; rédaction d'actes juridiques; gestion des litiges commerciaux,Entrepreneuriat; Musique,a organisé une petite activité commerciale ou un projet associatif; s'intéresse à l'actualité économique et suit des chaînes d'information,Chargé de conformité,Bureau/Numérique,Droit et Techniques des Affaires,DTJA,Droit et Techniques Juridiques des Affaires,True,EMP
P00445,20,M,Vatovavy,Général,S,,10.88,13.1,13.8,10.0,10.8,8.6,10.1,10.3,11.0,8.9,10.1,12.8,11.0,Arts; Mathematiques; Physique_Chimie,autonomie; gestion de chantier; ingénierie des infrastructures routières et hydrauliques; calcul de structures (RDM); sens de l'organisation,Architecture; Urbanisme; Bénévolat associatif,a réalisé des maquettes ou des plans de construction pour un projet scolaire; aime dessiner des plans de maisons ou des croquis d'aménagement; participe à des activités associatives ou de bénévolat,Entrepreneur en BTP,Bureau d'études,Génie Civil et Architecture,GCA,Génie Civil et Architecture,True,
P00446,17,F,Menabe,Général,A2,,14.39,13.8,12.7,12.6,14.8,12.6,18.3,15.2,16.7,15.4,14.1,13.2,13.3,Anglais; Economie; Francais; Histoire_Geo; Philosophie,esprit d'analyse; sensibilisation au tourisme durable; créativité; aisance relationnelle; connaissance du patrimoine environnemental et culturel malgache; rigueur,Cultures du monde; Langues étrangères; Réseaux sociaux,aime cuisiner et découvrir des plats d'autres cultures; a effectué un stage d'observation dans un hôtel ou une agence de voyage; pratique un sport en club depuis plusieurs années,Chargé de valorisation touristique et environnementale; Professionnel du secteur du tourisme,Mixte/Itinérant,Tourisme,TEE,Tourisme et Environnement,False,
P00447,20,F,Ihorombe,Professionnel et technique,TMA,Industriel,11.38,10.4,16.1,11.6,9.5,12.0,11.1,9.3,13.6,9.6,13.8,8.9,10.7,Informatique; Philosophie; Physique_Chimie,"conception assistée par ordinateur (AutoCAD); sens de l'observation; automatismes (Grafcet, automates); gestion de production industrielle; créativité; autonomie",Mécanique; Musique,a participé à un club de robotique ou de modélisme,Ingénieur en automatisation et robotique industrielle; Concepteur de systèmes IoT industriels; avoir un métier stable,Terrain/Extérieur,Génie Industriel,EMII,Électromécanique et Informatique Industrielle,False,
P00448,17,M,Ihorombe,Professionnel et technique,TOM,Industriel,14.03,16.7,13.6,15.6,12.9,14.1,13.7,14.5,11.8,17.8,13.7,11.3,12.6,Economie; Histoire_Geo; Malgache; Mathematiques; SVT,aisance relationnelle; machine learning et deep learning; autonomie; traitement de données massives (Big Data); analyse statistique et probabilités appliquées,Robotique; Bénévolat associatif,a suivi un tutoriel en ligne de programmation et créé un petit site web personnel; pratique un sport en club depuis plusieurs années,Data Scientist; avoir un poste à responsabilités,Bureau/Numérique,Informatique et Télécommunications,ISAIA,"Informatique, Statistique Appliquée et Intelligence Artificielle",False,
P00449,18,M,Atsimo-Andrefana,Professionnel et technique,PCBTP,Génie civil / BTP,10.93,9.4,12.2,12.1,13.9,12.6,7.7,11.9,14.3,7.6,10.4,10.0,9.0,EPS; Francais; Philosophie; Physique_Chimie,autonomie; droit foncier et minier; esprit d'équipe; esprit d'analyse; rédaction d'actes juridiques; droit des contrats et des sociétés,Actualité et politique; Réseaux sociaux,a organisé une petite activité commerciale ou un projet associatif,Expert en contentieux d'affaires; Juriste d'affaires,Contact clientèle/Relationnel,Droit et Techniques des Affaires,DTJA,Droit et Techniques Juridiques des Affaires,False,
P00450,18,M,Itasy,Général,D,,16.11,19.9,16.0,15.2,16.9,15.7,16.4,15.6,14.6,14.8,16.6,16.9,14.7,Arts; Francais; Mathematiques,rigueur; géotechnique; sens de l'organisation; curiosité; persévérance,Urbanisme,a réalisé des maquettes ou des plans de construction pour un projet scolaire; aime dessiner des plans de maisons ou des croquis d'aménagement; pratique un sport en club depuis plusieurs années,Conducteur de travaux; Architecte junior; travailler à l'international,Chantier/BTP,Génie Civil et Architecture,GCA,Génie Civil et Architecture,False,
P00451,17,F,Sava,Professionnel et technique,TAMB,Industriel,14.83,17.9,13.6,14.2,14.6,14.4,15.4,15.6,11.3,20,13.7,14.4,12.9,Anglais; Economie; Histoire_Geo; Mathematiques,rigueur; esprit d'équipe; créativité; négociation et vente internationale; curiosité,Gestion; Lecture,gère les comptes d'une association d'élèves; a participé à un club de débat ou un simulacre de procès au lycée,Chef Comptable; Directeur Administratif et Financier,Contact clientèle/Relationnel,Droit et Techniques des Affaires,FIC,Finances et Comptabilité,True,CAA
P00452,18,M,Atsimo-Andrefana,Général,C,,9.35,7.6,9.4,9.5,9.1,11.9,8.7,13.5,8.2,9.9,6.8,10.7,6.9,Arts; Economie; Histoire_Geo; Malgache; SVT,agroécologie et agriculture biologique; productions végétales et animales; esprit d'équipe; développement rural; sens de l'organisation,Agriculture; Bénévolat associatif,a participé à un club de sciences naturelles ou d'écologie; aide régulièrement dans l'exploitation agricole familiale; a occupé un petit job ou une activité rémunérée pendant les vacances,Responsable de production animale; avoir un métier stable,Terrain/Extérieur,Biotechnologie et Agronomie,AEE,Agriculture et Élevage,False,
P00453,20,M,Androy,Professionnel et technique,EN,Industriel,13.41,12.6,13.3,13.3,13.7,13.7,14.9,13.0,12.2,12.0,17.9,13.4,10.9,Anglais; Francais; Informatique,communication digitale et PAO; sens de l'observation; esprit d'équipe; production et montage audiovisuel,Robotique; Musique,a suivi un tutoriel en ligne de programmation et créé un petit site web personnel,Développeur multimédia; Webmaster; travailler à l'international,Mixte/Itinérant,Informatique et Télécommunications,IMTICIA,"Informatique Multimédia, Technologie de l'Information et de la Communication et Intelligence Artificielle",False,
P00454,18,F,Haute Matsiatra,Professionnel et technique,TEV,Agricole,10.82,8.5,10.2,10.8,10.8,11.0,13.8,14.3,9.3,9.7,8.5,13.3,9.7,Anglais; Histoire_Geo; Mathematiques,persévérance; curiosité; sens de l'organisation; conception de produits touristiques,Voyage; Musique,aime cuisiner et découvrir des plats d'autres cultures; a effectué un stage d'observation dans un hôtel ou une agence de voyage,Manager d'agence de voyage,Contact clientèle/Relationnel,Tourisme,TEH,"Tourisme, Environnement et Hôtellerie",True,TEE
P00455,17,F,Ihorombe,Professionnel et technique,TAG,Agricole,14.18,13.2,16.4,18.6,14.4,16.7,12.9,13.0,11.1,13.6,13.8,13.2,13.2,Malgache; Physique_Chimie; SVT,esprit d'équipe; esprit d'analyse; phytochimie,Agriculture; Bénévolat associatif,s'occupe d'un petit élevage ou d'un jardin potager,Délégué médical; Chercheur en phyto-médicaments; avoir un métier stable,Terrain/Extérieur,Biotechnologie et Agronomie,PIP,Pharmacologie et Industries Pharmaceutiques,False,
P00456,18,M,Betsiboka,Général,S,,14.28,15.2,14.6,14.0,13.3,14.7,15.7,15.0,12.9,14.5,14.3,13.3,13.8,Histoire_Geo; Mathematiques; Physique_Chimie,esprit d'analyse; créativité; conception assistée par ordinateur (AutoCAD); sens de l'observation; maintenance industrielle pluridisciplinaire; électronique de puissance,Industrie; Automobile et aéronautique,a démonté et réparé des appareils électroménagers ou mécaniques par curiosité; aide régulièrement à l'entretien de véhicules en famille,Ingénieur en bureau d'études mécanique; Responsable de production en usine; créer sa propre entreprise,Atelier/Industriel,Génie Industriel,EMII,Électromécanique et Informatique Industrielle,False,
P00457,17,F,Haute Matsiatra,Professionnel et technique,TAG,Agricole,11.53,13.5,14.9,14.3,10.5,12.1,10.0,8.9,9.8,11.9,11.2,11.2,10.1,Economie; Malgache; Mathematiques; Physique_Chimie; SVT,gestion de laboratoire d'analyses médicales; esprit d'équipe; formulation pharmaceutique; phytochimie; sens de l'organisation; sens de l'observation; curiosité,Nature; Environnement; Lecture,s'occupe d'un petit élevage ou d'un jardin potager; aide régulièrement dans l'exploitation agricole familiale; a occupé un petit job ou une activité rémunérée pendant les vacances,Chef de production,Terrain/Extérieur,Biotechnologie et Agronomie,IAA,Industries Agroalimentaires,True,PIP
P00458,20,F,Atsimo-Andrefana,Général,S,,9.48,11.2,10.2,10.4,9.3,9.6,10.1,8.0,11.4,10.3,6.5,10.4,6.4,Arts; Mathematiques; Philosophie; SVT,curiosité; rigueur; sens de l'observation; langues étrangères; accueil et relation client; esprit d'équipe,Langues étrangères; Gastronomie; Sport,a organisé un voyage ou un événement pour son groupe d'amis,Gestionnaire de sites protégés,Mixte/Itinérant,Tourisme,TEH,"Tourisme, Environnement et Hôtellerie",False,
P00459,17,F,Atsinanana,Professionnel et technique,TFFI,Industriel,10.16,12.3,9.6,9.5,13.4,10.8,10.6,13.4,9.4,4.7,7.6,11.1,9.5,Francais; Histoire_Geo; Mathematiques,management hôtelier et restauration; esprit d'analyse; curiosité; sens de l'organisation; autonomie,Gastronomie,a organisé un voyage ou un événement pour son groupe d'amis; pratique l'anglais ou une autre langue étrangère en autodidacte; a occupé un petit job ou une activité rémunérée pendant les vacances,Responsable écotourisme; Chef de produit touristique,Contact clientèle/Relationnel,Tourisme,TEH,"Tourisme, Environnement et Hôtellerie",True,TEE
P00460,18,M,Analamanga,Professionnel et technique,SS,Tertiaire,12.28,10.2,11.5,11.4,13.9,14.8,13.1,15.2,11.1,10.9,10.4,12.9,11.9,Francais; Histoire_Geo; Malgache,accueil et relation client; persévérance; sens de l'organisation,Langues étrangères; Cultures du monde,pratique l'anglais ou une autre langue étrangère en autodidacte; a organisé un voyage ou un événement pour son groupe d'amis; participe à des activités associatives ou de bénévolat,Directeur d'établissement hôtelier,Mixte/Itinérant,Tourisme,TEH,"Tourisme, Environnement et Hôtellerie",False,
P00461,18,F,Fitovinany,Général,A1,,10.45,13.1,7.9,8.8,9.0,12.8,9.4,11.2,7.4,14.5,11.2,10.7,9.4,Arts; Economie; Histoire_Geo; Informatique; Malgache,esprit d'analyse; créativité; rigueur; gestion de trésorerie; sens de l'observation,Débat et droit; Lecture,s'intéresse à l'actualité économique et suit des chaînes d'information; participe à des activités associatives ou de bénévolat,Contrôleur de gestion; créer sa propre entreprise,Contact clientèle/Relationnel,Droit et Techniques des Affaires,FIC,Finances et Comptabilité,False,
P00462,17,M,Vatovavy,Professionnel et technique,MEMA,Industriel,13.78,10.9,11.2,13.6,14.1,14.1,13.7,15.5,15.4,15.2,14.8,13.5,13.4,Economie; Informatique; Mathematiques; Philosophie,rigueur; langues étrangères; conception de produits touristiques; sens de l'observation,Voyage; Musique,aime cuisiner et découvrir des plats d'autres cultures; pratique un sport en club depuis plusieurs années,Manager d'agence de voyage,Contact clientèle/Relationnel,Tourisme,TEH,"Tourisme, Environnement et Hôtellerie",True,TEE
P00463,19,M,Amoron'i Mania,Général,S,,13.61,12.6,15.5,16.9,14.5,11.5,14.7,14.5,11.1,13.8,14.8,11.6,11.8,Anglais; Informatique; Physique_Chimie; SVT,créativité; sens de l'observation; curiosité; zootechnie et pisciculture,Agriculture; Nature; Musique,s'occupe d'un petit élevage ou d'un jardin potager; a participé à un club de sciences naturelles ou d'écologie; participe à des activités associatives ou de bénévolat,Ingénieur Agronome; Expert en agri-business,Terrain/Extérieur,Biotechnologie et Agronomie,AEE,Agriculture et Élevage,False,
P00464,18,F,Atsinanana,Professionnel et technique,TPFM,Industriel,6.1,6.1,5.4,2.6,8.1,2.7,9.9,3.2,6.0,5.7,7.7,7.8,8.0,Anglais; EPS; Francais,persévérance; sens de l'observation; développement web et mobile multimédia; esprit d'équipe; design UI/UX; communication digitale et PAO; créativité,Technologie; Réseaux sociaux et numérique; Sport,a créé un compte de jeu vidéo compétitif et anime une petite communauté en ligne; a participé à un club informatique ou de robotique au lycée,Webmaster; travailler à l'international,Bureau/Numérique,Informatique et Télécommunications,IMTICIA,"Informatique Multimédia, Technologie de l'Information et de la Communication et Intelligence Artificielle",False,
P00465,19,M,Vakinankaratra,Professionnel et technique,TMA,Industriel,12.22,11.9,15.8,12.0,13.6,12.7,10.3,11.8,11.3,10.0,11.1,12.9,13.2,EPS; Francais; Physique_Chimie,sens de l'organisation; conception assistée par ordinateur (AutoCAD); autonomie; créativité,Industrie; Musique,a effectué un stage d'observation dans un atelier ou une usine; aide régulièrement à l'entretien de véhicules en famille,Ingénieur en bureau d'études mécanique; avoir un poste à responsabilités,Atelier/Industriel,Génie Industriel,EMII,Électromécanique et Informatique Industrielle,False,
P00466,18,F,Alaotra-Mangoro,Général,C,,16.38,15.2,16.8,16.4,14.8,16.7,16.6,16.8,16.3,16.7,14.8,17.0,18.5,Arts; EPS; Physique_Chimie,persévérance; curiosité; pharmacologie; rigueur; sens de l'organisation,Nature; Environnement; Sport,a participé à un club de sciences naturelles ou d'écologie,Responsable de production pharmaceutique; travailler à l'international,Laboratoire/Recherche,Biotechnologie et Agronomie,PIP,Pharmacologie et Industries Pharmaceutiques,False,
P00467,19,F,Melaky,Professionnel et technique,ACTC,Tertiaire,11.18,10.6,12.3,11.9,12.5,9.5,11.4,13.0,8.3,11.8,12.2,12.8,7.9,Arts; Histoire_Geo; Physique_Chimie,rigueur; langues étrangères; sens de l'organisation; autonomie; accueil et relation client,Hôtellerie; Cultures du monde,aime cuisiner et découvrir des plats d'autres cultures,Chef de produit touristique; Directeur d'établissement hôtelier,Mixte/Itinérant,Tourisme,TEH,"Tourisme, Environnement et Hôtellerie",False,
P00468,19,M,Itasy,Général,A2,,15.58,16.1,16.2,20,14.9,16.1,15.8,15.3,14.3,16.2,13.1,15.9,13.1,Economie; Physique_Chimie; SVT,gestion de laboratoire d'analyses médicales; esprit d'équipe; curiosité; exploitation minière et géologie,Industrie; Nature,a participé à un club de robotique ou de modélisme; s'occupe d'un petit élevage ou d'un jardin potager,Responsable de production pharmaceutique; travailler à l'international,Terrain/Extérieur,Biotechnologie et Agronomie,PIP,Pharmacologie et Industries Pharmaceutiques,True,ICMP
P00469,19,F,Haute Matsiatra,Professionnel et technique,TAMB,Industriel,10.71,11.1,11.2,10.3,9.2,9.1,9.8,12.0,9.5,11.4,12.0,13.9,9.0,Arts; Economie; Histoire_Geo; Informatique; Physique_Chimie,autonomie; rigueur; esprit d'analyse; aisance relationnelle; développement web et mobile multimédia,Technologie; Réseaux sociaux et numérique; Sport,a participé à un club informatique ou de robotique au lycée; a occupé un petit job ou une activité rémunérée pendant les vacances,Webmaster; UX/UI Designer,Mixte/Itinérant,Informatique et Télécommunications,IMTICIA,"Informatique Multimédia, Technologie de l'Information et de la Communication et Intelligence Artificielle",False,
P00470,17,M,Analamanga,Général,L,,12.55,13.1,14.7,10.8,11.8,15.2,12.1,12.7,9.8,16.9,9.3,11.4,12.8,Economie; Malgache; Mathematiques; Physique_Chimie,créativité; analyse financière et gestion budgétaire; négociation et vente internationale; curiosité; sens de l'organisation,Économie; Sport,gère les comptes d'une association d'élèves,Consultant en management; Analyste économique,Contact clientèle/Relationnel,Droit et Techniques des Affaires,EMP,Économie et Management de Projet,True,CAA
P00471,19,F,Diana,Professionnel et technique,DAMB,Industriel,10.26,11.9,10.4,9.4,12.2,11.6,8.1,12.3,13.1,9.0,7.6,8.4,9.1,Francais; Histoire_Geo; Mathematiques; Philosophie,droit foncier et minier; curiosité; esprit d'équipe; esprit d'analyse; rigueur,Débat et droit; Gestion; Sport,a organisé une petite activité commerciale ou un projet associatif; a participé à un club de débat ou un simulacre de procès au lycée; participe à des activités associatives ou de bénévolat,Juriste d'affaires,Contact clientèle/Relationnel,Droit et Techniques des Affaires,DTJA,Droit et Techniques Juridiques des Affaires,True,EMP
P00472,17,M,Melaky,Professionnel et technique,DAMB,Industriel,11.93,12.4,14.0,10.8,10.7,11.2,11.1,12.6,12.3,13.3,14.3,12.0,8.4,Economie; Histoire_Geo; Informatique; Physique_Chimie,"administration de réseaux (GSM, TCP/IP); persévérance; traitement du signal et automatique; esprit d'analyse; systèmes embarqués et IoT",Programmation; Réseaux sociaux,a suivi un tutoriel en ligne de programmation et créé un petit site web personnel; a participé à un club informatique ou de robotique au lycée; participe à des activités associatives ou de bénévolat,Ingénieur système et réseau,Bureau/Numérique,Informatique et Télécommunications,ESIIA,"Électronique, Systèmes Informatiques et Intelligence Artificielle",False,
P00473,17,M,Melaky,Professionnel et technique,TAG,Agricole,11.02,7.7,10.7,12.0,13.7,9.4,11.7,8.9,12.4,16.5,8.6,10.9,9.7,Anglais; Economie; Francais; Philosophie; SVT,créativité; persévérance; aisance relationnelle; analyse financière et gestion budgétaire; esprit d'analyse; stratégie marketing et commerciale; gestion d'entreprise,Économie; Actualité et politique; Bénévolat associatif,gère les comptes d'une association d'élèves; a organisé une petite activité commerciale ou un projet associatif; a occupé un petit job ou une activité rémunérée pendant les vacances,Responsable export; Manager de PME/PMI; contribuer au développement de Madagascar,Contact clientèle/Relationnel,Droit et Techniques des Affaires,CAA,Commerce et Administration des Affaires,True,EMP
P00474,18,F,Fitovinany,Général,D,,12.29,12.0,13.8,15.5,11.3,12.5,10.0,12.2,12.4,12.0,13.1,12.5,10.2,Physique_Chimie; SVT,esprit d'équipe; transformation agroalimentaire; sécurité alimentaire; aisance relationnelle,Nature; Animaux; Lecture,a réalisé un exposé scolaire sur la santé ou la biologie; participe à des activités associatives ou de bénévolat,Consultant qualité; Responsable Qualité et Hygiène; créer sa propre entreprise,Laboratoire/Recherche,Biotechnologie et Agronomie,IAA,Industries Agroalimentaires,False,
P00475,17,M,Menabe,Général,C,,8.75,7.0,9.6,11.3,8.3,3.5,11.0,8.1,13.5,8.8,9.1,7.8,7.0,Anglais; Philosophie; SVT,autonomie; droit foncier et minier; curiosité; droit des contrats et des sociétés,Économie; Gestion; Musique,a participé à un club de débat ou un simulacre de procès au lycée; participe à des activités associatives ou de bénévolat,Assistant juridique,Contact clientèle/Relationnel,Droit et Techniques des Affaires,DTJA,Droit et Techniques Juridiques des Affaires,False,
P00476,19,M,Analanjirofo,Général,D,,13.27,11.1,13.6,17.2,11.3,13.0,14.8,11.2,12.0,15.4,13.2,14.0,12.4,Anglais; Arts; Economie; Physique_Chimie; SVT,zootechnie et pisciculture; esprit d'analyse; esprit d'équipe; persévérance; productions végétales et animales; développement rural; sens de l'observation,Nature; Santé,a participé à un club de sciences naturelles ou d'écologie; s'occupe d'un petit élevage ou d'un jardin potager,Expert en agri-business; Consultant en agroécologie,Laboratoire/Recherche,Biotechnologie et Agronomie,AEE,Agriculture et Élevage,False,
P00477,17,F,Amoron'i Mania,Technologique,TGC,Génie civil,10.85,14.5,11.6,10.8,9.6,9.6,10.6,10.7,11.7,9.4,11.3,11.2,9.2,Arts; Informatique; Philosophie; Physique_Chimie,persévérance; esprit d'analyse; géotechnique,Architecture; Dessin et design; Lecture,a visité un chantier de construction dans le cadre d'un stage d'observation; pratique un sport en club depuis plusieurs années,Architecte junior; Ingénieur en génie civil; avoir un métier stable,Chantier/BTP,Génie Civil et Architecture,GCA,Génie Civil et Architecture,True,
P00478,19,F,Sofia,Professionnel et technique,TPFM,Industriel,12.97,17.8,10.0,9.3,14.9,13.9,13.6,11.8,12.9,12.4,15.7,12.4,10.9,Francais; Informatique; Mathematiques,créativité; traitement de données massives (Big Data); sens de l'observation,Jeux vidéo; Technologie,a monté et dépanné des ordinateurs pour son entourage,Data Scientist; travailler à l'international,Bureau/Numérique,Informatique et Télécommunications,ISAIA,"Informatique, Statistique Appliquée et Intelligence Artificielle",True,IGGLIA
P00479,17,F,Diana,Général,S,,11.97,9.7,9.6,14.2,10.5,10.8,12.8,11.9,12.2,13.9,12.7,13.8,11.6,Arts; Economie; SVT,"créativité; esprit d'équipe; sens de l'observation; conception logicielle (UML, Merise); aisance relationnelle; notions d'intelligence artificielle",Technologie; Jeux vidéo; Lecture,a créé un compte de jeu vidéo compétitif et anime une petite communauté en ligne; participe à des activités associatives ou de bénévolat,Administrateur de bases de données; Développeur Full-Stack (Web & Mobile); avoir un poste à responsabilités,Mixte/Itinérant,Informatique et Télécommunications,IGGLIA,"Informatique de Gestion, Génie Logiciel et Intelligence Artificielle",False,
P00480,19,F,Atsimo-Andrefana,Général,L,,13.58,15.2,12.0,14.5,12.3,10.9,14.1,15.2,13.6,14.6,15.4,12.1,13.1,Histoire_Geo; Informatique; Mathematiques,rigueur; sens de l'organisation; créativité; sensibilisation au tourisme durable; aisance relationnelle,Voyage; Sport,pratique l'anglais ou une autre langue étrangère en autodidacte; a effectué un stage d'observation dans un hôtel ou une agence de voyage,Chargé de valorisation touristique et environnementale; Professionnel du secteur du tourisme,Mixte/Itinérant,Tourisme,TEE,Tourisme et Environnement,False,
P00481,20,M,Amoron'i Mania,Général,S,,11.73,11.3,14.7,11.8,9.0,10.6,11.2,14.0,9.8,14.4,11.8,11.3,10.9,Economie; Histoire_Geo; Physique_Chimie; SVT,créativité; géotechnique; calcul de structures (RDM); esprit d'analyse,Construction; Urbanisme; Réseaux sociaux,aime dessiner des plans de maisons ou des croquis d'aménagement; a visité un chantier de construction dans le cadre d'un stage d'observation; a occupé un petit job ou une activité rémunérée pendant les vacances,Ingénieur en génie civil; Entrepreneur en BTP,Chantier/BTP,Génie Civil et Architecture,GCA,Génie Civil et Architecture,False,
P00482,19,M,Atsimo-Andrefana,Général,OSE,,6.53,4.4,5.2,5.6,7.7,6.5,5.5,7.3,6.0,8.7,6.2,7.6,7.7,Arts; EPS; Economie; Francais; Histoire_Geo,analyse économique et économétrie; gestion financière prévisionnelle; sens de l'organisation; esprit d'analyse; pilotage et planification de projets,Gestion; Bénévolat associatif,gère les comptes d'une association d'élèves; a occupé un petit job ou une activité rémunérée pendant les vacances,Analyste économique; Consultant en management,Bureau/Numérique,Droit et Techniques des Affaires,EMP,Économie et Management de Projet,False,
P00483,19,F,Sava,Professionnel et technique,TOM,Industriel,11.7,15.7,12.1,13.4,9.3,10.1,9.8,10.2,9.3,13.3,14.8,11.8,10.6,Economie; Informatique; Mathematiques; SVT,"sens de l'organisation; conception logicielle (UML, Merise); rigueur; sens de l'observation",Technologie; Musique,a participé à un club informatique ou de robotique au lycée; a monté et dépanné des ordinateurs pour son entourage,Architecte logiciel; contribuer au développement de Madagascar,Bureau/Numérique,Informatique et Télécommunications,IGGLIA,"Informatique de Gestion, Génie Logiciel et Intelligence Artificielle",False,
P00484,20,M,Androy,Général,C,,13.41,15.9,13.4,15.8,11.7,13.5,13.8,13.9,12.8,9.7,18.4,12.4,9.6,Histoire_Geo; Informatique; Mathematiques; SVT,"aisance relationnelle; conception logicielle (UML, Merise); programmation multi-langages (Java, C#, PHP, JavaScript); persévérance; administration de bases de données",Programmation; Technologie; Bénévolat associatif,a participé à un club informatique ou de robotique au lycée,Expert en transformation digitale,Bureau/Numérique,Informatique et Télécommunications,IGGLIA,"Informatique de Gestion, Génie Logiciel et Intelligence Artificielle",False,
P00485,19,M,Haute Matsiatra,Professionnel et technique,TPFM,Industriel,12.09,15.7,16.6,11.0,13.5,10.4,10.4,12.1,11.6,10.6,14.3,9.7,9.2,Informatique; Mathematiques; Physique_Chimie,"rigueur; traitement du signal et automatique; maintenance hardware et microcontrôleurs; sens de l'observation; administration de réseaux (GSM, TCP/IP); esprit d'analyse",Réseaux sociaux et numérique; Sport,a créé un compte de jeu vidéo compétitif et anime une petite communauté en ligne,Spécialiste en maintenance de systèmes informatisés; créer sa propre entreprise,Bureau/Numérique,Informatique et Télécommunications,ESIIA,"Électronique, Systèmes Informatiques et Intelligence Artificielle",False,
P00486,18,M,Betsiboka,Général,A1,,13.3,11.2,14.6,13.7,16.0,14.4,13.5,14.7,12.5,10.7,12.1,12.1,14.1,EPS; Francais; Histoire_Geo; Malgache; Physique_Chimie,curiosité; droit foncier et minier; sens de l'organisation,Débat et droit; Entrepreneuriat; Bénévolat associatif,a organisé une petite activité commerciale ou un projet associatif; gère les comptes d'une association d'élèves; pratique un sport en club depuis plusieurs années,Responsable des ressources humaines (volet juridique); Assistant juridique,Contact clientèle/Relationnel,Droit et Techniques des Affaires,DTJA,Droit et Techniques Juridiques des Affaires,False,
P00487,17,M,Atsimo-Atsinanana,Professionnel et technique,TEV,Agricole,11.03,12.0,11.4,16.1,12.9,10.5,9.3,9.7,9.1,10.0,9.1,10.8,11.5,EPS; Francais; Mathematiques; SVT,sens de l'organisation; normes HACCP et microbiologie; transformation agroalimentaire; rigueur; curiosité; biochimie et R&D,Santé; Animaux,s'occupe d'un petit élevage ou d'un jardin potager,Consultant qualité; Ingénieur de production en industrie agroalimentaire,Terrain/Extérieur,Biotechnologie et Agronomie,IAA,Industries Agroalimentaires,False,
P00488,20,F,Betsiboka,Professionnel et technique,SS,Tertiaire,9.71,9.1,7.2,10.0,11.8,8.9,9.5,10.5,11.8,9.4,7.9,10.8,9.6,Arts; Francais; Philosophie,droit des contrats et des sociétés; créativité; gestion des litiges commerciaux; persévérance,Entrepreneuriat; Bénévolat associatif,a participé à un club de débat ou un simulacre de procès au lycée; a organisé une petite activité commerciale ou un projet associatif,Juriste d'affaires; Responsable des ressources humaines (volet juridique); créer sa propre entreprise,Contact clientèle/Relationnel,Droit et Techniques des Affaires,DTJA,Droit et Techniques Juridiques des Affaires,True,EMP
P00489,18,M,Vatovavy,Technologique,TGC,Génie civil,9.09,10.3,10.4,7.6,7.3,10.0,8.4,9.8,9.5,7.1,9.5,10.9,8.3,Arts; Mathematiques; Physique_Chimie,ingénierie des infrastructures routières et hydrauliques; persévérance; aisance relationnelle; calcul de structures (RDM); géotechnique,Construction,aime dessiner des plans de maisons ou des croquis d'aménagement,Ingénieur en génie civil; Ingénieur en Bureau d'Études,Chantier/BTP,Génie Civil et Architecture,GCA,Génie Civil et Architecture,False,
P00490,17,F,Itasy,Professionnel et technique,SS,Tertiaire,12.38,13.5,14.5,11.9,12.2,13.6,16.7,10.4,9.0,12.2,12.3,10.9,11.3,Anglais; Malgache; Physique_Chimie,stratégie marketing et commerciale; négociation et vente internationale; esprit d'équipe; autonomie,Actualité et politique; Gestion; Réseaux sociaux,a participé à un club de débat ou un simulacre de procès au lycée; a organisé une petite activité commerciale ou un projet associatif; a occupé un petit job ou une activité rémunérée pendant les vacances,Responsable Marketing,Bureau/Numérique,Droit et Techniques des Affaires,CAA,Commerce et Administration des Affaires,False,
P00491,18,M,Atsimo-Atsinanana,Professionnel et technique,TMF,Industriel,12.31,11.0,10.7,13.7,12.0,11.2,15.6,13.4,12.1,13.1,11.9,10.7,12.3,Anglais; EPS; Economie; Histoire_Geo; SVT,conception de produits touristiques; esprit d'équipe; management hôtelier et restauration; aisance relationnelle; esprit d'analyse; accueil et relation client; autonomie,Gastronomie; Langues étrangères,a effectué un stage d'observation dans un hôtel ou une agence de voyage,Directeur d'établissement hôtelier,Mixte/Itinérant,Tourisme,TEH,"Tourisme, Environnement et Hôtellerie",False,
P00492,17,F,Alaotra-Mangoro,Professionnel et technique,TAMB,Industriel,13.07,13.4,13.8,10.2,14.4,14.0,13.1,15.2,15.0,15.3,9.9,10.4,12.2,Economie; Francais; Histoire_Geo; Malgache; Philosophie,droit des contrats et des sociétés; persévérance; curiosité; esprit d'analyse,Actualité et politique,a organisé une petite activité commerciale ou un projet associatif; gère les comptes d'une association d'élèves,Responsable des ressources humaines (volet juridique); Assistant juridique,Bureau/Numérique,Droit et Techniques des Affaires,DTJA,Droit et Techniques Juridiques des Affaires,False,
P00493,18,F,Ihorombe,Général,A1,,15.01,15.6,11.9,14.7,17.3,15.0,18.1,11.9,14.5,19.2,13.5,13.9,14.5,Anglais; Economie; Francais,persévérance; gestion d'entreprise; sens de l'observation,Gestion; Débat et droit,gère les comptes d'une association d'élèves; a occupé un petit job ou une activité rémunérée pendant les vacances,Responsable Marketing; Manager de PME/PMI; travailler à l'international,Bureau/Numérique,Droit et Techniques des Affaires,CAA,Commerce et Administration des Affaires,False,
P00494,17,F,Sofia,Professionnel et technique,MEMA,Industriel,12.95,15.5,11.9,14.6,13.6,13.3,11.3,11.7,12.7,15.4,12.7,9.4,13.3,Economie; Francais; Mathematiques; SVT,curiosité; aisance relationnelle; analyse statistique et probabilités appliquées; créativité; traitement de données massives (Big Data),Jeux vidéo; Programmation; Sport,a monté et dépanné des ordinateurs pour son entourage; a participé à un club informatique ou de robotique au lycée,Statisticien financier,Bureau/Numérique,Informatique et Télécommunications,ISAIA,"Informatique, Statistique Appliquée et Intelligence Artificielle",False,
P00495,20,M,Sava,Professionnel et technique,TMF,Industriel,15.23,16.6,9.7,12.2,17.5,17.9,15.9,15.9,18.1,15.3,15.6,15.6,12.5,Malgache; Philosophie,sens de l'observation; droit des contrats et des sociétés; droit foncier et minier; rigueur; gestion des litiges commerciaux,Gestion; Entrepreneuriat; Bénévolat associatif,a organisé une petite activité commerciale ou un projet associatif; a participé à un club de débat ou un simulacre de procès au lycée,Responsable des ressources humaines (volet juridique); Chargé de conformité,Contact clientèle/Relationnel,Droit et Techniques des Affaires,DTJA,Droit et Techniques Juridiques des Affaires,False,
P00496,20,M,Sofia,Général,A2,,13.85,12.7,14.3,15.9,12.7,14.6,11.6,14.0,15.3,12.3,13.4,15.8,13.6,Arts; Philosophie; SVT,créativité; sens de l'observation; formulation pharmaceutique; phytochimie,Nature; Réseaux sociaux,a participé à un club de sciences naturelles ou d'écologie; pratique un sport en club depuis plusieurs années,Responsable de production pharmaceutique; Responsable contrôle qualité; avoir un métier stable,Terrain/Extérieur,Biotechnologie et Agronomie,PIP,Pharmacologie et Industries Pharmaceutiques,False,
P00497,18,M,Boeny,Général,C,,10.82,13.8,10.8,7.5,13.1,8.2,8.8,11.6,9.6,11.9,10.8,13.0,10.7,Arts; Francais; Mathematiques,analyse statistique et probabilités appliquées; sens de l'organisation; traitement de données massives (Big Data); aisance relationnelle; persévérance; curiosité; business intelligence,Technologie; Robotique,a suivi un tutoriel en ligne de programmation et créé un petit site web personnel,Ingénieur Machine Learning,Bureau/Numérique,Informatique et Télécommunications,ISAIA,"Informatique, Statistique Appliquée et Intelligence Artificielle",False,
P00498,19,M,Menabe,Général,C,,12.76,10.1,10.5,15.4,11.4,13.5,11.4,15.9,11.2,15.8,11.8,15.9,10.2,Arts; Economie; Histoire_Geo,créativité; zootechnie et pisciculture; aisance relationnelle; rigueur; sens de l'organisation,Environnement; Santé,a réalisé un exposé scolaire sur la santé ou la biologie,Responsable de projet développement rural; travailler à l'international,Terrain/Extérieur,Biotechnologie et Agronomie,AEE,Agriculture et Élevage,False,
P00499,18,F,Androy,Professionnel et technique,TMF,Industriel,14.9,17.9,12.3,14.6,14.8,13.8,16.0,14.9,14.7,17.2,12.4,14.4,15.8,Anglais; EPS; Economie; Histoire_Geo; Mathematiques,persévérance; créativité; esprit d'équipe; sens de l'organisation; traitement de données massives (Big Data); business intelligence; analyse statistique et probabilités appliquées,Programmation; Robotique; Sport,a créé un compte de jeu vidéo compétitif et anime une petite communauté en ligne; a participé à un club informatique ou de robotique au lycée; a occupé un petit job ou une activité rémunérée pendant les vacances,Data Analyst; Responsable Business Intelligence; avoir un métier stable,Bureau/Numérique,Informatique et Télécommunications,ISAIA,"Informatique, Statistique Appliquée et Intelligence Artificielle",False,
P00500,19,F,Atsinanana,Professionnel et technique,TMA,Industriel,13.19,13.6,10.3,12.8,12.2,14.6,14.0,14.8,9.0,18.2,13.5,13.2,12.1,Anglais; Economie; Histoire_Geo; Malgache,aisance relationnelle; sens de l'organisation; négociation et vente internationale; stratégie marketing et commerciale,Économie; Bénévolat associatif,gère les comptes d'une association d'élèves; s'intéresse à l'actualité économique et suit des chaînes d'information,Manager de PME/PMI; Responsable commercial; avoir un métier stable,Contact clientèle/Relationnel,Droit et Techniques des Affaires,CAA,Commerce et Administration des Affaires,False,
P00501,17,F,Vatovavy,Général,S,,12.72,14.9,12.9,14.6,13.1,11.9,12.4,11.3,11.7,12.1,15.9,9.7,12.2,Informatique; Mathematiques; SVT,"développement full-stack; conception logicielle (UML, Merise); sens de l'organisation; aisance relationnelle",Programmation; Sport,a créé un compte de jeu vidéo compétitif et anime une petite communauté en ligne; a occupé un petit job ou une activité rémunérée pendant les vacances,Ingénieur en génie logiciel; Administrateur de bases de données; contribuer au développement de Madagascar,Mixte/Itinérant,Informatique et Télécommunications,IGGLIA,"Informatique de Gestion, Génie Logiciel et Intelligence Artificielle",False,
P00502,17,M,Amoron'i Mania,Professionnel et technique,TAG,Agricole,9.73,9.2,12.4,14.1,12.4,7.7,8.0,9.0,9.4,11.8,7.3,9.3,6.2,Economie; Francais; Informatique; Philosophie; Physique_Chimie,formulation pharmaceutique; phytochimie; autonomie; persévérance; pharmacologie,Nature; Lecture,a participé à un club de sciences naturelles ou d'écologie; aide régulièrement dans l'exploitation agricole familiale; participe à des activités associatives ou de bénévolat,Chercheur en phyto-médicaments,Laboratoire/Recherche,Biotechnologie et Agronomie,PIP,Pharmacologie et Industries Pharmaceutiques,False,
P00503,18,F,Analamanga,Général,C,,9.11,10.2,11.4,12.5,7.8,10.5,8.4,8.6,7.4,8.8,8.3,7.4,8.0,Malgache; Mathematiques; Physique_Chimie; SVT,gestion de laboratoire d'analyses médicales; aisance relationnelle; persévérance; pharmacologie,Animaux; Environnement,s'occupe d'un petit élevage ou d'un jardin potager; participe à des activités associatives ou de bénévolat,Responsable de production pharmaceutique; Ingénieur de laboratoire médical; avoir un métier stable,Laboratoire/Recherche,Biotechnologie et Agronomie,PIP,Pharmacologie et Industries Pharmaceutiques,False,
P00504,17,M,Amoron'i Mania,Professionnel et technique,SS,Tertiaire,7.02,4.6,8.5,6.6,6.4,8.0,5.5,9.8,7.5,7.6,6.9,5.6,7.2,Histoire_Geo; Malgache; Physique_Chimie,rigueur; sens de l'observation; fiscalité d'entreprise; autonomie; audit financier; analyse économique et économétrie,Économie,a organisé une petite activité commerciale ou un projet associatif; pratique un sport en club depuis plusieurs années,Planificateur stratégique; créer sa propre entreprise,Bureau/Numérique,Droit et Techniques des Affaires,EMP,Économie et Management de Projet,True,FIC
P00505,19,M,Atsinanana,Professionnel et technique,TMEL,Industriel,9.61,12.3,8.9,9.6,8.3,8.1,8.5,9.2,8.5,11.3,11.5,11.8,7.3,Arts; Economie; Informatique; Mathematiques,sens de l'observation; persévérance; sens de l'organisation; audit financier; comptabilité générale et analytique; gestion de trésorerie,Gestion; Lecture,a participé à un club de débat ou un simulacre de procès au lycée; s'intéresse à l'actualité économique et suit des chaînes d'information,Auditeur financier; Contrôleur de gestion,Bureau/Numérique,Droit et Techniques des Affaires,FIC,Finances et Comptabilité,False,
P00506,17,M,Ihorombe,Professionnel et technique,TAMB,Industriel,15.46,15.5,15.9,13.2,17.5,16.3,14.6,18.0,17.2,15.6,11.8,13.9,16.0,EPS; Francais; Histoire_Geo; Philosophie,rédaction d'actes juridiques; autonomie; aisance relationnelle,Économie; Musique,a organisé une petite activité commerciale ou un projet associatif; a occupé un petit job ou une activité rémunérée pendant les vacances,Expert en contentieux d'affaires,Bureau/Numérique,Droit et Techniques des Affaires,DTJA,Droit et Techniques Juridiques des Affaires,False,
P00507,17,M,Ihorombe,Professionnel et technique,TAMB,Industriel,10.97,13.3,14.3,11.6,9.5,9.9,10.2,10.4,9.8,11.4,11.6,9.6,10.1,Mathematiques; Physique_Chimie; SVT,"traitement du signal et automatique; curiosité; automatismes (Grafcet, automates); créativité; administration de réseaux (GSM, TCP/IP); sens de l'observation",Technologie,a suivi un tutoriel en ligne de programmation et créé un petit site web personnel; a participé à un club informatique ou de robotique au lycée,Ingénieur en automatisation et robotique industrielle; Concepteur de systèmes IoT industriels,Atelier/Industriel,Génie Industriel,EMII,Électromécanique et Informatique Industrielle,True,ESIIA
P00508,18,F,Fitovinany,Technologique,TGI,Industriel,10.47,11.9,8.2,10.1,9.3,9.6,12.8,10.1,9.3,10.0,14.2,8.8,11.3,Anglais; EPS; Informatique; Mathematiques; SVT,curiosité; gestion de projets informatiques; administration de bases de données; persévérance,Réseaux sociaux et numérique,a participé à un club informatique ou de robotique au lycée; a suivi un tutoriel en ligne de programmation et créé un petit site web personnel,Administrateur de bases de données; Chef de projet informatique,Mixte/Itinérant,Informatique et Télécommunications,IGGLIA,"Informatique de Gestion, Génie Logiciel et Intelligence Artificielle",True,IMTICIA
P00509,18,M,Betsiboka,Professionnel et technique,TMF,Industriel,10.22,7.6,9.5,11.1,9.8,9.9,11.7,11.0,9.9,9.3,12.2,12.2,8.4,Anglais; Informatique; Philosophie,"aisance relationnelle; programmation multi-langages (Java, C#, PHP, JavaScript); rigueur; esprit d'équipe; curiosité; design UI/UX; développement web et mobile multimédia",Programmation; Bénévolat associatif,a créé un compte de jeu vidéo compétitif et anime une petite communauté en ligne; a monté et dépanné des ordinateurs pour son entourage,Webmaster,Bureau/Numérique,Informatique et Télécommunications,IMTICIA,"Informatique Multimédia, Technologie de l'Information et de la Communication et Intelligence Artificielle",True,IGGLIA
P00510,17,M,Diana,Professionnel et technique,TPFM,Industriel,13.13,15.1,16.0,13.6,14.2,10.2,13.0,12.7,8.8,10.4,15.2,12.8,15.6,EPS; Informatique; Mathematiques; Physique_Chimie,sens de l'organisation; gestion de production industrielle; créativité,Bricolage,a participé à un club de robotique ou de modélisme; a participé à un club informatique ou de robotique au lycée,Spécialiste en maintenance de systèmes informatisés; Expert en systèmes embarqués et IoT; avoir un métier stable,Mixte/Itinérant,Informatique et Télécommunications,ESIIA,"Électronique, Systèmes Informatiques et Intelligence Artificielle",True,EMII
P00511,18,M,Vakinankaratra,Professionnel et technique,TPFM,Industriel,9.9,11.0,7.2,10.1,8.1,9.6,8.4,10.4,12.3,10.4,10.9,10.1,10.3,Histoire_Geo; Informatique; Mathematiques; Philosophie,machine learning et deep learning; administration de bases de données; sens de l'observation; esprit d'équipe; persévérance,Réseaux sociaux et numérique,a monté et dépanné des ordinateurs pour son entourage; a créé un compte de jeu vidéo compétitif et anime une petite communauté en ligne,Analyste Big Data; Responsable Business Intelligence,Mixte/Itinérant,Informatique et Télécommunications,ISAIA,"Informatique, Statistique Appliquée et Intelligence Artificielle",True,IGGLIA
P00512,17,F,Analanjirofo,Professionnel et technique,EN,Industriel,11.27,13.5,10.4,9.6,8.1,11.2,11.5,12.1,9.3,16.0,12.0,11.4,10.1,Economie; Histoire_Geo; Mathematiques,aisance relationnelle; sens de l'observation; persévérance; pilotage et planification de projets; management stratégique; gestion financière prévisionnelle,Débat et droit; Musique,a participé à un club de débat ou un simulacre de procès au lycée,Responsable suivi-évaluation de projets; Consultant en management; créer sa propre entreprise,Contact clientèle/Relationnel,Droit et Techniques des Affaires,EMP,Économie et Management de Projet,False,
P00513,20,F,Atsimo-Andrefana,Général,C,,7.45,9.8,10.9,7.8,8.3,7.2,5.6,8.3,7.3,7.2,5.4,4.3,7.3,Francais; Histoire_Geo; Mathematiques; Physique_Chimie; SVT,sens de l'organisation; hygiène sécurité environnement (HSE); sens de l'observation; exploitation minière et géologie; raffinage et pétrochimie; persévérance,Automobile et aéronautique; Électronique; Bénévolat associatif,a participé à un club de robotique ou de modélisme,Ingénieur pétrolier; Ingénieur de laboratoire d'analyses,Atelier/Industriel,Génie Industriel,ICMP,"Industries Chimiques, Minières et Pétrolières",False,
P00514,20,M,Boeny,Professionnel et technique,TMEL,Industriel,13.93,16.8,14.9,13.3,13.5,12.2,14.1,12.7,14.9,9.7,17.3,12.3,15.4,EPS; Informatique; Mathematiques; Physique_Chimie,"esprit d'équipe; développement full-stack; curiosité; sens de l'observation; conception logicielle (UML, Merise)",Robotique; Programmation,a monté et dépanné des ordinateurs pour son entourage,Ingénieur en génie logiciel; Administrateur de bases de données,Bureau/Numérique,Informatique et Télécommunications,IGGLIA,"Informatique de Gestion, Génie Logiciel et Intelligence Artificielle",False,
P00515,20,F,Analamanga,Professionnel et technique,TOM,Industriel,11.66,15.9,13.8,10.4,11.0,12.1,11.9,10.5,8.0,10.7,12.6,11.3,11.7,Histoire_Geo; Informatique; Malgache; Mathematiques,sens de l'observation; persévérance; maintenance industrielle pluridisciplinaire; esprit d'analyse; autonomie,Technologie,a démonté et réparé des appareils électroménagers ou mécaniques par curiosité,Ingénieur en bureau d'études mécanique; Ingénieur en maintenance industrielle; avoir un poste à responsabilités,Bureau/Numérique,Génie Industriel,EMII,Électromécanique et Informatique Industrielle,True,ESIIA
P00516,19,M,Amoron'i Mania,Général,A1,,8.07,5.9,8.0,8.6,8.0,4.9,10.0,7.3,8.5,11.6,8.8,6.8,8.5,Anglais; EPS; Economie; Informatique,gestion d'entreprise; négociation et vente internationale; persévérance; aisance relationnelle,Économie; Actualité et politique; Réseaux sociaux,a participé à un club de débat ou un simulacre de procès au lycée,Responsable Marketing; Gestionnaire administratif et financier,Contact clientèle/Relationnel,Droit et Techniques des Affaires,CAA,Commerce et Administration des Affaires,False,
P00517,20,M,Itasy,Professionnel et technique,MEMA,Industriel,13.92,17.2,15.7,14.7,10.8,11.4,12.3,14.0,13.1,14.7,15.4,14.1,13.6,Informatique; Mathematiques; Physique_Chimie; SVT,business intelligence; traitement de données massives (Big Data); autonomie; sens de l'observation; persévérance,Jeux vidéo; Réseaux sociaux,a monté et dépanné des ordinateurs pour son entourage,Responsable Business Intelligence; Analyste Big Data,Bureau/Numérique,Informatique et Télécommunications,ISAIA,"Informatique, Statistique Appliquée et Intelligence Artificielle",False,
P00518,18,F,Ihorombe,Professionnel et technique,TMEL,Industriel,12.21,13.8,14.8,12.0,11.5,10.2,9.9,10.2,13.2,11.4,16.4,12.4,10.7,Informatique; Mathematiques; Physique_Chimie,"administration de réseaux (GSM, TCP/IP); rigueur; créativité; autonomie; traitement du signal et automatique; aisance relationnelle",Jeux vidéo; Programmation,a monté et dépanné des ordinateurs pour son entourage; a participé à un club informatique ou de robotique au lycée,Ingénieur en télécommunications,Bureau/Numérique,Informatique et Télécommunications,ESIIA,"Électronique, Systèmes Informatiques et Intelligence Artificielle",False,
P00519,20,F,Vatovavy,Professionnel et technique,TOM,Industriel,10.03,11.6,11.4,9.3,12.4,9.0,9.7,11.6,9.0,9.2,13.3,7.0,6.8,Francais; Histoire_Geo; Informatique; Mathematiques; Physique_Chimie,maintenance hardware et microcontrôleurs; créativité; traitement du signal et automatique; esprit d'équipe; sens de l'observation; autonomie,Programmation,a suivi un tutoriel en ligne de programmation et créé un petit site web personnel; a participé à un club informatique ou de robotique au lycée,Ingénieur en télécommunications; Architecte Hardware; avoir un poste à responsabilités,Bureau/Numérique,Informatique et Télécommunications,ESIIA,"Électronique, Systèmes Informatiques et Intelligence Artificielle",False,
P00520,18,M,Vatovavy,Général,S,,13.45,14.5,15.5,15.6,12.2,13.0,14.9,11.6,14.1,15.6,10.2,12.5,11.7,Arts; Economie; SVT,persévérance; sens de l'organisation; hygiène sécurité environnement (HSE); raffinage et pétrochimie; génie des procédés chimiques,Automobile et aéronautique,aide régulièrement à l'entretien de véhicules en famille; participe à des activités associatives ou de bénévolat,Ingénieur de laboratoire d'analyses; Ingénieur minier,Atelier/Industriel,Génie Industriel,ICMP,"Industries Chimiques, Minières et Pétrolières",False,
P00521,20,M,Boeny,Général,C,,13.64,17.6,14.5,14.4,13.2,14.2,12.4,10.9,14.3,11.2,11.7,14.0,15.3,EPS; Mathematiques; Physique_Chimie; SVT,aisance relationnelle; calcul de structures (RDM); géotechnique; persévérance,Architecture; Dessin et design; Musique,a réalisé des maquettes ou des plans de construction pour un projet scolaire; participe à des activités associatives ou de bénévolat,Ingénieur en génie civil,Chantier/BTP,Génie Civil et Architecture,GCA,Génie Civil et Architecture,True,
P00522,19,F,Betsiboka,Général,C,,12.37,14.3,14.0,10.7,10.9,12.3,10.6,12.1,11.2,13.8,12.8,13.4,12.3,Arts; Economie; Mathematiques; Physique_Chimie,esprit d'équipe; calcul de structures (RDM); créativité; géotechnique; conception architecturale (AutoCAD/ArchiCAD); aisance relationnelle; rigueur,Construction; Bénévolat associatif,a visité un chantier de construction dans le cadre d'un stage d'observation; aime dessiner des plans de maisons ou des croquis d'aménagement,Architecte junior,Chantier/BTP,Génie Civil et Architecture,GCA,Génie Civil et Architecture,False,
P00523,19,M,Atsimo-Andrefana,Général,L,,11.19,12.8,11.9,9.7,9.0,13.1,12.7,9.8,7.3,15.3,12.6,9.2,10.9,Anglais; Economie; Malgache; Mathematiques,persévérance; comptabilité générale et analytique; esprit d'équipe; aisance relationnelle,Débat et droit; Réseaux sociaux,a participé à un club de débat ou un simulacre de procès au lycée; gère les comptes d'une association d'élèves; a occupé un petit job ou une activité rémunérée pendant les vacances,Auditeur financier,Contact clientèle/Relationnel,Droit et Techniques des Affaires,FIC,Finances et Comptabilité,False,
P00524,19,M,Diana,Général,S,,12.68,13.4,12.7,13.6,12.1,13.3,14.6,11.9,10.2,13.7,10.7,13.7,12.3,Anglais; Arts; Economie; SVT,négociation et vente internationale; analyse financière et gestion budgétaire; persévérance; aisance relationnelle,Actualité et politique; Économie; Bénévolat associatif,gère les comptes d'une association d'élèves; pratique un sport en club depuis plusieurs années,Responsable Marketing,Bureau/Numérique,Droit et Techniques des Affaires,CAA,Commerce et Administration des Affaires,False,
P00525,18,F,Menabe,Général,C,,16.21,17.3,20,17.0,15.1,16.6,13.1,15.7,17.3,16.2,15.9,16.5,13.8,Mathematiques; Philosophie; Physique_Chimie; SVT,géotechnique; aisance relationnelle; conception architecturale (AutoCAD/ArchiCAD); curiosité; calcul de structures (RDM),Architecture; Bénévolat associatif,a réalisé des maquettes ou des plans de construction pour un projet scolaire; aime dessiner des plans de maisons ou des croquis d'aménagement,Urbaniste; Ingénieur en Bureau d'Études; travailler à l'international,Bureau d'études,Génie Civil et Architecture,GCA,Génie Civil et Architecture,False,
P00526,18,M,Itasy,Professionnel et technique,TPFM,Industriel,12.72,14.0,14.6,14.5,8.9,13.2,13.4,12.1,13.7,11.1,11.5,14.1,11.5,Arts; Mathematiques; Physique_Chimie; SVT,génie des procédés chimiques; aisance relationnelle; autonomie; esprit d'équipe,Industrie; Mécanique; Sport,a participé à un club de robotique ou de modélisme; participe à des activités associatives ou de bénévolat,Responsable HSE; contribuer au développement de Madagascar,Atelier/Industriel,Génie Industriel,ICMP,"Industries Chimiques, Minières et Pétrolières",False,
P00527,18,M,Vatovavy,Général,D,,11.04,14.4,13.0,10.7,11.0,9.6,12.8,11.8,11.0,8.6,9.0,10.5,10.1,Anglais; Histoire_Geo; Mathematiques; Physique_Chimie,curiosité; gestion de chantier; persévérance; conception architecturale (AutoCAD/ArchiCAD); rigueur; créativité,Construction; Dessin et design,aime dessiner des plans de maisons ou des croquis d'aménagement,Entrepreneur en BTP; Urbaniste,Chantier/BTP,Génie Civil et Architecture,GCA,Génie Civil et Architecture,False,
P00528,17,F,Atsinanana,Général,S,,10.57,9.3,12.5,14.6,10.0,11.2,9.6,11.8,7.8,9.9,11.3,9.2,9.6,Histoire_Geo; Informatique; Malgache; Physique_Chimie; SVT,autonomie; agroécologie et agriculture biologique; esprit d'analyse; créativité; zootechnie et pisciculture,Agriculture; Animaux; Bénévolat associatif,a participé à un club de sciences naturelles ou d'écologie; a réalisé un exposé scolaire sur la santé ou la biologie; a occupé un petit job ou une activité rémunérée pendant les vacances,Responsable de production animale; Ingénieur Agronome; avoir un poste à responsabilités,Terrain/Extérieur,Biotechnologie et Agronomie,AEE,Agriculture et Élevage,False,
P00529,19,M,Betsiboka,Professionnel et technique,TFFI,Industriel,10.43,12.5,9.4,11.0,10.5,10.2,14.5,13.0,7.5,9.5,8.7,10.2,8.2,Anglais; Histoire_Geo; Mathematiques,esprit d'analyse; sens de l'organisation; sensibilisation au tourisme durable; management hôtelier et restauration; rigueur,Langues étrangères; Cultures du monde,a organisé un voyage ou un événement pour son groupe d'amis; pratique un sport en club depuis plusieurs années,Manager d'agence de voyage; avoir un poste à responsabilités,Mixte/Itinérant,Tourisme,TEH,"Tourisme, Environnement et Hôtellerie",True,TEE
P00530,19,M,Sava,Général,C,,11.09,9.0,12.1,8.6,10.2,12.9,11.1,13.2,13.9,11.0,11.4,9.5,10.2,Histoire_Geo; Informatique; Malgache; Physique_Chimie,persévérance; autonomie; esprit d'analyse; rédaction d'actes juridiques; sens de l'organisation; droit des contrats et des sociétés,Gestion; Musique,gère les comptes d'une association d'élèves; a occupé un petit job ou une activité rémunérée pendant les vacances,Juriste d'affaires,Bureau/Numérique,Droit et Techniques des Affaires,DTJA,Droit et Techniques Juridiques des Affaires,False,
P00531,19,F,Atsimo-Andrefana,Professionnel et technique,PCBTP,Génie civil / BTP,12.06,12.0,11.9,11.6,14.4,13.8,8.1,15.8,14.3,10.2,10.9,9.9,11.8,Francais; Histoire_Geo; Malgache; Philosophie,esprit d'analyse; gestion d'entreprise; droit foncier et minier; sens de l'observation,Entrepreneuriat; Économie,a participé à un club de débat ou un simulacre de procès au lycée; s'intéresse à l'actualité économique et suit des chaînes d'information,Responsable des ressources humaines (volet juridique); Assistant juridique,Contact clientèle/Relationnel,Droit et Techniques des Affaires,DTJA,Droit et Techniques Juridiques des Affaires,True,CAA
P00532,19,F,Vakinankaratra,Général,S,,10.18,7.6,11.2,9.2,11.5,6.9,13.2,8.8,10.7,10.4,11.7,12.8,8.2,Anglais; Arts; Histoire_Geo; Informatique; Physique_Chimie,sens de l'organisation; design UI/UX; production et montage audiovisuel; aisance relationnelle; créativité,Robotique; Programmation; Lecture,a monté et dépanné des ordinateurs pour son entourage; a occupé un petit job ou une activité rémunérée pendant les vacances,Webmaster; Spécialiste en communication digitale / Community Manager,Bureau/Numérique,Informatique et Télécommunications,IMTICIA,"Informatique Multimédia, Technologie de l'Information et de la Communication et Intelligence Artificielle",False,
P00533,19,F,Vatovavy,Technologique,TGI,Industriel,10.01,7.5,7.9,10.0,9.5,11.2,11.8,11.9,11.4,12.1,9.0,10.4,7.4,Anglais; Economie; Histoire_Geo; Philosophie,esprit d'équipe; persévérance; curiosité; analyse économique et économétrie; rigueur; négociation et vente internationale,Gestion,s'intéresse à l'actualité économique et suit des chaînes d'information; pratique un sport en club depuis plusieurs années,Chef de projet,Bureau/Numérique,Droit et Techniques des Affaires,EMP,Économie et Management de Projet,True,CAA
P00534,17,F,Diana,Professionnel et technique,TEV,Agricole,8.21,8.8,6.6,7.0,9.4,9.6,10.7,8.9,8.2,6.7,7.9,6.3,8.4,Anglais; Francais; Histoire_Geo; Malgache; Mathematiques,sens de l'observation; analyse financière et gestion budgétaire; autonomie,Débat et droit; Gestion; Lecture,a participé à un club de débat ou un simulacre de procès au lycée; a occupé un petit job ou une activité rémunérée pendant les vacances,Responsable commercial; Responsable export; créer sa propre entreprise,Bureau/Numérique,Droit et Techniques des Affaires,CAA,Commerce et Administration des Affaires,True,EMP
P00535,20,M,Vatovavy,Général,C,,12.76,13.5,15.2,13.5,13.0,11.4,12.8,12.0,12.0,11.7,9.7,16.2,12.1,Arts; Mathematiques; Physique_Chimie,ingénierie des infrastructures routières et hydrauliques; persévérance; géotechnique; autonomie; calcul de structures (RDM),Dessin et design,a réalisé des maquettes ou des plans de construction pour un projet scolaire; a occupé un petit job ou une activité rémunérée pendant les vacances,Entrepreneur en BTP,Bureau d'études,Génie Civil et Architecture,GCA,Génie Civil et Architecture,False,
P00536,19,F,Amoron'i Mania,Professionnel et technique,TEV,Agricole,8.59,9.1,10.1,8.7,10.7,7.5,6.5,8.4,8.1,8.2,7.3,9.3,9.2,Arts; Francais; Physique_Chimie,sens de l'observation; formulation pharmaceutique; sens de l'organisation; phytochimie,Santé; Réseaux sociaux,a participé à un club de sciences naturelles ou d'écologie; participe à des activités associatives ou de bénévolat,Responsable de production pharmaceutique; avoir un poste à responsabilités,Terrain/Extérieur,Biotechnologie et Agronomie,PIP,Pharmacologie et Industries Pharmaceutiques,False,
P00537,17,F,Boeny,Général,L,,12.26,10.9,14.0,10.3,13.1,12.3,13.3,15.9,14.1,9.9,13.8,8.9,10.6,EPS; Philosophie; Physique_Chimie,rédaction d'actes juridiques; curiosité; rigueur; créativité; autonomie; droit des contrats et des sociétés,Économie; Entrepreneuriat,gère les comptes d'une association d'élèves,Responsable des ressources humaines (volet juridique); contribuer au développement de Madagascar,Bureau/Numérique,Droit et Techniques des Affaires,DTJA,Droit et Techniques Juridiques des Affaires,False,
P00538,20,M,Itasy,Professionnel et technique,TPFM,Industriel,13.9,12.3,11.9,15.1,15.9,10.9,14.5,11.6,16.0,13.5,15.7,16.9,12.5,Arts; Francais; Informatique; Philosophie,créativité; développement web et mobile multimédia; sens de l'organisation; design UI/UX,Réseaux sociaux et numérique; Technologie,a suivi un tutoriel en ligne de programmation et créé un petit site web personnel; a monté et dépanné des ordinateurs pour son entourage,Webmaster,Bureau/Numérique,Informatique et Télécommunications,IMTICIA,"Informatique Multimédia, Technologie de l'Information et de la Communication et Intelligence Artificielle",False,
P00539,19,F,Alaotra-Mangoro,Professionnel et technique,TAMB,Industriel,11.72,15.2,12.0,12.3,10.5,10.9,11.1,10.6,10.9,12.5,11.3,12.6,10.7,Arts; Economie; Mathematiques,électronique de puissance; persévérance; maintenance industrielle pluridisciplinaire; sens de l'organisation; esprit d'équipe; sens de l'observation,Mécanique; Sport,aide régulièrement à l'entretien de véhicules en famille; a participé à un club de robotique ou de modélisme; a occupé un petit job ou une activité rémunérée pendant les vacances,Ingénieur en électrotechnique; Responsable de production en usine,Terrain/Extérieur,Génie Industriel,EMII,Électromécanique et Informatique Industrielle,False,
P00540,19,F,Atsimo-Atsinanana,Professionnel et technique,TMA,Industriel,15.14,18.3,12.9,13.9,15.0,13.6,13.3,16.0,14.8,16.8,16.5,15.7,14.9,Economie; Informatique; Mathematiques,"administration de bases de données; sens de l'observation; programmation multi-langages (Java, C#, PHP, JavaScript); rigueur",Programmation; Réseaux sociaux,a monté et dépanné des ordinateurs pour son entourage,Statisticien financier; créer sa propre entreprise,Bureau/Numérique,Informatique et Télécommunications,ISAIA,"Informatique, Statistique Appliquée et Intelligence Artificielle",True,IGGLIA
P00541,17,F,Atsinanana,Général,S,,13.98,11.9,14.0,14.2,14.1,14.3,13.6,13.7,13.3,14.8,14.1,14.3,15.5,EPS; Economie; Malgache,créativité; persévérance; gestion de laboratoire d'analyses médicales; normes HACCP et microbiologie; autonomie,Animaux; Agriculture; Réseaux sociaux,a participé à un club de sciences naturelles ou d'écologie,Chargé de R&D alimentaire; Ingénieur de production en industrie agroalimentaire,Terrain/Extérieur,Biotechnologie et Agronomie,IAA,Industries Agroalimentaires,True,PIP
P00542,17,M,Androy,Professionnel et technique,DAMB,Industriel,11.26,12.1,14.5,11.5,12.3,8.7,10.8,12.8,11.7,9.1,10.2,11.2,10.2,Francais; Histoire_Geo; Mathematiques; Philosophie; Physique_Chimie,sens de l'organisation; gestion de production industrielle; esprit d'équipe; curiosité,Bricolage; Réseaux sociaux,a démonté et réparé des appareils électroménagers ou mécaniques par curiosité; participe à des activités associatives ou de bénévolat,Concepteur de systèmes IoT industriels; Ingénieur en maintenance industrielle,Atelier/Industriel,Génie Industriel,EMII,Électromécanique et Informatique Industrielle,False,
P00543,19,M,Fitovinany,Technologique,TGC,Génie civil,11.82,13.2,11.1,10.3,12.1,11.2,13.3,11.8,12.0,10.4,15.1,12.6,8.8,Anglais; Informatique; Mathematiques,curiosité; conception architecturale (AutoCAD/ArchiCAD); calcul de structures (RDM); rigueur; persévérance,Urbanisme; Sport,aime dessiner des plans de maisons ou des croquis d'aménagement; a visité un chantier de construction dans le cadre d'un stage d'observation; pratique un sport en club depuis plusieurs années,Conducteur de travaux; Ingénieur en génie civil,Chantier/BTP,Génie Civil et Architecture,GCA,Génie Civil et Architecture,False,
P00544,18,M,Betsiboka,Professionnel et technique,TFFI,Industriel,10.52,13.8,11.5,9.6,9.4,8.2,8.9,10.5,10.7,11.1,14.0,8.4,10.1,Economie; Informatique; Mathematiques; Physique_Chimie,sens de l'observation; sens de l'organisation; développement full-stack; administration de bases de données,Jeux vidéo; Réseaux sociaux et numérique; Sport,a monté et dépanné des ordinateurs pour son entourage; a occupé un petit job ou une activité rémunérée pendant les vacances,Développeur Full-Stack (Web & Mobile); travailler à l'international,Bureau/Numérique,Informatique et Télécommunications,IGGLIA,"Informatique de Gestion, Génie Logiciel et Intelligence Artificielle",False,
P00545,18,F,Sofia,Technologique,TGI,Industriel,11.88,15.9,7.8,11.4,10.3,10.5,11.5,12.2,10.7,12.4,12.4,12.1,15.4,EPS; Economie; Informatique; Mathematiques,business intelligence; aisance relationnelle; autonomie; analyse statistique et probabilités appliquées,Technologie; Musique,a créé un compte de jeu vidéo compétitif et anime une petite communauté en ligne; a suivi un tutoriel en ligne de programmation et créé un petit site web personnel,Statisticien financier; contribuer au développement de Madagascar,Bureau/Numérique,Informatique et Télécommunications,ISAIA,"Informatique, Statistique Appliquée et Intelligence Artificielle",False,
P00546,17,M,Atsimo-Atsinanana,Professionnel et technique,SS,Tertiaire,14.83,14.7,14.2,10.7,16.8,15.4,17.7,15.2,12.2,15.2,13.2,15.8,16.9,Anglais; EPS; Francais,créativité; conception de produits touristiques; esprit d'analyse,Hôtellerie; Langues étrangères; Musique,aime cuisiner et découvrir des plats d'autres cultures; a occupé un petit job ou une activité rémunérée pendant les vacances,Directeur d'établissement hôtelier,Mixte/Itinérant,Tourisme,TEH,"Tourisme, Environnement et Hôtellerie",False,
P00547,19,M,Sofia,Général,D,,11.53,14.4,11.3,11.0,13.2,11.2,9.9,9.6,10.1,13.5,11.6,12.8,9.8,Economie; Francais; Informatique; Mathematiques,aisance relationnelle; business intelligence; créativité; machine learning et deep learning; analyse statistique et probabilités appliquées; esprit d'analyse,Réseaux sociaux et numérique; Technologie; Bénévolat associatif,a créé un compte de jeu vidéo compétitif et anime une petite communauté en ligne; a monté et dépanné des ordinateurs pour son entourage; pratique un sport en club depuis plusieurs années,Data Scientist; Responsable Business Intelligence,Bureau/Numérique,Informatique et Télécommunications,ISAIA,"Informatique, Statistique Appliquée et Intelligence Artificielle",False,
P00548,18,F,Fitovinany,Professionnel et technique,TMF,Industriel,9.38,10.7,7.6,10.3,9.5,7.3,10.5,9.6,9.1,5.6,12.3,11.0,9.1,Anglais; Arts; Informatique; Mathematiques; SVT,rigueur; communication digitale et PAO; autonomie; persévérance; esprit d'analyse; production et montage audiovisuel; design UI/UX,Programmation,a créé un compte de jeu vidéo compétitif et anime une petite communauté en ligne; a suivi un tutoriel en ligne de programmation et créé un petit site web personnel; pratique un sport en club depuis plusieurs années,Webmaster,Bureau/Numérique,Informatique et Télécommunications,IMTICIA,"Informatique Multimédia, Technologie de l'Information et de la Communication et Intelligence Artificielle",False,
P00549,19,F,Sava,Général,A2,,14.11,16.0,12.7,13.8,12.3,13.8,14.4,13.6,13.7,14.7,13.8,14.2,16.3,Anglais; Arts; EPS; Economie; Mathematiques,développement rural; productions végétales et animales; sens de l'observation; agroécologie et agriculture biologique; esprit d'analyse,Environnement; Agriculture; Bénévolat associatif,a participé à un club de sciences naturelles ou d'écologie; aide régulièrement dans l'exploitation agricole familiale,Consultant en agroécologie,Terrain/Extérieur,Biotechnologie et Agronomie,AEE,Agriculture et Élevage,False,
P00550,19,F,Androy,Général,D,,13.31,12.5,13.9,16.8,12.3,11.6,15.1,15.2,9.6,13.9,13.5,11.7,13.6,Anglais; Histoire_Geo; Physique_Chimie; SVT,développement rural; aisance relationnelle; productions végétales et animales; persévérance; curiosité,Environnement; Santé; Musique,a réalisé un exposé scolaire sur la santé ou la biologie,Consultant en agroécologie; Responsable de projet développement rural,Laboratoire/Recherche,Biotechnologie et Agronomie,AEE,Agriculture et Élevage,False,
P00551,18,M,Fitovinany,Général,S,,14.28,15.5,19.6,13.8,11.5,16.4,14.6,13.4,12.6,11.4,15.3,11.6,15.7,EPS; Malgache; Physique_Chimie,"persévérance; esprit d'analyse; gestion de production industrielle; électronique de puissance; automatismes (Grafcet, automates); autonomie",Bricolage; Musique,aide régulièrement à l'entretien de véhicules en famille; a participé à un club de robotique ou de modélisme,Responsable de production en usine,Atelier/Industriel,Génie Industriel,EMII,Électromécanique et Informatique Industrielle,False,
P00552,18,F,Ihorombe,Général,L,,9.51,9.2,11.4,8.7,11.4,8.3,9.5,9.2,7.8,14.7,10.2,7.7,6.0,Anglais; Economie; Francais; Informatique; Physique_Chimie,pilotage et planification de projets; aisance relationnelle; sens de l'observation; sens de l'organisation; autonomie,Débat et droit; Musique,s'intéresse à l'actualité économique et suit des chaînes d'information; pratique un sport en club depuis plusieurs années,Analyste économique,Bureau/Numérique,Droit et Techniques des Affaires,EMP,Économie et Management de Projet,False,
P00553,18,M,Itasy,Professionnel et technique,TMF,Industriel,14.69,12.3,12.9,17.0,15.7,15.8,14.2,10.8,15.1,18.3,14.5,16.6,13.1,Arts; Economie; Francais; Malgache; SVT,notions d'intelligence artificielle; rigueur; curiosité,Programmation; Jeux vidéo; Lecture,a monté et dépanné des ordinateurs pour son entourage; a créé un compte de jeu vidéo compétitif et anime une petite communauté en ligne,Ingénieur en génie logiciel,Bureau/Numérique,Informatique et Télécommunications,IGGLIA,"Informatique de Gestion, Génie Logiciel et Intelligence Artificielle",False,
P00554,17,F,Atsimo-Andrefana,Professionnel et technique,MEMA,Industriel,11.19,16.7,7.9,7.8,11.7,12.8,9.2,12.6,11.3,11.6,12.4,7.9,12.4,EPS; Histoire_Geo; Informatique; Malgache; Mathematiques,rigueur; autonomie; sens de l'observation; sens de l'organisation; analyse statistique et probabilités appliquées; machine learning et deep learning; business intelligence,Technologie; Jeux vidéo,a suivi un tutoriel en ligne de programmation et créé un petit site web personnel; a occupé un petit job ou une activité rémunérée pendant les vacances,Statisticien financier; travailler à l'international,Bureau/Numérique,Informatique et Télécommunications,ISAIA,"Informatique, Statistique Appliquée et Intelligence Artificielle",False,
P00555,18,M,Fitovinany,Professionnel et technique,TEV,Agricole,7.97,9.7,6.5,8.8,4.9,7.9,7.3,7.6,9.7,7.2,8.6,9.1,8.3,Arts; Mathematiques; Philosophie,rigueur; persévérance; curiosité; sens de l'organisation; phytochimie,Environnement; Agriculture,s'occupe d'un petit élevage ou d'un jardin potager; pratique un sport en club depuis plusieurs années,Ingénieur de production en industrie agroalimentaire; Chargé de R&D alimentaire,Terrain/Extérieur,Biotechnologie et Agronomie,IAA,Industries Agroalimentaires,True,PIP
P00556,20,M,Vatovavy,Général,S,,11.74,12.3,11.6,9.9,14.1,9.9,11.7,15.2,9.7,9.2,13.1,14.1,10.1,Francais; Histoire_Geo; Philosophie,"programmation multi-langages (Java, C#, PHP, JavaScript); sens de l'organisation; production et montage audiovisuel; aisance relationnelle",Réseaux sociaux et numérique; Jeux vidéo; Musique,a participé à un club informatique ou de robotique au lycée,Webmaster; Directeur artistique numérique / Motion Designer,Bureau/Numérique,Informatique et Télécommunications,IMTICIA,"Informatique Multimédia, Technologie de l'Information et de la Communication et Intelligence Artificielle",True,IGGLIA
P00557,18,F,Menabe,Professionnel et technique,TAMB,Industriel,9.66,8.0,8.8,9.4,8.1,10.6,11.0,9.3,9.8,7.8,11.6,12.5,9.0,Anglais; Arts; Informatique; Malgache; Philosophie,créativité; production et montage audiovisuel; esprit d'équipe; sens de l'organisation; esprit d'analyse,Réseaux sociaux et numérique; Lecture,a créé un compte de jeu vidéo compétitif et anime une petite communauté en ligne,Webmaster; Développeur multimédia,Bureau/Numérique,Informatique et Télécommunications,IMTICIA,"Informatique Multimédia, Technologie de l'Information et de la Communication et Intelligence Artificielle",False,
P00558,20,M,Analanjirofo,Professionnel et technique,TMA,Industriel,15.53,15.9,15.3,15.6,14.5,14.8,16.3,15.6,17.3,17.4,15.9,12.3,15.4,Anglais; Economie; Informatique; Mathematiques; Philosophie,"gestion de projets informatiques; notions d'intelligence artificielle; conception logicielle (UML, Merise); curiosité; aisance relationnelle",Programmation; Réseaux sociaux et numérique; Réseaux sociaux,a participé à un club informatique ou de robotique au lycée; a suivi un tutoriel en ligne de programmation et créé un petit site web personnel; participe à des activités associatives ou de bénévolat,Ingénieur en génie logiciel,Bureau/Numérique,Informatique et Télécommunications,IGGLIA,"Informatique de Gestion, Génie Logiciel et Intelligence Artificielle",False,
P00559,17,M,Fitovinany,Professionnel et technique,TAMB,Industriel,18.23,15.5,15.3,18.6,18.6,18.6,18.7,19.2,17.5,17.5,20,20,19.3,Arts; EPS; Histoire_Geo; Informatique,aisance relationnelle; communication digitale et PAO; autonomie,Robotique; Sport,a suivi un tutoriel en ligne de programmation et créé un petit site web personnel; pratique un sport en club depuis plusieurs années,Développeur multimédia; Directeur artistique numérique / Motion Designer,Bureau/Numérique,Informatique et Télécommunications,IMTICIA,"Informatique Multimédia, Technologie de l'Information et de la Communication et Intelligence Artificielle",False,
P00560,18,F,Betsiboka,Professionnel et technique,TFFI,Industriel,11.44,11.8,11.7,14.9,10.1,13.4,8.6,11.6,12.4,8.8,11.1,9.2,13.7,EPS; Malgache; Mathematiques; Philosophie; SVT,raffinage et pétrochimie; génie des procédés chimiques; curiosité; exploitation minière et géologie; sens de l'organisation,Mécanique,aide régulièrement à l'entretien de véhicules en famille,Responsable HSE; Ingénieur en génie des procédés chimiques; avoir un poste à responsabilités,Atelier/Industriel,Génie Industriel,ICMP,"Industries Chimiques, Minières et Pétrolières",False,
P00561,20,F,Boeny,Professionnel et technique,MEMA,Industriel,15.26,14.7,20,14.7,14.9,14.9,15.7,12.7,14.6,12.6,17.3,15.0,16.0,EPS; Informatique; Physique_Chimie,autonomie; gestion de production industrielle; maintenance industrielle pluridisciplinaire; conception assistée par ordinateur (AutoCAD); esprit d'équipe,Bricolage; Bénévolat associatif,aide régulièrement à l'entretien de véhicules en famille,Ingénieur en maintenance industrielle; avoir un métier stable,Atelier/Industriel,Génie Industriel,EMII,Électromécanique et Informatique Industrielle,False,
P00562,19,F,Boeny,Technologique,TGI,Industriel,11.78,13.1,11.4,10.3,11.4,11.6,9.3,12.0,14.6,16.9,11.8,9.8,9.2,Economie; Histoire_Geo; Informatique; Mathematiques; Philosophie,pilotage et planification de projets; analyse économique et économétrie; aisance relationnelle; rigueur; créativité; sens de l'observation; gestion financière prévisionnelle,Débat et droit; Réseaux sociaux,a organisé une petite activité commerciale ou un projet associatif; pratique un sport en club depuis plusieurs années,Planificateur stratégique; Chef de projet; avoir un poste à responsabilités,Contact clientèle/Relationnel,Droit et Techniques des Affaires,EMP,Économie et Management de Projet,False,
P00563,20,M,Atsimo-Andrefana,Professionnel et technique,TMF,Industriel,13.04,12.1,14.3,9.6,12.8,16.6,12.4,11.5,14.2,15.7,14.1,11.2,12.0,Economie; Informatique; Malgache; Philosophie; Physique_Chimie,fiscalité d'entreprise; gestion de trésorerie; sens de l'organisation; comptabilité générale et analytique; autonomie; persévérance; sens de l'observation,Économie; Gestion; Bénévolat associatif,s'intéresse à l'actualité économique et suit des chaînes d'information; gère les comptes d'une association d'élèves,Contrôleur de gestion; Trésorier d'entreprise,Bureau/Numérique,Droit et Techniques des Affaires,FIC,Finances et Comptabilité,False,
P00564,18,F,Haute Matsiatra,Professionnel et technique,MEMA,Industriel,11.2,11.3,11.8,8.1,12.3,11.1,13.0,11.0,9.7,15.6,9.1,9.8,11.6,Anglais; Economie; Francais; Physique_Chimie,curiosité; stratégie marketing et commerciale; persévérance; autonomie; négociation et vente internationale; gestion d'entreprise,Actualité et politique; Entrepreneuriat,a participé à un club de débat ou un simulacre de procès au lycée; a occupé un petit job ou une activité rémunérée pendant les vacances,Responsable export; Manager de PME/PMI; travailler à l'international,Contact clientèle/Relationnel,Droit et Techniques des Affaires,CAA,Commerce et Administration des Affaires,False,
P00565,18,M,Diana,Général,D,,10.0,13.1,12.6,11.3,11.4,10.3,10.0,8.9,6.3,10.4,9.5,7.9,8.3,Francais; Mathematiques; Physique_Chimie; SVT,biochimie et R&D; sens de l'observation; autonomie; rigueur; génie des procédés chimiques; curiosité; sécurité alimentaire,Automobile et aéronautique; Électronique; Bénévolat associatif,aide régulièrement dans l'exploitation agricole familiale; s'occupe d'un petit élevage ou d'un jardin potager; pratique un sport en club depuis plusieurs années,Ingénieur minier,Atelier/Industriel,Génie Industriel,ICMP,"Industries Chimiques, Minières et Pétrolières",True,IAA
P00566,18,F,Haute Matsiatra,Général,S,,10.53,10.7,10.7,8.2,11.0,12.3,11.4,7.5,9.4,9.3,12.3,8.3,15.2,Anglais; Arts; Francais; Informatique; Malgache,robotique et domotique; esprit d'équipe; rigueur; systèmes embarqués et IoT; traitement du signal et automatique,Programmation,a participé à un club informatique ou de robotique au lycée; a créé un compte de jeu vidéo compétitif et anime une petite communauté en ligne,Expert en systèmes embarqués et IoT; Spécialiste en maintenance de systèmes informatisés,Mixte/Itinérant,Informatique et Télécommunications,ESIIA,"Électronique, Systèmes Informatiques et Intelligence Artificielle",False,
P00567,18,M,Vakinankaratra,Professionnel et technique,TMEL,Industriel,10.36,13.3,8.6,7.0,11.7,8.3,15.2,8.3,8.5,14.7,9.9,7.8,11.0,Anglais; Economie; Francais; Mathematiques,autonomie; analyse financière et gestion budgétaire; gestion d'entreprise; curiosité; sens de l'observation,Gestion; Entrepreneuriat,gère les comptes d'une association d'élèves,Manager de PME/PMI; Gestionnaire administratif et financier,Contact clientèle/Relationnel,Droit et Techniques des Affaires,CAA,Commerce et Administration des Affaires,False,
P00568,18,M,Betsiboka,Professionnel et technique,TPFM,Industriel,12.95,11.0,12.0,14.3,13.5,10.7,13.5,8.7,12.7,13.1,14.4,16.8,14.7,Arts; EPS; Informatique,aisance relationnelle; rigueur; développement web et mobile multimédia; communication digitale et PAO; curiosité; design UI/UX; persévérance,Réseaux sociaux et numérique; Bénévolat associatif,a suivi un tutoriel en ligne de programmation et créé un petit site web personnel; pratique un sport en club depuis plusieurs années,Webmaster; Spécialiste en communication digitale / Community Manager,Mixte/Itinérant,Informatique et Télécommunications,IMTICIA,"Informatique Multimédia, Technologie de l'Information et de la Communication et Intelligence Artificielle",False,
P00569,17,M,Amoron'i Mania,Professionnel et technique,EN,Industriel,11.77,10.9,13.3,9.5,10.9,13.8,10.0,12.9,10.7,10.2,15.7,10.9,12.4,EPS; Histoire_Geo; Malgache; Physique_Chimie,"créativité; autonomie; sens de l'observation; esprit d'analyse; conception logicielle (UML, Merise); développement full-stack",Jeux vidéo,a participé à un club informatique ou de robotique au lycée; a suivi un tutoriel en ligne de programmation et créé un petit site web personnel,Ingénieur en génie logiciel; travailler à l'international,Mixte/Itinérant,Informatique et Télécommunications,IGGLIA,"Informatique de Gestion, Génie Logiciel et Intelligence Artificielle",False,
P00570,18,M,Bongolava,Professionnel et technique,TMEL,Industriel,13.98,14.5,16.9,13.8,12.7,11.4,14.4,15.7,11.9,12.2,19.4,11.7,13.2,Histoire_Geo; Informatique; Mathematiques; Physique_Chimie,sens de l'observation; autonomie; administration de bases de données; rigueur; curiosité,Robotique; Réseaux sociaux et numérique,a participé à un club informatique ou de robotique au lycée; a monté et dépanné des ordinateurs pour son entourage; pratique un sport en club depuis plusieurs années,Architecte logiciel; Administrateur de bases de données; avoir un métier stable,Bureau/Numérique,Informatique et Télécommunications,IGGLIA,"Informatique de Gestion, Génie Logiciel et Intelligence Artificielle",False,
P00571,19,F,Melaky,Professionnel et technique,CCBTP,Génie civil / BTP,15.24,19.3,18.9,12.8,15.4,13.4,12.6,15.8,15.3,14.0,11.9,18.1,15.4,Arts; Francais; Histoire_Geo; Mathematiques; Physique_Chimie,curiosité; sens de l'observation; rigueur; conception architecturale (AutoCAD/ArchiCAD); persévérance,Construction,a visité un chantier de construction dans le cadre d'un stage d'observation,Urbaniste,Chantier/BTP,Génie Civil et Architecture,GCA,Génie Civil et Architecture,False,
P00572,17,M,Melaky,Technologique,TGI,Industriel,13.54,16.2,15.7,14.0,13.0,12.3,11.2,11.3,14.2,14.1,14.9,13.4,12.2,Informatique; Mathematiques; Philosophie; Physique_Chimie,conception assistée par ordinateur (AutoCAD); rigueur; persévérance; esprit d'analyse; esprit d'équipe,Mécanique; Électronique; Musique,aide régulièrement à l'entretien de véhicules en famille; participe à des activités associatives ou de bénévolat,Responsable de production en usine; Ingénieur en automatisation et robotique industrielle,Bureau/Numérique,Génie Industriel,EMII,Électromécanique et Informatique Industrielle,True,ESIIA
P00573,20,M,Analanjirofo,Général,S,,13.89,16.3,13.9,16.3,10.8,12.8,12.4,12.2,14.2,12.1,17.7,12.8,15.2,EPS; Informatique; Mathematiques; Philosophie; SVT,"gestion de projets informatiques; conception logicielle (UML, Merise); persévérance; autonomie",Robotique; Technologie,a participé à un club informatique ou de robotique au lycée,Architecte logiciel; Consultant en systèmes d'information et IA,Mixte/Itinérant,Informatique et Télécommunications,IGGLIA,"Informatique de Gestion, Génie Logiciel et Intelligence Artificielle",False,
P00574,20,M,Alaotra-Mangoro,Général,S,,12.47,14.5,12.6,11.3,11.6,11.6,11.9,11.7,13.1,9.7,16.8,12.5,12.4,Informatique; Mathematiques; Philosophie; Physique_Chimie,"notions d'intelligence artificielle; aisance relationnelle; programmation multi-langages (Java, C#, PHP, JavaScript); créativité; rigueur; autonomie",Technologie; Bénévolat associatif,a créé un compte de jeu vidéo compétitif et anime une petite communauté en ligne,Architecte logiciel,Bureau/Numérique,Informatique et Télécommunications,IGGLIA,"Informatique de Gestion, Génie Logiciel et Intelligence Artificielle",False,
P00575,18,F,Haute Matsiatra,Professionnel et technique,TMA,Industriel,11.33,13.1,10.7,10.2,12.4,10.3,15.3,10.8,11.0,13.5,10.0,9.2,9.5,Anglais; Economie; Francais; Mathematiques; Philosophie,esprit d'analyse; stratégie marketing et commerciale; sens de l'organisation,Économie,a organisé une petite activité commerciale ou un projet associatif; s'intéresse à l'actualité économique et suit des chaînes d'information; participe à des activités associatives ou de bénévolat,Responsable Marketing,Bureau/Numérique,Droit et Techniques des Affaires,CAA,Commerce et Administration des Affaires,False,
P00576,17,M,Atsimo-Atsinanana,Technologique,TGI,Industriel,14.04,15.8,18.2,12.8,13.5,13.4,10.7,12.9,12.2,13.4,14.7,14.3,16.6,Arts; EPS; Informatique; Mathematiques; Physique_Chimie,créativité; sens de l'observation; gestion de production industrielle; sens de l'organisation; esprit d'équipe,Mécanique; Lecture,a suivi un tutoriel en ligne de programmation et créé un petit site web personnel,Ingénieur en télécommunications; créer sa propre entreprise,Mixte/Itinérant,Informatique et Télécommunications,ESIIA,"Électronique, Systèmes Informatiques et Intelligence Artificielle",True,EMII
P00577,20,F,Sofia,Professionnel et technique,TMF,Industriel,13.33,11.3,13.1,13.9,14.8,14.3,14.4,16.1,15.5,10.3,12.8,11.2,12.3,Anglais; Francais; Histoire_Geo; Philosophie,comptabilité générale et analytique; esprit d'équipe; rédaction d'actes juridiques; curiosité,Débat et droit; Économie,a participé à un club de débat ou un simulacre de procès au lycée; s'intéresse à l'actualité économique et suit des chaînes d'information; participe à des activités associatives ou de bénévolat,Juriste d'affaires; Responsable des ressources humaines (volet juridique),Contact clientèle/Relationnel,Droit et Techniques des Affaires,DTJA,Droit et Techniques Juridiques des Affaires,True,FIC
P00578,19,M,Analamanga,Professionnel et technique,TEV,Agricole,14.24,14.8,13.6,13.6,16.1,11.6,15.6,14.2,13.6,14.3,13.4,14.9,15.2,Anglais; Arts; EPS; Francais,connaissance du patrimoine environnemental et culturel malgache; sens de l'organisation; créativité; curiosité; sensibilisation au tourisme durable,Gastronomie; Sport,pratique l'anglais ou une autre langue étrangère en autodidacte; a effectué un stage d'observation dans un hôtel ou une agence de voyage,Professionnel du secteur du tourisme; Chargé de valorisation touristique et environnementale,Contact clientèle/Relationnel,Tourisme,TEE,Tourisme et Environnement,False,
P00579,17,F,Atsinanana,Général,D,,12.95,17.0,14.7,17.1,12.7,14.0,10.8,12.2,10.0,10.9,13.6,12.2,10.2,Arts; Malgache; Mathematiques; Physique_Chimie; SVT,aisance relationnelle; gestion de laboratoire d'analyses médicales; autonomie; sens de l'observation; créativité,Animaux,a réalisé un exposé scolaire sur la santé ou la biologie; s'occupe d'un petit élevage ou d'un jardin potager; pratique un sport en club depuis plusieurs années,Ingénieur de laboratoire médical; créer sa propre entreprise,Terrain/Extérieur,Biotechnologie et Agronomie,PIP,Pharmacologie et Industries Pharmaceutiques,False,
P00580,20,M,Sava,Professionnel et technique,TMA,Industriel,11.05,11.2,14.3,11.1,11.1,11.0,10.8,9.5,8.0,12.5,12.7,11.4,9.0,Arts; Economie; Informatique; Physique_Chimie,maintenance hardware et microcontrôleurs; curiosité; aisance relationnelle; esprit d'analyse; rigueur; robotique et domotique; traitement du signal et automatique,Robotique; Programmation; Sport,a suivi un tutoriel en ligne de programmation et créé un petit site web personnel; participe à des activités associatives ou de bénévolat,Spécialiste en robotique et domotique,Mixte/Itinérant,Informatique et Télécommunications,ESIIA,"Électronique, Systèmes Informatiques et Intelligence Artificielle",False,
P00581,17,F,Sava,Professionnel et technique,TMEL,Industriel,8.62,9.9,9.2,9.8,11.1,7.6,7.5,8.7,9.4,7.2,7.2,9.0,6.9,Francais; Mathematiques; SVT,"automatismes (Grafcet, automates); curiosité; rigueur; esprit d'analyse; conception assistée par ordinateur (AutoCAD); autonomie; maintenance industrielle pluridisciplinaire",Électronique; Bricolage,a démonté et réparé des appareils électroménagers ou mécaniques par curiosité; a occupé un petit job ou une activité rémunérée pendant les vacances,Ingénieur en automatisation et robotique industrielle,Atelier/Industriel,Génie Industriel,EMII,Électromécanique et Informatique Industrielle,False,
P00582,19,M,Atsimo-Atsinanana,Technologique,TGI,Industriel,13.17,15.7,14.1,13.5,11.7,12.3,12.4,11.8,12.9,11.9,17.7,11.4,12.6,Informatique; Mathematiques; Philosophie; Physique_Chimie; SVT,"sens de l'observation; esprit d'analyse; programmation multi-langages (Java, C#, PHP, JavaScript); créativité; développement full-stack; conception logicielle (UML, Merise)",Technologie; Jeux vidéo; Sport,a créé un compte de jeu vidéo compétitif et anime une petite communauté en ligne; a participé à un club informatique ou de robotique au lycée,Expert en transformation digitale,Bureau/Numérique,Informatique et Télécommunications,IGGLIA,"Informatique de Gestion, Génie Logiciel et Intelligence Artificielle",False,
P00583,20,M,Melaky,Professionnel et technique,ACTC,Tertiaire,10.61,9.4,9.8,10.3,10.7,13.6,10.5,9.0,10.6,11.4,8.8,12.5,10.7,Arts; EPS; Economie; Francais; Malgache,sens de l'observation; aisance relationnelle; autonomie; gestion financière prévisionnelle; pilotage et planification de projets; analyse économique et économétrie; esprit d'équipe,Débat et droit; Entrepreneuriat; Sport,s'intéresse à l'actualité économique et suit des chaînes d'information; gère les comptes d'une association d'élèves; pratique un sport en club depuis plusieurs années,Planificateur stratégique,Contact clientèle/Relationnel,Droit et Techniques des Affaires,EMP,Économie et Management de Projet,False,
P00584,18,F,Haute Matsiatra,Professionnel et technique,PCBTP,Génie civil / BTP,10.99,10.3,11.5,11.3,11.6,12.5,10.7,10.1,9.6,11.0,7.7,13.1,12.5,Arts; EPS; Francais; Malgache; Physique_Chimie,aisance relationnelle; rigueur; sens de l'observation; calcul de structures (RDM),Dessin et design; Architecture; Réseaux sociaux,a réalisé des maquettes ou des plans de construction pour un projet scolaire; a visité un chantier de construction dans le cadre d'un stage d'observation; participe à des activités associatives ou de bénévolat,Conducteur de travaux; avoir un poste à responsabilités,Chantier/BTP,Génie Civil et Architecture,GCA,Génie Civil et Architecture,False,
P00585,20,F,Boeny,Général,D,,14.47,18.2,14.8,13.8,15.5,13.8,13.7,16.0,13.4,13.7,13.0,16.0,11.7,Arts; Francais; Histoire_Geo; Mathematiques,autonomie; rigueur; gestion de chantier; esprit d'analyse,Architecture; Lecture,a réalisé des maquettes ou des plans de construction pour un projet scolaire; a visité un chantier de construction dans le cadre d'un stage d'observation; pratique un sport en club depuis plusieurs années,Urbaniste,Chantier/BTP,Génie Civil et Architecture,GCA,Génie Civil et Architecture,False,
P00586,18,M,Androy,Général,C,,10.76,11.6,12.2,9.7,10.3,10.1,10.6,10.7,13.6,9.4,9.4,12.8,8.7,Arts; Mathematiques; Philosophie; Physique_Chimie,curiosité; gestion de chantier; persévérance,Dessin et design; Musique,a visité un chantier de construction dans le cadre d'un stage d'observation; a réalisé des maquettes ou des plans de construction pour un projet scolaire,Architecte junior; Urbaniste,Bureau d'études,Génie Civil et Architecture,GCA,Génie Civil et Architecture,False,
P00587,19,F,Menabe,Général,C,,11.51,9.5,11.5,13.8,10.9,12.4,11.1,12.3,14.6,11.0,9.9,10.8,10.3,Histoire_Geo; Malgache; Philosophie; Physique_Chimie; SVT,curiosité; agroécologie et agriculture biologique; zootechnie et pisciculture; développement rural; rigueur; créativité,Environnement; Nature,s'occupe d'un petit élevage ou d'un jardin potager; aide régulièrement dans l'exploitation agricole familiale; participe à des activités associatives ou de bénévolat,Responsable de production animale,Laboratoire/Recherche,Biotechnologie et Agronomie,AEE,Agriculture et Élevage,False,
P00588,19,M,Alaotra-Mangoro,Professionnel et technique,TMEL,Industriel,12.38,14.6,14.8,12.9,11.6,11.7,13.1,11.6,9.8,11.0,14.4,10.4,12.6,Anglais; Informatique; Mathematiques; Physique_Chimie,"conception logicielle (UML, Merise); autonomie; notions d'intelligence artificielle; rigueur; persévérance",Jeux vidéo,a créé un compte de jeu vidéo compétitif et anime une petite communauté en ligne; a suivi un tutoriel en ligne de programmation et créé un petit site web personnel; participe à des activités associatives ou de bénévolat,Administrateur de bases de données; Expert en transformation digitale,Bureau/Numérique,Informatique et Télécommunications,IGGLIA,"Informatique de Gestion, Génie Logiciel et Intelligence Artificielle",False,
P00589,19,F,Vakinankaratra,Professionnel et technique,CCBTP,Génie civil / BTP,11.52,10.4,10.1,9.7,14.5,9.2,13.4,12.9,12.1,14.5,14.0,7.9,9.5,Anglais; Economie; Francais; Informatique,gestion d'entreprise; rigueur; esprit d'analyse; management stratégique; sens de l'observation,Débat et droit,gère les comptes d'une association d'élèves,Responsable commercial,Bureau/Numérique,Droit et Techniques des Affaires,CAA,Commerce et Administration des Affaires,True,EMP
P00590,19,F,Haute Matsiatra,Professionnel et technique,TMEL,Industriel,10.97,12.8,16.0,10.2,9.0,10.6,8.2,11.6,9.8,11.3,11.7,8.5,12.0,EPS; Histoire_Geo; Informatique; Mathematiques; Physique_Chimie,"conception assistée par ordinateur (AutoCAD); automatismes (Grafcet, automates); aisance relationnelle; créativité; rigueur; électronique de puissance; persévérance",Automobile et aéronautique; Électronique; Réseaux sociaux,a démonté et réparé des appareils électroménagers ou mécaniques par curiosité,Ingénieur en électrotechnique; Ingénieur en automatisation et robotique industrielle,Terrain/Extérieur,Génie Industriel,EMII,Électromécanique et Informatique Industrielle,False,
P00591,17,F,Atsimo-Andrefana,Général,D,,10.27,12.9,13.9,12.2,8.9,10.5,9.5,9.0,8.7,9.1,10.2,8.5,9.8,Mathematiques; Physique_Chimie; SVT,curiosité; créativité; génie des procédés chimiques; esprit d'équipe; exploitation minière et géologie; rigueur; hygiène sécurité environnement (HSE),Industrie; Bricolage,aide régulièrement à l'entretien de véhicules en famille; participe à des activités associatives ou de bénévolat,Ingénieur de laboratoire d'analyses; Ingénieur en génie des procédés chimiques,Terrain/Extérieur,Génie Industriel,ICMP,"Industries Chimiques, Minières et Pétrolières",False,
P00592,19,F,Ihorombe,Professionnel et technique,TEV,Agricole,10.38,8.8,10.3,13.8,11.8,10.2,8.6,9.8,11.2,10.1,11.2,8.7,10.0,Francais; Informatique; Philosophie; Physique_Chimie; SVT,curiosité; formulation pharmaceutique; gestion de laboratoire d'analyses médicales; esprit d'équipe; persévérance,Agriculture; Nature,s'occupe d'un petit élevage ou d'un jardin potager; aide régulièrement dans l'exploitation agricole familiale; participe à des activités associatives ou de bénévolat,Ingénieur de laboratoire médical; Chercheur en phyto-médicaments; avoir un métier stable,Terrain/Extérieur,Biotechnologie et Agronomie,PIP,Pharmacologie et Industries Pharmaceutiques,False,
P00593,18,M,Vakinankaratra,Technologique,TGI,Industriel,12.73,16.2,12.6,12.4,11.8,10.3,12.2,13.6,11.0,17.0,12.1,11.4,12.2,Economie; Histoire_Geo; Mathematiques; Physique_Chimie; SVT,gestion financière prévisionnelle; esprit d'analyse; créativité,Économie,gère les comptes d'une association d'élèves; a occupé un petit job ou une activité rémunérée pendant les vacances,Chef de projet; créer sa propre entreprise,Contact clientèle/Relationnel,Droit et Techniques des Affaires,EMP,Économie et Management de Projet,False,
P00594,19,M,Haute Matsiatra,Professionnel et technique,TAG,Agricole,8.32,8.8,10.6,11.5,6.4,6.1,7.3,10.7,4.2,8.9,8.7,9.6,7.1,Histoire_Geo; Physique_Chimie; SVT,phytochimie; gestion de laboratoire d'analyses médicales; autonomie; sens de l'organisation; curiosité,Animaux; Environnement; Bénévolat associatif,a participé à un club de sciences naturelles ou d'écologie,Ingénieur de laboratoire médical,Terrain/Extérieur,Biotechnologie et Agronomie,PIP,Pharmacologie et Industries Pharmaceutiques,False,
P00595,17,M,Amoron'i Mania,Général,D,,12.94,14.2,14.5,18.7,11.4,11.8,11.2,12.8,13.5,12.4,11.1,12.4,11.3,Economie; Mathematiques; Philosophie; Physique_Chimie,sens de l'observation; raffinage et pétrochimie; esprit d'équipe; persévérance; formulation pharmaceutique,Électronique; Industrie; Lecture,a démonté et réparé des appareils électroménagers ou mécaniques par curiosité; a effectué un stage d'observation dans un atelier ou une usine; pratique un sport en club depuis plusieurs années,Chercheur en phyto-médicaments; travailler à l'international,Laboratoire/Recherche,Biotechnologie et Agronomie,PIP,Pharmacologie et Industries Pharmaceutiques,True,ICMP
P00596,20,M,Analanjirofo,Professionnel et technique,TMEL,Industriel,10.97,12.2,10.7,9.1,13.2,14.7,10.3,10.8,10.7,10.3,8.4,8.3,13.0,Anglais; EPS; Francais,connaissance du patrimoine environnemental et culturel malgache; esprit d'analyse; aisance relationnelle,Langues étrangères,a effectué un stage d'observation dans un hôtel ou une agence de voyage; aime cuisiner et découvrir des plats d'autres cultures,Professionnel du secteur du tourisme; Chargé de valorisation touristique et environnementale,Mixte/Itinérant,Tourisme,TEE,Tourisme et Environnement,False,
P00597,17,M,Ihorombe,Professionnel et technique,TOM,Industriel,15.79,14.2,19.9,14.8,13.1,17.0,14.3,13.5,16.6,18.7,18.4,13.9,15.1,Economie; Informatique; Malgache; Physique_Chimie,"créativité; persévérance; autonomie; administration de réseaux (GSM, TCP/IP); esprit d'analyse",Jeux vidéo,a monté et dépanné des ordinateurs pour son entourage,Expert en systèmes embarqués et IoT; avoir un poste à responsabilités,Bureau/Numérique,Informatique et Télécommunications,ESIIA,"Électronique, Systèmes Informatiques et Intelligence Artificielle",False,
P00598,20,F,Atsimo-Andrefana,Professionnel et technique,DAMB,Industriel,8.82,9.9,10.8,8.0,7.4,5.0,6.1,8.8,9.5,9.8,11.6,6.6,12.3,Anglais; EPS; Informatique,maintenance industrielle pluridisciplinaire; aisance relationnelle; créativité; électronique de puissance,Automobile et aéronautique; Mécanique; Réseaux sociaux,a participé à un club de robotique ou de modélisme,Responsable de production en usine; Concepteur de systèmes IoT industriels,Atelier/Industriel,Génie Industriel,EMII,Électromécanique et Informatique Industrielle,True,ESIIA
P00599,20,M,Vatovavy,Général,C,,9.36,11.5,10.9,12.7,7.6,10.9,8.4,7.5,7.8,8.0,12.2,7.4,7.4,Informatique; Mathematiques; SVT,"conception assistée par ordinateur (AutoCAD); automatismes (Grafcet, automates); curiosité; maintenance industrielle pluridisciplinaire; persévérance",Bricolage,a démonté et réparé des appareils électroménagers ou mécaniques par curiosité; pratique un sport en club depuis plusieurs années,Concepteur de systèmes IoT industriels; Ingénieur en électrotechnique; avoir un métier stable,Terrain/Extérieur,Génie Industriel,EMII,Électromécanique et Informatique Industrielle,False,
P00600,19,F,Androy,Général,A1,,10.58,14.7,12.7,11.4,8.8,9.8,11.0,8.4,10.1,11.8,10.5,9.8,8.0,Anglais; Economie; Mathematiques; Physique_Chimie; SVT,sens de l'organisation; comptabilité générale et analytique; esprit d'équipe; audit financier; fiscalité d'entreprise,Économie,gère les comptes d'une association d'élèves; s'intéresse à l'actualité économique et suit des chaînes d'information; participe à des activités associatives ou de bénévolat,Auditeur financier,Contact clientèle/Relationnel,Droit et Techniques des Affaires,FIC,Finances et Comptabilité,False,
P00601,17,F,Anosy,Professionnel et technique,TMA,Industriel,9.94,12.1,9.8,8.1,12.4,9.2,9.4,9.0,12.3,7.9,10.8,8.8,9.5,Francais; Informatique; Malgache; Philosophie,persévérance; aisance relationnelle; gestion environnementale de sites touristiques; accueil et relation client; rigueur,Gastronomie; Hôtellerie,pratique l'anglais ou une autre langue étrangère en autodidacte; a organisé un voyage ou un événement pour son groupe d'amis; participe à des activités associatives ou de bénévolat,Gestionnaire de sites protégés; Responsable écotourisme,Contact clientèle/Relationnel,Tourisme,TEH,"Tourisme, Environnement et Hôtellerie",True,TEE
P00602,18,F,Analamanga,Général,S,,11.24,12.4,10.2,11.9,11.0,9.9,8.8,8.8,9.1,12.3,14.6,15.4,10.5,Arts; Informatique; Mathematiques,communication digitale et PAO; sens de l'observation; esprit d'équipe,Technologie; Réseaux sociaux et numérique; Sport,a monté et dépanné des ordinateurs pour son entourage; a occupé un petit job ou une activité rémunérée pendant les vacances,Spécialiste en communication digitale / Community Manager; Directeur artistique numérique / Motion Designer,Bureau/Numérique,Informatique et Télécommunications,IMTICIA,"Informatique Multimédia, Technologie de l'Information et de la Communication et Intelligence Artificielle",False,
P00603,20,F,Vakinankaratra,Professionnel et technique,TPFM,Industriel,10.22,11.4,7.8,8.6,9.8,12.7,9.5,7.2,10.1,15.6,8.1,9.2,12.7,EPS; Economie; Malgache,analyse économique et économétrie; pilotage et planification de projets; persévérance; esprit d'équipe; curiosité; rigueur,Débat et droit; Entrepreneuriat; Musique,a participé à un club de débat ou un simulacre de procès au lycée; a organisé une petite activité commerciale ou un projet associatif,Planificateur stratégique,Bureau/Numérique,Droit et Techniques des Affaires,EMP,Économie et Management de Projet,False,
P00604,18,M,Atsinanana,Général,S,,8.38,6.5,8.8,11.1,9.7,7.1,11.5,7.2,9.7,8.0,6.8,7.0,7.2,Anglais; Francais; Philosophie; Physique_Chimie; SVT,agroécologie et agriculture biologique; sécurité alimentaire; créativité; autonomie,Animaux; Lecture,aide régulièrement dans l'exploitation agricole familiale; a réalisé un exposé scolaire sur la santé ou la biologie,Responsable de projet développement rural; Responsable de production animale,Terrain/Extérieur,Biotechnologie et Agronomie,AEE,Agriculture et Élevage,True,IAA
P00605,19,M,Analamanga,Professionnel et technique,TPFM,Industriel,10.64,15.6,10.2,7.0,11.8,12.2,11.1,8.0,9.3,8.7,13.7,9.8,10.3,Francais; Informatique; Malgache; Mathematiques,"conception logicielle (UML, Merise); esprit d'équipe; curiosité; persévérance; administration de bases de données; autonomie",Réseaux sociaux et numérique; Jeux vidéo; Sport,a participé à un club informatique ou de robotique au lycée; a suivi un tutoriel en ligne de programmation et créé un petit site web personnel; a occupé un petit job ou une activité rémunérée pendant les vacances,Chef de projet informatique; Administrateur de bases de données,Bureau/Numérique,Informatique et Télécommunications,IGGLIA,"Informatique de Gestion, Génie Logiciel et Intelligence Artificielle",False,
P00606,17,F,Atsinanana,Général,C,,12.74,12.5,14.7,12.8,11.6,12.4,12.1,11.5,14.2,11.2,12.1,12.8,15.0,EPS; Philosophie; Physique_Chimie,curiosité; développement web et mobile multimédia; autonomie; aisance relationnelle; rigueur,Réseaux sociaux et numérique; Programmation; Bénévolat associatif,a monté et dépanné des ordinateurs pour son entourage; participe à des activités associatives ou de bénévolat,Développeur multimédia; UX/UI Designer; créer sa propre entreprise,Bureau/Numérique,Informatique et Télécommunications,IMTICIA,"Informatique Multimédia, Technologie de l'Information et de la Communication et Intelligence Artificielle",False,
P00607,19,M,Ihorombe,Général,S,,11.98,16.6,14.3,11.0,11.7,11.8,9.4,9.3,9.3,12.6,15.7,9.1,13.0,EPS; Economie; Informatique; Mathematiques; Physique_Chimie,"sens de l'organisation; rigueur; développement full-stack; esprit d'analyse; programmation multi-langages (Java, C#, PHP, JavaScript); autonomie; administration de bases de données",Robotique; Réseaux sociaux et numérique; Sport,a créé un compte de jeu vidéo compétitif et anime une petite communauté en ligne; participe à des activités associatives ou de bénévolat,Chef de projet informatique,Bureau/Numérique,Informatique et Télécommunications,IGGLIA,"Informatique de Gestion, Génie Logiciel et Intelligence Artificielle",False,
P00608,19,M,Analamanga,Professionnel et technique,TMEL,Industriel,12.53,15.5,12.6,12.6,14.2,11.2,14.7,10.9,9.8,15.4,9.2,12.1,12.2,Anglais; Economie; Mathematiques,stratégie marketing et commerciale; esprit d'analyse; aisance relationnelle; persévérance; négociation et vente internationale; analyse financière et gestion budgétaire,Gestion,s'intéresse à l'actualité économique et suit des chaînes d'information; a participé à un club de débat ou un simulacre de procès au lycée; participe à des activités associatives ou de bénévolat,Responsable export; Responsable commercial,Bureau/Numérique,Droit et Techniques des Affaires,CAA,Commerce et Administration des Affaires,False,
P00609,19,F,Itasy,Professionnel et technique,TEV,Agricole,9.72,8.9,10.7,11.2,7.8,13.4,7.8,10.0,7.9,9.4,7.7,10.3,11.6,EPS; Malgache; Physique_Chimie; SVT,sécurité alimentaire; esprit d'équipe; transformation agroalimentaire; aisance relationnelle; normes HACCP et microbiologie; créativité,Nature,s'occupe d'un petit élevage ou d'un jardin potager; aide régulièrement dans l'exploitation agricole familiale,Consultant qualité; Chargé de R&D alimentaire; avoir un métier stable,Terrain/Extérieur,Biotechnologie et Agronomie,IAA,Industries Agroalimentaires,False,
P00610,19,M,Atsimo-Andrefana,Professionnel et technique,TMA,Industriel,10.84,9.7,11.7,11.8,10.2,10.5,11.6,10.0,14.4,9.7,9.6,9.5,11.4,Anglais; EPS; Philosophie; Physique_Chimie; SVT,machine learning et deep learning; aisance relationnelle; sens de l'organisation,Réseaux sociaux et numérique,a créé un compte de jeu vidéo compétitif et anime une petite communauté en ligne; a monté et dépanné des ordinateurs pour son entourage,Ingénieur Machine Learning; Analyste Big Data; contribuer au développement de Madagascar,Bureau/Numérique,Informatique et Télécommunications,ISAIA,"Informatique, Statistique Appliquée et Intelligence Artificielle",False,
P00611,20,F,Atsinanana,Professionnel et technique,TFFI,Industriel,11.97,13.6,11.1,9.7,10.8,12.3,11.6,9.5,13.0,11.4,16.0,11.7,12.9,EPS; Informatique; Malgache; Mathematiques; Philosophie,"gestion de projets informatiques; autonomie; programmation multi-langages (Java, C#, PHP, JavaScript); sens de l'organisation; développement full-stack; aisance relationnelle",Robotique; Réseaux sociaux et numérique,a suivi un tutoriel en ligne de programmation et créé un petit site web personnel; a créé un compte de jeu vidéo compétitif et anime une petite communauté en ligne; pratique un sport en club depuis plusieurs années,Ingénieur en génie logiciel; Expert en transformation digitale; travailler à l'international,Mixte/Itinérant,Informatique et Télécommunications,IGGLIA,"Informatique de Gestion, Génie Logiciel et Intelligence Artificielle",False,
P00612,20,F,Analanjirofo,Général,D,,12.97,14.7,14.2,14.3,12.1,13.0,11.6,14.5,13.1,12.4,11.8,11.4,12.5,Histoire_Geo; Mathematiques; Philosophie; Physique_Chimie; SVT,gestion d'entreprise; aisance relationnelle; analyse financière et gestion budgétaire; créativité; curiosité; négociation et vente internationale,Gestion; Débat et droit; Sport,a participé à un club de débat ou un simulacre de procès au lycée; a organisé une petite activité commerciale ou un projet associatif,Responsable commercial,Bureau/Numérique,Droit et Techniques des Affaires,CAA,Commerce et Administration des Affaires,False,
P00613,20,M,Analamanga,Professionnel et technique,TMF,Industriel,11.72,11.8,11.5,12.0,8.7,12.2,12.7,13.4,12.6,11.4,9.7,12.8,11.9,Anglais; Arts; Histoire_Geo; Malgache; Philosophie,machine learning et deep learning; aisance relationnelle; esprit d'équipe; persévérance; rigueur,Réseaux sociaux et numérique; Jeux vidéo; Sport,a monté et dépanné des ordinateurs pour son entourage; a occupé un petit job ou une activité rémunérée pendant les vacances,Data Analyst; Statisticien financier,Bureau/Numérique,Informatique et Télécommunications,ISAIA,"Informatique, Statistique Appliquée et Intelligence Artificielle",False,
P00614,18,M,Analamanga,Technologique,TGI,Industriel,13.5,11.2,13.7,11.0,16.0,15.9,15.4,12.0,10.4,14.0,12.9,13.6,15.9,EPS; Francais; Malgache,esprit d'équipe; analyse économique et économétrie; management stratégique; aisance relationnelle; gestion financière prévisionnelle; sens de l'observation,Actualité et politique,gère les comptes d'une association d'élèves; a participé à un club de débat ou un simulacre de procès au lycée,Planificateur stratégique; avoir un poste à responsabilités,Contact clientèle/Relationnel,Droit et Techniques des Affaires,EMP,Économie et Management de Projet,False,
P00615,20,F,Atsinanana,Professionnel et technique,DAMB,Industriel,11.47,14.1,11.8,11.6,9.1,10.4,8.9,10.5,11.7,13.9,14.8,9.3,11.5,Economie; Informatique; Mathematiques; Physique_Chimie,"sens de l'observation; sens de l'organisation; conception logicielle (UML, Merise)",Robotique; Sport,a suivi un tutoriel en ligne de programmation et créé un petit site web personnel; pratique un sport en club depuis plusieurs années,Administrateur de bases de données; avoir un métier stable,Mixte/Itinérant,Informatique et Télécommunications,IGGLIA,"Informatique de Gestion, Génie Logiciel et Intelligence Artificielle",False,
P00616,20,M,Vakinankaratra,Général,C,,9.64,8.4,11.4,13.0,8.8,7.1,10.1,5.4,10.6,9.2,10.7,10.3,10.7,EPS; Informatique; Physique_Chimie; SVT,autonomie; esprit d'équipe; sécurité alimentaire,Environnement; Animaux; Lecture,s'occupe d'un petit élevage ou d'un jardin potager,Ingénieur de production en industrie agroalimentaire; créer sa propre entreprise,Terrain/Extérieur,Biotechnologie et Agronomie,IAA,Industries Agroalimentaires,False,
P00617,20,F,Atsimo-Atsinanana,Professionnel et technique,MEMA,Industriel,12.55,13.0,10.8,13.3,14.8,13.6,11.0,11.2,14.7,13.7,8.9,13.6,12.0,EPS; Economie; Malgache; Philosophie,autonomie; gestion des litiges commerciaux; sens de l'organisation; droit foncier et minier; droit des contrats et des sociétés,Gestion; Sport,gère les comptes d'une association d'élèves; a organisé une petite activité commerciale ou un projet associatif; participe à des activités associatives ou de bénévolat,Juriste d'affaires,Contact clientèle/Relationnel,Droit et Techniques des Affaires,DTJA,Droit et Techniques Juridiques des Affaires,False,
P00618,18,F,Bongolava,Professionnel et technique,SS,Tertiaire,9.6,12.3,11.4,9.5,9.6,5.9,7.5,12.3,9.4,10.5,9.7,8.2,8.9,Economie; Histoire_Geo; Malgache; Mathematiques; Physique_Chimie,aisance relationnelle; pilotage et planification de projets; curiosité,Économie; Débat et droit; Lecture,a participé à un club de débat ou un simulacre de procès au lycée; gère les comptes d'une association d'élèves,Chef de projet,Bureau/Numérique,Droit et Techniques des Affaires,EMP,Économie et Management de Projet,False,
P00619,17,M,Fitovinany,Professionnel et technique,TAMB,Industriel,13.43,18.5,13.7,14.8,10.5,15.7,11.5,12.1,9.9,13.3,13.6,15.1,12.4,Arts; Histoire_Geo; Mathematiques,machine learning et deep learning; sens de l'observation; analyse statistique et probabilités appliquées; traitement de données massives (Big Data); esprit d'analyse,Robotique; Jeux vidéo,a participé à un club informatique ou de robotique au lycée; a suivi un tutoriel en ligne de programmation et créé un petit site web personnel; a occupé un petit job ou une activité rémunérée pendant les vacances,Data Scientist; Analyste Big Data,Bureau/Numérique,Informatique et Télécommunications,ISAIA,"Informatique, Statistique Appliquée et Intelligence Artificielle",False,
P00620,20,F,Amoron'i Mania,Professionnel et technique,PCBTP,Génie civil / BTP,11.97,15.3,14.5,11.2,12.3,13.7,10.1,13.4,9.8,8.9,11.5,14.5,8.5,Arts; Informatique; Mathematiques,autonomie; gestion de chantier; aisance relationnelle; sens de l'observation; ingénierie des infrastructures routières et hydrauliques,Dessin et design,a visité un chantier de construction dans le cadre d'un stage d'observation; a réalisé des maquettes ou des plans de construction pour un projet scolaire,Conducteur de travaux,Chantier/BTP,Génie Civil et Architecture,GCA,Génie Civil et Architecture,False,
P00621,19,M,Haute Matsiatra,Professionnel et technique,DAMB,Industriel,12.43,10.0,14.6,11.0,14.7,12.7,9.2,14.4,15.4,12.3,13.9,11.4,9.6,Francais; Histoire_Geo; Philosophie; Physique_Chimie,rédaction d'actes juridiques; gestion d'entreprise; persévérance; sens de l'observation; négociation et vente internationale; créativité,Gestion; Réseaux sociaux,s'intéresse à l'actualité économique et suit des chaînes d'information; gère les comptes d'une association d'élèves,Juriste d'affaires; Expert en contentieux d'affaires,Bureau/Numérique,Droit et Techniques des Affaires,DTJA,Droit et Techniques Juridiques des Affaires,True,CAA
P00622,18,M,Androy,Professionnel et technique,ACTC,Tertiaire,14.47,13.2,14.7,15.1,17.2,14.7,17.0,16.3,12.5,12.5,14.7,12.7,13.1,Anglais; Francais; Histoire_Geo; Informatique,rigueur; sensibilisation au tourisme durable; autonomie,Voyage; Cultures du monde; Bénévolat associatif,pratique l'anglais ou une autre langue étrangère en autodidacte,Chargé de valorisation touristique et environnementale,Mixte/Itinérant,Tourisme,TEE,Tourisme et Environnement,False,
P00623,19,F,Vatovavy,Professionnel et technique,MEMA,Industriel,14.94,16.5,13.3,15.8,15.6,16.1,16.3,16.4,14.7,13.4,13.1,12.8,15.3,Anglais; Histoire_Geo; Mathematiques,connaissance du patrimoine environnemental et culturel malgache; sens de l'organisation; curiosité; sensibilisation au tourisme durable; esprit d'équipe,Cultures du monde; Musique,a organisé un voyage ou un événement pour son groupe d'amis; aime cuisiner et découvrir des plats d'autres cultures,Chargé de valorisation touristique et environnementale; Professionnel du secteur du tourisme; contribuer au développement de Madagascar,Mixte/Itinérant,Tourisme,TEE,Tourisme et Environnement,False,
P00624,20,M,Menabe,Professionnel et technique,TMEL,Industriel,8.32,9.0,10.5,9.1,6.5,8.7,7.6,5.2,8.4,9.3,10.3,7.4,7.9,Economie; Mathematiques; Physique_Chimie; SVT,esprit d'analyse; autonomie; notions d'intelligence artificielle,Technologie; Réseaux sociaux et numérique,a créé un compte de jeu vidéo compétitif et anime une petite communauté en ligne; a participé à un club informatique ou de robotique au lycée,Analyste Big Data,Mixte/Itinérant,Informatique et Télécommunications,ISAIA,"Informatique, Statistique Appliquée et Intelligence Artificielle",True,IGGLIA
P00625,17,F,Atsimo-Andrefana,Professionnel et technique,TAG,Agricole,10.33,11.0,12.3,13.6,11.0,7.6,7.7,9.1,11.4,12.6,8.0,10.5,9.2,Economie; Physique_Chimie; SVT,autonomie; aisance relationnelle; sécurité alimentaire; normes HACCP et microbiologie; transformation agroalimentaire,Santé; Nature; Sport,aide régulièrement dans l'exploitation agricole familiale,Ingénieur de production en industrie agroalimentaire,Terrain/Extérieur,Biotechnologie et Agronomie,IAA,Industries Agroalimentaires,False,
P00626,19,F,Diana,Général,D,,12.99,13.1,17.7,11.0,11.1,12.4,12.1,13.7,11.6,13.7,14.8,12.4,12.3,Economie; Histoire_Geo; Informatique; Mathematiques; Physique_Chimie,rigueur; conception assistée par ordinateur (AutoCAD); gestion de production industrielle; créativité,Électronique; Bricolage; Réseaux sociaux,aide régulièrement à l'entretien de véhicules en famille; a démonté et réparé des appareils électroménagers ou mécaniques par curiosité,Ingénieur en automatisation et robotique industrielle,Terrain/Extérieur,Génie Industriel,EMII,Électromécanique et Informatique Industrielle,False,
P00627,20,M,Vatovavy,Professionnel et technique,TPFM,Industriel,9.28,15.2,10.1,9.3,7.5,8.8,8.0,7.5,8.1,6.7,12.0,8.8,9.4,Anglais; Informatique; Physique_Chimie,rigueur; communication digitale et PAO; autonomie,Jeux vidéo; Réseaux sociaux et numérique; Musique,a suivi un tutoriel en ligne de programmation et créé un petit site web personnel; a participé à un club informatique ou de robotique au lycée,Expert en transformation digitale,Bureau/Numérique,Informatique et Télécommunications,IGGLIA,"Informatique de Gestion, Génie Logiciel et Intelligence Artificielle",True,IMTICIA
P00628,19,M,Betsiboka,Professionnel et technique,TAG,Agricole,10.87,8.3,11.0,14.6,10.0,12.0,11.2,13.2,9.5,11.4,11.3,8.5,9.4,Economie; Histoire_Geo; Informatique; Malgache; SVT,curiosité; normes HACCP et microbiologie; autonomie; esprit d'équipe; sécurité alimentaire; créativité,Nature; Réseaux sociaux,s'occupe d'un petit élevage ou d'un jardin potager; a participé à un club de sciences naturelles ou d'écologie,Chef de production; Consultant qualité; travailler à l'international,Terrain/Extérieur,Biotechnologie et Agronomie,IAA,Industries Agroalimentaires,False,
P00629,17,F,Sofia,Professionnel et technique,TMA,Industriel,11.93,11.6,12.0,9.5,13.6,14.1,10.3,11.8,9.8,11.9,13.3,12.3,12.9,Arts; EPS; Informatique; Malgache,développement web et mobile multimédia; design UI/UX; production et montage audiovisuel; sens de l'observation; esprit d'équipe,Réseaux sociaux et numérique; Réseaux sociaux,a créé un compte de jeu vidéo compétitif et anime une petite communauté en ligne,Webmaster; Ingénieur en technologies de la communication,Bureau/Numérique,Informatique et Télécommunications,IMTICIA,"Informatique Multimédia, Technologie de l'Information et de la Communication et Intelligence Artificielle",False,
P00630,17,F,Vatovavy,Professionnel et technique,SS,Tertiaire,10.33,11.8,8.5,9.8,12.9,11.2,9.3,9.3,13.1,11.4,9.9,8.8,7.9,Economie; Mathematiques; Philosophie; Physique_Chimie,sens de l'observation; curiosité; rédaction d'actes juridiques; droit foncier et minier; droit des contrats et des sociétés,Gestion; Économie,gère les comptes d'une association d'élèves; a occupé un petit job ou une activité rémunérée pendant les vacances,Responsable des ressources humaines (volet juridique),Contact clientèle/Relationnel,Droit et Techniques des Affaires,DTJA,Droit et Techniques Juridiques des Affaires,False,
P00631,18,M,Anosy,Général,D,,10.09,12.8,13.7,7.6,10.2,8.0,8.7,7.0,8.4,10.3,14.0,10.3,10.1,Arts; Economie; Informatique; Mathematiques; Physique_Chimie,créativité; rigueur; géotechnique; calcul de structures (RDM); ingénierie des infrastructures routières et hydrauliques,Urbanisme; Bénévolat associatif,a réalisé des maquettes ou des plans de construction pour un projet scolaire; aime dessiner des plans de maisons ou des croquis d'aménagement; participe à des activités associatives ou de bénévolat,Architecte junior; Conducteur de travaux; avoir un métier stable,Bureau d'études,Génie Civil et Architecture,GCA,Génie Civil et Architecture,False,
P00632,20,F,Atsinanana,Professionnel et technique,TAG,Agricole,14.03,12.7,12.8,13.8,11.7,14.0,12.6,12.2,16.4,15.2,13.8,15.4,17.7,Arts; EPS; Economie; Philosophie,gestion environnementale de sites touristiques; langues étrangères; accueil et relation client; aisance relationnelle; esprit d'analyse,Gastronomie; Cultures du monde; Réseaux sociaux,pratique l'anglais ou une autre langue étrangère en autodidacte; participe à des activités associatives ou de bénévolat,Chargé de valorisation touristique et environnementale; créer sa propre entreprise,Contact clientèle/Relationnel,Tourisme,TEE,Tourisme et Environnement,True,TEH
P00633,18,F,Boeny,Général,S,,12.79,11.4,12.3,8.7,15.1,12.4,11.5,13.8,11.7,12.3,15.2,15.6,13.5,Arts; Francais; Informatique,design UI/UX; esprit d'équipe; sens de l'organisation; aisance relationnelle; production et montage audiovisuel,Jeux vidéo; Réseaux sociaux et numérique,a monté et dépanné des ordinateurs pour son entourage; a participé à un club informatique ou de robotique au lycée; pratique un sport en club depuis plusieurs années,UX/UI Designer,Bureau/Numérique,Informatique et Télécommunications,IMTICIA,"Informatique Multimédia, Technologie de l'Information et de la Communication et Intelligence Artificielle",False,
P00634,19,F,Sofia,Professionnel et technique,DAMB,Industriel,10.7,14.2,14.9,8.5,10.3,12.0,8.2,10.1,7.4,11.6,12.7,10.4,8.1,Economie; Informatique; Malgache; Mathematiques; Physique_Chimie,aisance relationnelle; créativité; esprit d'équipe; sens de l'organisation; maintenance hardware et microcontrôleurs,Réseaux sociaux et numérique,a monté et dépanné des ordinateurs pour son entourage; pratique un sport en club depuis plusieurs années,Ingénieur système et réseau; Ingénieur en télécommunications; avoir un métier stable,Mixte/Itinérant,Informatique et Télécommunications,ESIIA,"Électronique, Systèmes Informatiques et Intelligence Artificielle",False,
P00635,20,M,Ihorombe,Professionnel et technique,TOM,Industriel,13.82,14.0,13.4,13.7,15.8,11.9,16.7,13.0,13.4,18.0,11.8,12.1,12.1,Anglais; Economie; Francais,négociation et vente internationale; gestion d'entreprise; sens de l'organisation; analyse financière et gestion budgétaire; rigueur,Actualité et politique,a organisé une petite activité commerciale ou un projet associatif; s'intéresse à l'actualité économique et suit des chaînes d'information,Responsable export,Bureau/Numérique,Droit et Techniques des Affaires,CAA,Commerce et Administration des Affaires,False,
P00636,17,M,Vakinankaratra,Général,A2,,12.25,13.0,11.2,18.2,13.8,10.8,11.2,15.1,11.1,11.1,11.2,9.2,11.1,Francais; Histoire_Geo; SVT,sens de l'organisation; créativité; esprit d'analyse; agroécologie et agriculture biologique; curiosité; développement rural,Animaux; Sport,a réalisé un exposé scolaire sur la santé ou la biologie; a occupé un petit job ou une activité rémunérée pendant les vacances,Expert en agri-business; contribuer au développement de Madagascar,Terrain/Extérieur,Biotechnologie et Agronomie,AEE,Agriculture et Élevage,False,
P00637,18,M,Ihorombe,Professionnel et technique,TMEL,Industriel,11.39,14.0,11.9,11.3,10.1,12.3,13.3,9.7,7.5,9.1,13.9,12.9,10.7,Anglais; Informatique; Mathematiques,"administration de bases de données; curiosité; programmation multi-langages (Java, C#, PHP, JavaScript); persévérance",Réseaux sociaux et numérique; Bénévolat associatif,a suivi un tutoriel en ligne de programmation et créé un petit site web personnel; participe à des activités associatives ou de bénévolat,Ingénieur en génie logiciel; Développeur Full-Stack (Web & Mobile),Bureau/Numérique,Informatique et Télécommunications,IGGLIA,"Informatique de Gestion, Génie Logiciel et Intelligence Artificielle",False,
P00638,18,F,Itasy,Professionnel et technique,ACTC,Tertiaire,14.18,16.4,12.6,14.8,13.5,11.0,13.6,14.3,14.7,18.1,14.2,14.4,12.5,Arts; Economie; Mathematiques; Philosophie; SVT,créativité; autonomie; comptabilité générale et analytique; curiosité; persévérance,Économie; Actualité et politique; Bénévolat associatif,a organisé une petite activité commerciale ou un projet associatif,Auditeur financier,Bureau/Numérique,Droit et Techniques des Affaires,FIC,Finances et Comptabilité,False,
P00639,20,F,Betsiboka,Technologique,TGC,Génie civil,10.75,12.2,11.5,10.2,14.0,11.1,13.2,11.8,7.1,8.9,11.3,9.6,8.1,Francais; Histoire_Geo; Mathematiques,sens de l'organisation; accueil et relation client; créativité,Voyage; Lecture,a effectué un stage d'observation dans un hôtel ou une agence de voyage; participe à des activités associatives ou de bénévolat,Directeur d'établissement hôtelier,Mixte/Itinérant,Tourisme,TEH,"Tourisme, Environnement et Hôtellerie",False,
P00640,20,M,Vakinankaratra,Général,S,,12.6,17.1,11.2,13.1,11.5,10.2,12.7,10.6,11.6,15.2,14.8,11.0,12.2,Informatique; Mathematiques; SVT,sens de l'observation; créativité; analyse statistique et probabilités appliquées,Programmation; Réseaux sociaux et numérique,a participé à un club informatique ou de robotique au lycée; a occupé un petit job ou une activité rémunérée pendant les vacances,Analyste Big Data; Responsable Business Intelligence,Bureau/Numérique,Informatique et Télécommunications,ISAIA,"Informatique, Statistique Appliquée et Intelligence Artificielle",False,
P00641,17,M,Atsimo-Andrefana,Professionnel et technique,TMA,Industriel,12.32,12.1,17.0,11.1,10.5,12.7,11.2,9.2,12.4,11.0,16.1,13.1,11.5,Arts; Malgache; Philosophie; Physique_Chimie,sens de l'observation; autonomie; persévérance; sens de l'organisation; maintenance hardware et microcontrôleurs; robotique et domotique,Réseaux sociaux et numérique; Programmation; Sport,a créé un compte de jeu vidéo compétitif et anime une petite communauté en ligne; pratique un sport en club depuis plusieurs années,Expert en systèmes embarqués et IoT; Ingénieur système et réseau; avoir un métier stable,Bureau/Numérique,Informatique et Télécommunications,ESIIA,"Électronique, Systèmes Informatiques et Intelligence Artificielle",False,
P00642,17,F,Sava,Général,C,,13.83,11.6,14.4,13.9,15.9,15.9,17.8,14.3,11.7,12.8,13.3,10.5,13.8,Anglais; Francais; Histoire_Geo; Physique_Chimie,créativité; accueil et relation client; esprit d'équipe; curiosité; gestion environnementale de sites touristiques; sensibilisation au tourisme durable,Langues étrangères; Sport,a organisé un voyage ou un événement pour son groupe d'amis,Chargé de valorisation touristique et environnementale; travailler à l'international,Contact clientèle/Relationnel,Tourisme,TEE,Tourisme et Environnement,True,TEH
P00643,20,F,Analamanga,Professionnel et technique,TFFI,Industriel,15.3,18.6,13.9,13.4,12.9,15.1,12.9,16.5,14.5,19.0,16.0,14.5,16.3,Anglais; Economie; Histoire_Geo,gestion financière prévisionnelle; analyse économique et économétrie; esprit d'équipe; persévérance; esprit d'analyse,Débat et droit,a participé à un club de débat ou un simulacre de procès au lycée; participe à des activités associatives ou de bénévolat,Consultant en management; Responsable suivi-évaluation de projets; créer sa propre entreprise,Bureau/Numérique,Droit et Techniques des Affaires,EMP,Économie et Management de Projet,False,
P00644,17,M,Itasy,Général,C,,14.45,16.3,14.8,19.6,14.7,12.2,13.9,14.7,13.3,13.5,14.8,13.7,11.9,Informatique; Mathematiques; Physique_Chimie,sens de l'observation; esprit d'équipe; curiosité; aisance relationnelle; gestion de laboratoire d'analyses médicales,Nature; Animaux,a participé à un club de sciences naturelles ou d'écologie; participe à des activités associatives ou de bénévolat,Délégué médical; Ingénieur de laboratoire médical,Terrain/Extérieur,Biotechnologie et Agronomie,PIP,Pharmacologie et Industries Pharmaceutiques,False,
P00645,18,M,Boeny,Professionnel et technique,ACTC,Tertiaire,10.3,11.5,7.8,9.3,10.4,8.8,9.6,9.2,12.5,14.5,9.5,9.4,11.1,EPS; Economie; Francais; Mathematiques; Philosophie,autonomie; comptabilité générale et analytique; fiscalité d'entreprise; persévérance; sens de l'organisation; audit financier,Économie; Sport,a organisé une petite activité commerciale ou un projet associatif; participe à des activités associatives ou de bénévolat,Auditeur financier; avoir un poste à responsabilités,Contact clientèle/Relationnel,Droit et Techniques des Affaires,FIC,Finances et Comptabilité,False,
P00646,18,M,Atsimo-Atsinanana,Professionnel et technique,PCBTP,Génie civil / BTP,12.58,14.8,14.4,11.1,11.9,12.1,11.2,13.5,12.1,14.2,12.4,13.3,10.0,Economie; Mathematiques; Physique_Chimie,aisance relationnelle; persévérance; gestion de chantier; esprit d'analyse; curiosité,Urbanisme,a réalisé des maquettes ou des plans de construction pour un projet scolaire; a visité un chantier de construction dans le cadre d'un stage d'observation,Entrepreneur en BTP,Chantier/BTP,Génie Civil et Architecture,GCA,Génie Civil et Architecture,False,
P00647,17,M,Fitovinany,Professionnel et technique,TAG,Agricole,14.72,17.8,14.8,11.4,17.4,11.5,15.1,15.0,12.6,15.7,15.1,15.5,14.8,Economie; Francais; Mathematiques,autonomie; créativité; pilotage et planification de projets; sens de l'observation; esprit d'équipe,Actualité et politique; Sport,a participé à un club de débat ou un simulacre de procès au lycée; s'intéresse à l'actualité économique et suit des chaînes d'information; pratique un sport en club depuis plusieurs années,Manager de PME/PMI; créer sa propre entreprise,Contact clientèle/Relationnel,Droit et Techniques des Affaires,CAA,Commerce et Administration des Affaires,True,EMP
P00648,19,M,Itasy,Professionnel et technique,TMA,Industriel,9.39,9.5,7.9,8.3,10.0,8.8,10.1,7.2,7.9,8.5,13.4,8.0,13.1,Anglais; EPS; Informatique,"sens de l'observation; persévérance; créativité; esprit d'analyse; programmation multi-langages (Java, C#, PHP, JavaScript)",Robotique; Jeux vidéo,a monté et dépanné des ordinateurs pour son entourage; pratique un sport en club depuis plusieurs années,Ingénieur en génie logiciel; Expert en transformation digitale; avoir un métier stable,Bureau/Numérique,Informatique et Télécommunications,IGGLIA,"Informatique de Gestion, Génie Logiciel et Intelligence Artificielle",False,
P00649,18,F,Melaky,Technologique,TTER,Tertiaire,11.6,11.7,12.9,12.0,11.5,12.2,11.1,13.7,9.9,9.9,11.5,11.6,11.2,Histoire_Geo; Malgache; Physique_Chimie; SVT,sens de l'organisation; esprit d'équipe; curiosité; stratégie marketing et commerciale; autonomie; négociation et vente internationale,Gestion; Économie; Bénévolat associatif,s'intéresse à l'actualité économique et suit des chaînes d'information,Responsable commercial; Responsable export; créer sa propre entreprise,Bureau/Numérique,Droit et Techniques des Affaires,CAA,Commerce et Administration des Affaires,False,
P00650,17,F,Atsimo-Andrefana,Professionnel et technique,SS,Tertiaire,12.15,12.7,12.7,10.0,15.4,8.9,14.4,14.4,11.4,10.5,13.5,11.5,10.4,Anglais; Francais; Histoire_Geo; Informatique,persévérance; curiosité; créativité; gestion environnementale de sites touristiques; esprit d'analyse,Langues étrangères; Voyage,pratique l'anglais ou une autre langue étrangère en autodidacte,Gestionnaire de sites protégés,Contact clientèle/Relationnel,Tourisme,TEH,"Tourisme, Environnement et Hôtellerie",False,
P00651,19,F,Sofia,Général,OSE,,12.39,11.9,14.5,10.6,13.5,9.3,13.8,15.2,12.5,14.4,10.8,11.1,11.1,Anglais; Economie; Histoire_Geo; Physique_Chimie,gestion d'entreprise; négociation et vente internationale; sens de l'observation; créativité; curiosité; esprit d'équipe,Économie; Musique,a organisé une petite activité commerciale ou un projet associatif; pratique un sport en club depuis plusieurs années,Responsable commercial,Contact clientèle/Relationnel,Droit et Techniques des Affaires,CAA,Commerce et Administration des Affaires,False,
P00652,18,F,Fitovinany,Général,D,,15.47,16.2,14.9,14.2,12.7,17.0,13.8,15.9,16.6,13.0,19.4,15.7,16.3,EPS; Informatique; Malgache; Mathematiques; Philosophie,développement full-stack; curiosité; autonomie; gestion de projets informatiques,Technologie; Jeux vidéo; Lecture,a suivi un tutoriel en ligne de programmation et créé un petit site web personnel; a monté et dépanné des ordinateurs pour son entourage,Chef de projet informatique; avoir un poste à responsabilités,Mixte/Itinérant,Informatique et Télécommunications,IGGLIA,"Informatique de Gestion, Génie Logiciel et Intelligence Artificielle",False,
P00653,17,F,Itasy,Général,C,,10.52,6.6,10.8,13.6,12.6,7.0,11.3,11.5,9.5,13.1,10.0,9.9,10.3,Anglais; Economie; Francais; Philosophie; SVT,curiosité; développement rural; sens de l'organisation; esprit d'équipe; esprit d'analyse,Agriculture; Réseaux sociaux,aide régulièrement dans l'exploitation agricole familiale; a participé à un club de sciences naturelles ou d'écologie; pratique un sport en club depuis plusieurs années,Responsable de projet développement rural,Laboratoire/Recherche,Biotechnologie et Agronomie,AEE,Agriculture et Élevage,False,
P00654,18,F,Anosy,Professionnel et technique,TMEL,Industriel,11.16,12.1,10.5,9.9,12.1,11.0,11.2,12.7,9.3,10.3,14.6,11.7,8.5,Arts; Francais; Histoire_Geo; Informatique; Mathematiques,"rigueur; sens de l'organisation; programmation multi-langages (Java, C#, PHP, JavaScript); esprit d'analyse; gestion de projets informatiques; administration de bases de données; aisance relationnelle",Réseaux sociaux et numérique; Réseaux sociaux,a monté et dépanné des ordinateurs pour son entourage; a créé un compte de jeu vidéo compétitif et anime une petite communauté en ligne; a occupé un petit job ou une activité rémunérée pendant les vacances,Administrateur de bases de données,Bureau/Numérique,Informatique et Télécommunications,IGGLIA,"Informatique de Gestion, Génie Logiciel et Intelligence Artificielle",False,
P00655,20,F,Atsimo-Andrefana,Général,L,,14.93,17.9,13.9,12.7,16.0,15.3,15.5,14.2,15.6,18.9,12.4,12.5,14.3,Anglais; Economie; Francais; Histoire_Geo; Philosophie,créativité; gestion de trésorerie; esprit d'analyse,Gestion; Musique,a participé à un club de débat ou un simulacre de procès au lycée; gère les comptes d'une association d'élèves; participe à des activités associatives ou de bénévolat,Directeur Administratif et Financier; Chef Comptable,Bureau/Numérique,Droit et Techniques des Affaires,FIC,Finances et Comptabilité,False,
P00656,19,M,Atsinanana,Général,A1,,8.93,9.6,9.4,7.8,11.8,11.8,6.2,8.2,9.5,6.2,8.8,9.4,8.4,Histoire_Geo; Malgache; Mathematiques; Philosophie,rigueur; sens de l'observation; esprit d'équipe; droit foncier et minier,Actualité et politique; Économie; Sport,s'intéresse à l'actualité économique et suit des chaînes d'information; a participé à un club de débat ou un simulacre de procès au lycée; participe à des activités associatives ou de bénévolat,Chargé de conformité; créer sa propre entreprise,Contact clientèle/Relationnel,Droit et Techniques des Affaires,DTJA,Droit et Techniques Juridiques des Affaires,False,
P00657,17,M,Melaky,Général,S,,14.9,16.5,18.9,12.3,15.8,14.0,13.9,11.7,16.3,16.2,16.9,12.8,13.5,Arts; Economie; Informatique; Mathematiques; Physique_Chimie,"sens de l'observation; administration de réseaux (GSM, TCP/IP); maintenance hardware et microcontrôleurs; persévérance; rigueur",Réseaux sociaux et numérique; Sport,a suivi un tutoriel en ligne de programmation et créé un petit site web personnel,Expert en systèmes embarqués et IoT; contribuer au développement de Madagascar,Bureau/Numérique,Informatique et Télécommunications,ESIIA,"Électronique, Systèmes Informatiques et Intelligence Artificielle",False,
P00658,20,F,Menabe,Général,C,,9.47,11.8,12.0,10.0,9.4,8.3,8.5,8.7,9.7,11.2,8.0,8.0,8.0,Mathematiques; Physique_Chimie; SVT,géotechnique; aisance relationnelle; persévérance,Architecture; Construction; Lecture,aime dessiner des plans de maisons ou des croquis d'aménagement; a visité un chantier de construction dans le cadre d'un stage d'observation; a occupé un petit job ou une activité rémunérée pendant les vacances,Ingénieur en Bureau d'Études,Chantier/BTP,Génie Civil et Architecture,GCA,Génie Civil et Architecture,False,
P00659,20,F,Analanjirofo,Professionnel et technique,MEMA,Industriel,10.62,8.2,6.7,11.4,11.6,12.0,13.9,10.4,11.9,11.4,6.7,10.4,12.9,Anglais; EPS; Malgache; Philosophie,conception de produits touristiques; persévérance; créativité,Voyage,a effectué un stage d'observation dans un hôtel ou une agence de voyage; a occupé un petit job ou une activité rémunérée pendant les vacances,Manager d'agence de voyage,Mixte/Itinérant,Tourisme,TEH,"Tourisme, Environnement et Hôtellerie",False,
P00660,18,M,Analanjirofo,Professionnel et technique,TEV,Agricole,7.41,7.6,9.5,12.3,6.7,9.2,5.8,9.2,4.8,6.0,6.1,4.1,7.6,Histoire_Geo; Malgache; Mathematiques; Physique_Chimie; SVT,zootechnie et pisciculture; productions végétales et animales; créativité; sens de l'organisation,Environnement; Réseaux sociaux,a participé à un club de sciences naturelles ou d'écologie; a réalisé un exposé scolaire sur la santé ou la biologie,Conseiller agricole; Responsable de production animale,Terrain/Extérieur,Biotechnologie et Agronomie,AEE,Agriculture et Élevage,False,
P00661,19,M,Analanjirofo,Professionnel et technique,TOM,Industriel,12.08,15.7,11.8,13.7,8.5,8.9,13.8,8.8,11.0,12.6,13.4,13.3,13.5,Anglais; Mathematiques; SVT,machine learning et deep learning; aisance relationnelle; curiosité; business intelligence; traitement de données massives (Big Data),Réseaux sociaux et numérique; Technologie,a monté et dépanné des ordinateurs pour son entourage; a occupé un petit job ou une activité rémunérée pendant les vacances,Analyste Big Data,Mixte/Itinérant,Informatique et Télécommunications,ISAIA,"Informatique, Statistique Appliquée et Intelligence Artificielle",False,
P00662,17,M,Itasy,Professionnel et technique,TMA,Industriel,9.99,8.8,10.3,10.6,8.0,7.9,14.0,7.4,10.6,15.3,9.0,6.0,12.0,Anglais; EPS; Economie; Philosophie; SVT,persévérance; rigueur; esprit d'équipe; négociation et vente internationale; créativité,Débat et droit; Économie,gère les comptes d'une association d'élèves,Responsable export,Bureau/Numérique,Droit et Techniques des Affaires,CAA,Commerce et Administration des Affaires,False,
P00663,20,M,Atsimo-Andrefana,Professionnel et technique,TOM,Industriel,11.9,11.8,17.3,13.4,9.4,12.2,9.1,14.2,9.8,13.3,10.9,10.0,11.4,Histoire_Geo; Physique_Chimie; SVT,exploitation minière et géologie; esprit d'analyse; esprit d'équipe; transformation agroalimentaire; persévérance,Industrie; Bénévolat associatif,a participé à un club de sciences naturelles ou d'écologie; a occupé un petit job ou une activité rémunérée pendant les vacances,Ingénieur minier; Ingénieur pétrolier,Atelier/Industriel,Génie Industriel,ICMP,"Industries Chimiques, Minières et Pétrolières",True,IAA
P00664,18,F,Menabe,Général,D,,6.47,6.8,6.4,5.0,7.3,7.8,7.1,5.1,9.7,6.9,4.5,7.2,3.8,Arts; Francais; Malgache; Philosophie; Physique_Chimie,management stratégique; pilotage et planification de projets; rigueur; analyse économique et économétrie; aisance relationnelle; esprit d'équipe,Gestion,gère les comptes d'une association d'élèves; participe à des activités associatives ou de bénévolat,Planificateur stratégique; Consultant en management; avoir un métier stable,Contact clientèle/Relationnel,Droit et Techniques des Affaires,EMP,Économie et Management de Projet,False,
P00665,18,F,Atsinanana,Professionnel et technique,TOM,Industriel,11.06,12.7,15.0,12.7,10.8,11.1,8.4,11.0,9.2,9.6,11.9,10.4,9.9,Informatique; Malgache; Mathematiques; Physique_Chimie; SVT,créativité; génie des procédés chimiques; sens de l'observation; esprit d'analyse; curiosité,Bricolage; Réseaux sociaux,a effectué un stage d'observation dans un atelier ou une usine; a participé à un club de robotique ou de modélisme,Ingénieur minier; Responsable HSE,Atelier/Industriel,Génie Industriel,ICMP,"Industries Chimiques, Minières et Pétrolières",False,
P00666,20,F,Analamanga,Général,C,,9.88,13.1,12.4,9.3,10.3,10.7,9.9,10.3,8.7,8.4,8.6,9.1,7.8,Francais; Histoire_Geo; Malgache; Mathematiques; Physique_Chimie,gestion de chantier; esprit d'équipe; autonomie; calcul de structures (RDM); géotechnique; esprit d'analyse; curiosité,Construction; Musique,aime dessiner des plans de maisons ou des croquis d'aménagement; pratique un sport en club depuis plusieurs années,Architecte junior,Bureau d'études,Génie Civil et Architecture,GCA,Génie Civil et Architecture,False,
P00667,17,F,Anosy,Professionnel et technique,PCBTP,Génie civil / BTP,11.85,13.5,13.9,10.9,11.6,10.0,11.0,12.1,11.0,11.6,11.1,14.3,11.2,Arts; Histoire_Geo; Mathematiques; Physique_Chimie,aisance relationnelle; conception architecturale (AutoCAD/ArchiCAD); sens de l'organisation; curiosité; calcul de structures (RDM); gestion de chantier,Construction; Dessin et design; Lecture,a réalisé des maquettes ou des plans de construction pour un projet scolaire; aime dessiner des plans de maisons ou des croquis d'aménagement,Architecte junior; Conducteur de travaux,Chantier/BTP,Génie Civil et Architecture,GCA,Génie Civil et Architecture,False,
P00668,20,F,Menabe,Professionnel et technique,TEV,Agricole,9.25,7.5,8.7,13.4,9.2,8.6,7.3,9.8,10.1,7.3,10.0,9.9,9.2,Arts; Informatique; Philosophie,curiosité; sens de l'observation; autonomie; développement rural,Santé; Bénévolat associatif,s'occupe d'un petit élevage ou d'un jardin potager; participe à des activités associatives ou de bénévolat,Responsable de production animale; Consultant en agroécologie; créer sa propre entreprise,Laboratoire/Recherche,Biotechnologie et Agronomie,AEE,Agriculture et Élevage,False,
P00669,19,F,Diana,Professionnel et technique,DAMB,Industriel,11.3,13.3,12.7,8.6,12.2,10.1,11.9,10.2,11.4,15.4,10.8,9.6,9.4,Economie; Mathematiques; Physique_Chimie,stratégie marketing et commerciale; créativité; gestion d'entreprise; esprit d'équipe; rigueur; autonomie; négociation et vente internationale,Entrepreneuriat; Économie; Sport,s'intéresse à l'actualité économique et suit des chaînes d'information,Responsable commercial; contribuer au développement de Madagascar,Contact clientèle/Relationnel,Droit et Techniques des Affaires,CAA,Commerce et Administration des Affaires,False,
P00670,19,F,Anosy,Professionnel et technique,TMEL,Industriel,11.88,14.8,13.5,8.9,12.0,10.6,11.3,14.6,11.5,15.3,10.6,8.1,11.4,Economie; Histoire_Geo; Mathematiques,esprit d'analyse; esprit d'équipe; gestion financière prévisionnelle; aisance relationnelle; sens de l'observation,Entrepreneuriat,gère les comptes d'une association d'élèves; s'intéresse à l'actualité économique et suit des chaînes d'information,Consultant en management; Responsable suivi-évaluation de projets,Contact clientèle/Relationnel,Droit et Techniques des Affaires,EMP,Économie et Management de Projet,False,
P00671,17,M,Atsimo-Andrefana,Professionnel et technique,PCBTP,Génie civil / BTP,9.47,8.4,7.5,9.1,11.2,8.0,12.0,10.6,7.7,10.4,8.6,10.9,9.3,Anglais; Arts; Francais; Histoire_Geo,négociation et vente internationale; gestion d'entreprise; stratégie marketing et commerciale; créativité; esprit d'équipe,Gestion; Économie,a organisé une petite activité commerciale ou un projet associatif; gère les comptes d'une association d'élèves; participe à des activités associatives ou de bénévolat,Responsable export; avoir un métier stable,Contact clientèle/Relationnel,Droit et Techniques des Affaires,CAA,Commerce et Administration des Affaires,False,
P00672,19,F,Sava,Général,S,,12.61,11.6,13.7,15.4,11.6,15.3,13.1,12.3,10.1,13.0,13.9,11.0,10.3,Anglais; Informatique; Malgache; Physique_Chimie; SVT,persévérance; normes HACCP et microbiologie; aisance relationnelle; créativité; transformation agroalimentaire,Nature; Sport,a participé à un club de sciences naturelles ou d'écologie; a réalisé un exposé scolaire sur la santé ou la biologie; a occupé un petit job ou une activité rémunérée pendant les vacances,Consultant qualité; Chargé de R&D alimentaire,Laboratoire/Recherche,Biotechnologie et Agronomie,IAA,Industries Agroalimentaires,False,
P00673,19,M,Vatovavy,Général,S,,14.57,18.2,16.8,14.4,13.5,12.7,13.1,17.2,10.7,13.1,18.5,13.9,12.8,Histoire_Geo; Informatique; Malgache,"développement full-stack; programmation multi-langages (Java, C#, PHP, JavaScript); esprit d'analyse; persévérance; autonomie; gestion de projets informatiques; curiosité",Robotique; Programmation; Musique,a créé un compte de jeu vidéo compétitif et anime une petite communauté en ligne,Consultant en systèmes d'information et IA; Chef de projet informatique,Mixte/Itinérant,Informatique et Télécommunications,IGGLIA,"Informatique de Gestion, Génie Logiciel et Intelligence Artificielle",False,
P00674,20,M,Itasy,Professionnel et technique,TEV,Agricole,10.56,10.7,12.4,14.3,11.0,10.9,10.1,10.4,7.8,11.0,8.8,11.7,7.6,Arts; Francais; Physique_Chimie; SVT,normes HACCP et microbiologie; créativité; autonomie; sens de l'observation; biochimie et R&D,Animaux,a réalisé un exposé scolaire sur la santé ou la biologie,Responsable Qualité et Hygiène; Chef de production; avoir un métier stable,Terrain/Extérieur,Biotechnologie et Agronomie,IAA,Industries Agroalimentaires,False,
P00675,20,F,Fitovinany,Général,A2,,12.15,12.0,13.7,16.0,12.3,10.9,10.5,13.0,8.7,12.3,10.6,11.6,14.2,EPS; Physique_Chimie; SVT,rigueur; formulation pharmaceutique; aisance relationnelle; curiosité,Agriculture; Nature; Musique,s'occupe d'un petit élevage ou d'un jardin potager,Chercheur en phyto-médicaments; Responsable contrôle qualité; contribuer au développement de Madagascar,Terrain/Extérieur,Biotechnologie et Agronomie,PIP,Pharmacologie et Industries Pharmaceutiques,False,
P00676,18,F,Itasy,Général,D,,8.29,7.8,6.1,5.8,8.3,8.5,9.9,8.8,6.8,8.0,11.3,11.1,7.1,Anglais; Arts; Histoire_Geo; Informatique; Malgache,communication digitale et PAO; développement web et mobile multimédia; curiosité; autonomie; production et montage audiovisuel; aisance relationnelle,Programmation; Jeux vidéo; Lecture,a suivi un tutoriel en ligne de programmation et créé un petit site web personnel; a monté et dépanné des ordinateurs pour son entourage,Directeur artistique numérique / Motion Designer,Mixte/Itinérant,Informatique et Télécommunications,IMTICIA,"Informatique Multimédia, Technologie de l'Information et de la Communication et Intelligence Artificielle",False,
P00677,19,M,Amoron'i Mania,Général,D,,12.58,14.8,12.5,11.5,10.0,11.2,11.4,16.3,12.6,14.9,12.5,11.1,12.2,Histoire_Geo; Mathematiques; Philosophie; Physique_Chimie,sens de l'organisation; normes HACCP et microbiologie; transformation agroalimentaire; persévérance; biochimie et R&D; esprit d'équipe; rigueur,Agriculture,s'occupe d'un petit élevage ou d'un jardin potager; aide régulièrement dans l'exploitation agricole familiale; participe à des activités associatives ou de bénévolat,Consultant qualité; Chef de production; avoir un poste à responsabilités,Terrain/Extérieur,Biotechnologie et Agronomie,IAA,Industries Agroalimentaires,False,
P00678,20,F,Vatovavy,Général,A1,,15.12,12.4,13.4,16.2,15.5,14.9,17.2,15.2,13.0,18.0,15.0,17.5,13.1,Anglais; Economie; Francais; Malgache; SVT,négociation et vente internationale; analyse financière et gestion budgétaire; créativité; aisance relationnelle; curiosité; gestion d'entreprise,Économie; Musique,gère les comptes d'une association d'élèves; s'intéresse à l'actualité économique et suit des chaînes d'information,Responsable Marketing,Contact clientèle/Relationnel,Droit et Techniques des Affaires,CAA,Commerce et Administration des Affaires,False,
P00679,18,M,Ihorombe,Professionnel et technique,MEMA,Industriel,13.24,13.6,13.8,11.6,14.5,11.7,14.0,13.4,12.7,8.4,14.7,16.6,13.9,Anglais; EPS; Francais; Informatique; Physique_Chimie,sens de l'organisation; développement web et mobile multimédia; communication digitale et PAO; curiosité; aisance relationnelle; autonomie,Programmation; Technologie; Lecture,a créé un compte de jeu vidéo compétitif et anime une petite communauté en ligne; a participé à un club informatique ou de robotique au lycée,Webmaster,Mixte/Itinérant,Informatique et Télécommunications,IMTICIA,"Informatique Multimédia, Technologie de l'Information et de la Communication et Intelligence Artificielle",False,
P00680,19,F,Haute Matsiatra,Professionnel et technique,MEMA,Industriel,10.74,8.9,9.8,6.9,12.5,12.0,10.3,14.0,10.6,10.3,12.2,12.0,9.4,Francais; Histoire_Geo; Informatique; Mathematiques,esprit d'analyse; gestion des litiges commerciaux; droit foncier et minier; rigueur; droit des contrats et des sociétés,Entrepreneuriat,a organisé une petite activité commerciale ou un projet associatif; a participé à un club de débat ou un simulacre de procès au lycée; pratique un sport en club depuis plusieurs années,Assistant juridique,Bureau/Numérique,Droit et Techniques des Affaires,DTJA,Droit et Techniques Juridiques des Affaires,False,
P00681,17,M,Diana,Professionnel et technique,TAMB,Industriel,14.75,16.6,18.5,13.8,14.1,12.8,13.2,16.4,13.0,15.2,16.2,15.3,11.9,Histoire_Geo; Informatique; Mathematiques; Physique_Chimie,"persévérance; conception assistée par ordinateur (AutoCAD); gestion de production industrielle; aisance relationnelle; créativité; sens de l'observation; automatismes (Grafcet, automates)",Électronique; Bricolage,a participé à un club de robotique ou de modélisme; a effectué un stage d'observation dans un atelier ou une usine,Ingénieur en automatisation et robotique industrielle; avoir un poste à responsabilités,Atelier/Industriel,Génie Industriel,EMII,Électromécanique et Informatique Industrielle,False,
P00682,18,F,Diana,Professionnel et technique,TFFI,Industriel,12.4,12.6,12.1,11.1,15.4,12.7,13.9,12.9,13.4,11.8,11.1,9.5,12.3,Anglais; Francais; Histoire_Geo; Malgache; Philosophie,rédaction d'actes juridiques; aisance relationnelle; sens de l'observation,Actualité et politique; Entrepreneuriat; Musique,a participé à un club de débat ou un simulacre de procès au lycée; participe à des activités associatives ou de bénévolat,Expert en contentieux d'affaires; Responsable des ressources humaines (volet juridique); avoir un poste à responsabilités,Bureau/Numérique,Droit et Techniques des Affaires,DTJA,Droit et Techniques Juridiques des Affaires,False,
P00683,19,F,Anosy,Général,C,,12.93,18.1,12.4,12.2,14.7,11.5,11.1,14.1,12.1,14.5,13.8,10.6,10.0,Economie; Francais; Histoire_Geo; Mathematiques,rigueur; aisance relationnelle; développement full-stack; persévérance; business intelligence,Jeux vidéo,a participé à un club informatique ou de robotique au lycée; participe à des activités associatives ou de bénévolat,Data Scientist,Mixte/Itinérant,Informatique et Télécommunications,ISAIA,"Informatique, Statistique Appliquée et Intelligence Artificielle",True,IGGLIA
P00684,20,M,Analamanga,Professionnel et technique,TAMB,Industriel,7.99,9.5,6.4,8.6,7.6,9.4,6.5,7.7,8.9,6.9,7.4,7.9,9.1,EPS; Malgache; Mathematiques,"rigueur; développement full-stack; esprit d'analyse; conception logicielle (UML, Merise)",Réseaux sociaux et numérique; Musique,a suivi un tutoriel en ligne de programmation et créé un petit site web personnel; participe à des activités associatives ou de bénévolat,Architecte logiciel,Mixte/Itinérant,Informatique et Télécommunications,IGGLIA,"Informatique de Gestion, Génie Logiciel et Intelligence Artificielle",False,
P00685,18,F,Ihorombe,Professionnel et technique,TMEL,Industriel,14.04,16.9,11.9,14.7,13.7,13.9,11.2,12.3,13.5,13.0,18.5,15.1,13.8,Arts; Informatique,"esprit d'équipe; persévérance; autonomie; conception logicielle (UML, Merise); gestion de projets informatiques",Réseaux sociaux et numérique,a monté et dépanné des ordinateurs pour son entourage; a suivi un tutoriel en ligne de programmation et créé un petit site web personnel; pratique un sport en club depuis plusieurs années,Architecte logiciel,Bureau/Numérique,Informatique et Télécommunications,IGGLIA,"Informatique de Gestion, Génie Logiciel et Intelligence Artificielle",False,
P00686,18,M,Fitovinany,Professionnel et technique,MEMA,Industriel,13.72,17.5,14.0,13.1,13.6,12.2,13.4,10.8,13.1,11.8,19.7,12.0,13.4,Anglais; Francais; Informatique; Mathematiques; Physique_Chimie,"autonomie; créativité; curiosité; conception logicielle (UML, Merise)",Technologie,a monté et dépanné des ordinateurs pour son entourage,Expert en transformation digitale; Ingénieur en génie logiciel,Mixte/Itinérant,Informatique et Télécommunications,IGGLIA,"Informatique de Gestion, Génie Logiciel et Intelligence Artificielle",False,
P00687,17,F,Itasy,Professionnel et technique,TAG,Agricole,8.5,10.3,11.3,12.1,6.7,7.0,5.6,6.3,6.1,9.3,8.0,10.3,9.0,Mathematiques; Physique_Chimie; SVT,gestion de laboratoire d'analyses médicales; esprit d'équipe; aisance relationnelle; autonomie; sens de l'observation; formulation pharmaceutique,Agriculture; Sport,a réalisé un exposé scolaire sur la santé ou la biologie; s'occupe d'un petit élevage ou d'un jardin potager,Ingénieur de laboratoire médical; Chercheur en phyto-médicaments,Terrain/Extérieur,Biotechnologie et Agronomie,PIP,Pharmacologie et Industries Pharmaceutiques,False,
P00688,17,F,Sofia,Professionnel et technique,TOM,Industriel,12.3,13.3,11.4,12.1,14.1,13.9,10.2,11.8,10.7,8.8,17.0,14.3,10.0,Arts; Francais; Informatique,communication digitale et PAO; production et montage audiovisuel; sens de l'organisation; créativité; esprit d'analyse,Jeux vidéo; Programmation,a participé à un club informatique ou de robotique au lycée,Développeur multimédia; créer sa propre entreprise,Bureau/Numérique,Informatique et Télécommunications,IMTICIA,"Informatique Multimédia, Technologie de l'Information et de la Communication et Intelligence Artificielle",False,
P00689,20,M,Amoron'i Mania,Professionnel et technique,TAMB,Industriel,9.09,13.6,5.9,8.1,9.5,7.9,7.0,9.4,8.7,10.6,10.6,10.0,7.8,Economie; Informatique; Mathematiques,sens de l'observation; persévérance; analyse statistique et probabilités appliquées; traitement de données massives (Big Data); business intelligence,Robotique,a suivi un tutoriel en ligne de programmation et créé un petit site web personnel; a créé un compte de jeu vidéo compétitif et anime une petite communauté en ligne; participe à des activités associatives ou de bénévolat,Data Scientist; avoir un métier stable,Bureau/Numérique,Informatique et Télécommunications,ISAIA,"Informatique, Statistique Appliquée et Intelligence Artificielle",False,
P00690,19,F,Itasy,Professionnel et technique,ACTC,Tertiaire,13.57,10.5,14.0,12.8,14.2,14.2,11.4,17.7,14.9,13.2,13.9,13.9,12.2,Histoire_Geo; Malgache; Mathematiques; Philosophie,comptabilité générale et analytique; sens de l'observation; persévérance; aisance relationnelle; esprit d'analyse,Économie; Gestion; Sport,a organisé une petite activité commerciale ou un projet associatif,Responsable des ressources humaines (volet juridique); Chargé de conformité,Bureau/Numérique,Droit et Techniques des Affaires,DTJA,Droit et Techniques Juridiques des Affaires,True,FIC
P00691,19,M,Alaotra-Mangoro,Professionnel et technique,MEMA,Industriel,7.28,6.1,6.9,5.7,8.4,6.8,11.0,7.3,8.3,6.4,6.0,8.4,6.1,Arts; EPS; Francais; Histoire_Geo; Philosophie,rigueur; sens de l'organisation; autonomie; langues étrangères; conception de produits touristiques; aisance relationnelle; management hôtelier et restauration,Hôtellerie; Langues étrangères; Bénévolat associatif,a organisé un voyage ou un événement pour son groupe d'amis; aime cuisiner et découvrir des plats d'autres cultures,Organisateur d'événements (MICE),Mixte/Itinérant,Tourisme,TEH,"Tourisme, Environnement et Hôtellerie",False,
P00692,19,M,Androy,Professionnel et technique,SS,Tertiaire,8.81,12.0,10.0,6.9,7.3,7.5,10.5,7.9,8.7,12.5,8.6,8.0,5.8,Anglais; Economie; Mathematiques; Physique_Chimie,pilotage et planification de projets; management stratégique; esprit d'équipe; autonomie; créativité; gestion financière prévisionnelle,Gestion; Entrepreneuriat; Sport,a participé à un club de débat ou un simulacre de procès au lycée; gère les comptes d'une association d'élèves; pratique un sport en club depuis plusieurs années,Consultant en management; Responsable suivi-évaluation de projets,Bureau/Numérique,Droit et Techniques des Affaires,EMP,Économie et Management de Projet,False,
P00693,19,F,Fitovinany,Professionnel et technique,TMEL,Industriel,13.18,15.3,12.6,10.5,11.5,11.4,11.9,12.7,12.4,12.0,15.7,18.0,14.2,Anglais; Arts; EPS; Mathematiques,"administration de bases de données; développement full-stack; aisance relationnelle; esprit d'analyse; programmation multi-langages (Java, C#, PHP, JavaScript); créativité; esprit d'équipe",Jeux vidéo; Musique,a monté et dépanné des ordinateurs pour son entourage; a participé à un club informatique ou de robotique au lycée; participe à des activités associatives ou de bénévolat,Ingénieur en génie logiciel; Expert en transformation digitale; avoir un poste à responsabilités,Bureau/Numérique,Informatique et Télécommunications,IGGLIA,"Informatique de Gestion, Génie Logiciel et Intelligence Artificielle",False,
P00694,17,F,Betsiboka,Professionnel et technique,TPFM,Industriel,10.45,6.2,10.0,10.2,10.7,12.7,9.0,10.0,14.1,12.2,10.0,10.0,10.3,Economie; Francais; Malgache; Philosophie,curiosité; droit des contrats et des sociétés; droit foncier et minier; sens de l'organisation; créativité; rigueur,Débat et droit; Entrepreneuriat,a participé à un club de débat ou un simulacre de procès au lycée; a organisé une petite activité commerciale ou un projet associatif; a occupé un petit job ou une activité rémunérée pendant les vacances,Assistant juridique; Expert en contentieux d'affaires,Bureau/Numérique,Droit et Techniques des Affaires,DTJA,Droit et Techniques Juridiques des Affaires,False,
P00695,20,M,Alaotra-Mangoro,Général,A2,,12.69,13.3,12.1,13.0,14.3,13.5,12.8,9.6,11.5,12.1,13.3,13.9,12.9,Arts; Francais; Malgache,persévérance; biochimie et R&D; normes HACCP et microbiologie; aisance relationnelle,Animaux; Agriculture,a participé à un club de sciences naturelles ou d'écologie; a occupé un petit job ou une activité rémunérée pendant les vacances,Ingénieur de production en industrie agroalimentaire; Consultant qualité,Laboratoire/Recherche,Biotechnologie et Agronomie,IAA,Industries Agroalimentaires,False,
P00696,18,M,Melaky,Professionnel et technique,TEV,Agricole,11.32,9.9,13.2,17.4,10.2,8.9,12.5,10.6,10.9,8.5,11.4,11.4,11.0,Anglais; Informatique; Physique_Chimie; SVT,curiosité; esprit d'analyse; normes HACCP et microbiologie; sens de l'observation; sécurité alimentaire; biochimie et R&D; esprit d'équipe,Animaux; Santé; Bénévolat associatif,s'occupe d'un petit élevage ou d'un jardin potager; aide régulièrement dans l'exploitation agricole familiale,Consultant qualité,Terrain/Extérieur,Biotechnologie et Agronomie,IAA,Industries Agroalimentaires,False,
P00697,20,M,Bongolava,Professionnel et technique,TOM,Industriel,11.03,11.9,15.4,7.6,10.1,10.9,10.2,10.3,11.3,13.4,9.0,12.5,9.8,Arts; Economie; Physique_Chimie,"rigueur; traitement du signal et automatique; administration de réseaux (GSM, TCP/IP); persévérance",Jeux vidéo; Robotique; Réseaux sociaux,a participé à un club informatique ou de robotique au lycée; a monté et dépanné des ordinateurs pour son entourage; participe à des activités associatives ou de bénévolat,Spécialiste en robotique et domotique; Ingénieur en télécommunications,Bureau/Numérique,Informatique et Télécommunications,ESIIA,"Électronique, Systèmes Informatiques et Intelligence Artificielle",False,
P00698,18,F,Atsinanana,Professionnel et technique,TPFM,Industriel,13.68,13.5,15.4,15.2,13.3,11.1,15.1,13.5,15.2,13.1,11.9,13.1,13.7,EPS; Philosophie; Physique_Chimie,"esprit d'analyse; automatismes (Grafcet, automates); créativité; esprit d'équipe; conception assistée par ordinateur (AutoCAD)",Mécanique; Musique,a démonté et réparé des appareils électroménagers ou mécaniques par curiosité; aide régulièrement à l'entretien de véhicules en famille,Ingénieur en électrotechnique; Ingénieur en bureau d'études mécanique; avoir un métier stable,Atelier/Industriel,Génie Industriel,EMII,Électromécanique et Informatique Industrielle,False,
P00699,19,M,Atsimo-Atsinanana,Général,A1,,13.09,13.9,14.0,14.0,13.9,11.3,11.1,13.2,9.9,13.6,14.0,14.1,14.1,Arts; EPS; SVT,analyse économique et économétrie; management stratégique; aisance relationnelle; sens de l'organisation; négociation et vente internationale; curiosité; rigueur,Actualité et politique; Entrepreneuriat; Bénévolat associatif,s'intéresse à l'actualité économique et suit des chaînes d'information,Responsable suivi-évaluation de projets; travailler à l'international,Bureau/Numérique,Droit et Techniques des Affaires,EMP,Économie et Management de Projet,True,CAA
P00700,20,M,Vatovavy,Professionnel et technique,TMF,Industriel,9.56,9.0,6.0,8.3,8.6,9.1,10.5,10.6,8.9,14.8,9.7,9.9,9.3,Anglais; Arts; Economie; Histoire_Geo; Informatique,aisance relationnelle; rigueur; analyse économique et économétrie,Gestion; Réseaux sociaux,gère les comptes d'une association d'élèves; a participé à un club de débat ou un simulacre de procès au lycée,Analyste économique; contribuer au développement de Madagascar,Contact clientèle/Relationnel,Droit et Techniques des Affaires,EMP,Économie et Management de Projet,False,
P00701,17,F,Atsimo-Atsinanana,Professionnel et technique,PCBTP,Génie civil / BTP,10.16,13.3,14.1,9.5,9.2,10.3,8.5,9.4,8.5,10.9,8.3,9.6,10.3,EPS; Economie; Malgache; Mathematiques; Physique_Chimie,calcul de structures (RDM); ingénierie des infrastructures routières et hydrauliques; persévérance; autonomie; esprit d'analyse,Urbanisme; Réseaux sociaux,a réalisé des maquettes ou des plans de construction pour un projet scolaire; aime dessiner des plans de maisons ou des croquis d'aménagement,Ingénieur en Bureau d'Études; Architecte junior,Chantier/BTP,Génie Civil et Architecture,GCA,Génie Civil et Architecture,False,
P00702,18,M,Vatovavy,Professionnel et technique,TAMB,Industriel,14.63,13.5,18.4,13.2,14.0,15.2,14.2,14.4,13.7,13.7,14.4,15.2,15.7,Anglais; Arts; Malgache; Physique_Chimie,créativité; électronique de puissance; sens de l'organisation; conception assistée par ordinateur (AutoCAD); maintenance industrielle pluridisciplinaire; esprit d'analyse; persévérance,Industrie; Mécanique,a démonté et réparé des appareils électroménagers ou mécaniques par curiosité,Concepteur de systèmes IoT industriels; Ingénieur en bureau d'études mécanique,Terrain/Extérieur,Génie Industriel,EMII,Électromécanique et Informatique Industrielle,False,
P00703,17,F,Sofia,Professionnel et technique,TPFM,Industriel,13.22,11.6,11.0,15.4,11.8,14.1,16.8,12.9,12.8,13.8,11.3,14.3,12.8,Anglais; Arts; SVT,autonomie; connaissance du patrimoine environnemental et culturel malgache; accueil et relation client; sens de l'organisation; rigueur; aisance relationnelle,Gastronomie; Langues étrangères; Bénévolat associatif,pratique l'anglais ou une autre langue étrangère en autodidacte,Gestionnaire de sites protégés,Mixte/Itinérant,Tourisme,TEH,"Tourisme, Environnement et Hôtellerie",True,TEE
P00704,18,M,Atsinanana,Professionnel et technique,TMEL,Industriel,11.17,12.4,13.9,8.7,14.8,9.6,10.6,11.6,10.0,10.6,12.4,8.7,10.7,Francais; Mathematiques; Physique_Chimie,sens de l'organisation; rigueur; créativité; maintenance industrielle pluridisciplinaire; aisance relationnelle; électronique de puissance,Automobile et aéronautique,a effectué un stage d'observation dans un atelier ou une usine; a participé à un club de robotique ou de modélisme,Responsable de production en usine,Atelier/Industriel,Génie Industriel,EMII,Électromécanique et Informatique Industrielle,False,
P00705,20,M,Alaotra-Mangoro,Professionnel et technique,PCBTP,Génie civil / BTP,10.99,13.8,11.0,10.0,11.1,10.9,11.1,10.2,9.9,14.1,9.0,9.7,11.1,Anglais; Economie; Francais; Mathematiques,audit financier; esprit d'équipe; curiosité; sens de l'observation,Économie; Musique,a organisé une petite activité commerciale ou un projet associatif,Directeur Administratif et Financier,Contact clientèle/Relationnel,Droit et Techniques des Affaires,FIC,Finances et Comptabilité,False,
P00706,20,M,Alaotra-Mangoro,Général,L,,10.89,10.5,10.9,10.5,9.7,8.0,9.1,13.7,10.7,15.3,11.2,10.1,11.0,Economie; Histoire_Geo; Informatique,aisance relationnelle; gestion financière prévisionnelle; pilotage et planification de projets; analyse économique et économétrie; esprit d'analyse,Économie; Lecture,s'intéresse à l'actualité économique et suit des chaînes d'information; a organisé une petite activité commerciale ou un projet associatif,Consultant en management,Contact clientèle/Relationnel,Droit et Techniques des Affaires,EMP,Économie et Management de Projet,False,
P00707,20,M,Analamanga,Professionnel et technique,MEMA,Industriel,10.35,12.6,9.9,10.3,8.6,12.3,8.6,13.0,9.8,12.5,9.6,8.6,8.4,Economie; Histoire_Geo; Malgache; Mathematiques; SVT,sens de l'organisation; management stratégique; rigueur; pilotage et planification de projets; analyse économique et économétrie,Gestion,a organisé une petite activité commerciale ou un projet associatif; a participé à un club de débat ou un simulacre de procès au lycée,Planificateur stratégique,Bureau/Numérique,Droit et Techniques des Affaires,EMP,Économie et Management de Projet,False,
P00708,17,M,Itasy,Professionnel et technique,TMEL,Industriel,10.82,10.3,9.9,8.6,11.0,11.7,13.9,13.8,8.5,9.2,11.6,13.0,8.4,Anglais; Arts; Histoire_Geo; Malgache,conception de produits touristiques; créativité; esprit d'équipe; rigueur; gestion environnementale de sites touristiques; sens de l'observation,Cultures du monde; Voyage,aime cuisiner et découvrir des plats d'autres cultures,Directeur d'établissement hôtelier; Organisateur d'événements (MICE); avoir un métier stable,Contact clientèle/Relationnel,Tourisme,TEH,"Tourisme, Environnement et Hôtellerie",False,
P00709,20,F,Amoron'i Mania,Professionnel et technique,TOM,Industriel,9.76,8.5,11.7,8.6,11.5,11.6,9.3,9.1,8.7,7.3,10.8,9.5,10.5,Francais; Informatique; Malgache; Physique_Chimie,autonomie; aisance relationnelle; curiosité; systèmes embarqués et IoT,Réseaux sociaux et numérique,a monté et dépanné des ordinateurs pour son entourage; participe à des activités associatives ou de bénévolat,Ingénieur système et réseau; avoir un métier stable,Bureau/Numérique,Informatique et Télécommunications,ESIIA,"Électronique, Systèmes Informatiques et Intelligence Artificielle",False,
P00710,19,F,Menabe,Général,D,,14.07,16.1,13.9,12.5,11.4,14.4,13.3,13.7,11.7,19.0,13.7,15.0,14.2,Arts; Economie; Mathematiques,sens de l'organisation; aisance relationnelle; fiscalité d'entreprise; analyse financière et gestion budgétaire; négociation et vente internationale; curiosité; rigueur,Actualité et politique; Gestion; Réseaux sociaux,gère les comptes d'une association d'élèves,Contrôleur de gestion; avoir un poste à responsabilités,Contact clientèle/Relationnel,Droit et Techniques des Affaires,FIC,Finances et Comptabilité,True,CAA
P00711,17,F,Diana,Technologique,TGI,Industriel,9.64,14.3,11.2,8.5,7.4,9.1,9.5,10.9,7.0,8.2,12.6,6.5,10.5,Histoire_Geo; Informatique; Mathematiques; Physique_Chimie,aisance relationnelle; curiosité; design UI/UX; développement full-stack; production et montage audiovisuel; sens de l'organisation,Réseaux sociaux et numérique,a suivi un tutoriel en ligne de programmation et créé un petit site web personnel; a créé un compte de jeu vidéo compétitif et anime une petite communauté en ligne,Architecte logiciel; Consultant en systèmes d'information et IA,Bureau/Numérique,Informatique et Télécommunications,IGGLIA,"Informatique de Gestion, Génie Logiciel et Intelligence Artificielle",True,IMTICIA
P00712,19,F,Anosy,Professionnel et technique,TMA,Industriel,9.22,14.8,8.9,7.2,7.8,9.3,7.5,8.5,8.4,8.4,13.6,7.2,9.0,Informatique; Malgache; Mathematiques,esprit d'analyse; administration de bases de données; aisance relationnelle; gestion de projets informatiques,Robotique; Bénévolat associatif,a suivi un tutoriel en ligne de programmation et créé un petit site web personnel,Chef de projet informatique; Administrateur de bases de données,Bureau/Numérique,Informatique et Télécommunications,IGGLIA,"Informatique de Gestion, Génie Logiciel et Intelligence Artificielle",True,IMTICIA
P00713,19,F,Atsimo-Atsinanana,Technologique,TGI,Industriel,11.16,11.6,8.6,8.6,13.0,10.1,12.0,9.9,11.8,11.7,14.1,13.8,8.7,Arts; EPS; Informatique,esprit d'analyse; sens de l'observation; sens de l'organisation; production et montage audiovisuel; autonomie,Technologie; Programmation; Lecture,a créé un compte de jeu vidéo compétitif et anime une petite communauté en ligne,Spécialiste en communication digitale / Community Manager; Directeur artistique numérique / Motion Designer; travailler à l'international,Bureau/Numérique,Informatique et Télécommunications,IMTICIA,"Informatique Multimédia, Technologie de l'Information et de la Communication et Intelligence Artificielle",False,
P00714,18,M,Anosy,Professionnel et technique,EN,Industriel,9.69,10.0,8.8,9.5,11.1,7.0,8.1,10.0,8.4,13.3,9.2,11.2,9.7,Arts; Economie; Francais; Mathematiques,négociation et vente internationale; aisance relationnelle; gestion d'entreprise; persévérance,Entrepreneuriat; Débat et droit; Lecture,a participé à un club de débat ou un simulacre de procès au lycée,Analyste économique; Consultant en management; créer sa propre entreprise,Bureau/Numérique,Droit et Techniques des Affaires,EMP,Économie et Management de Projet,True,CAA
P00715,20,M,Itasy,Professionnel et technique,CCBTP,Génie civil / BTP,15.07,13.4,14.7,13.5,14.5,15.3,16.9,15.7,14.5,17.2,14.0,15.5,15.6,Anglais; EPS; Economie; Histoire_Geo,stratégie marketing et commerciale; sens de l'organisation; négociation et vente internationale; persévérance,Économie; Entrepreneuriat; Bénévolat associatif,a participé à un club de débat ou un simulacre de procès au lycée; a organisé une petite activité commerciale ou un projet associatif,Manager de PME/PMI,Contact clientèle/Relationnel,Droit et Techniques des Affaires,CAA,Commerce et Administration des Affaires,False,
P00716,19,M,Androy,Général,S,,12.59,14.3,14.8,14.3,11.7,12.0,11.2,11.8,10.4,14.3,11.6,13.0,11.7,Arts; Economie; Mathematiques; Physique_Chimie; SVT,autonomie; pharmacologie; sens de l'organisation; esprit d'équipe; sens de l'observation; raffinage et pétrochimie; génie des procédés chimiques,Animaux; Automobile et aéronautique,aide régulièrement à l'entretien de véhicules en famille; aide régulièrement dans l'exploitation agricole familiale,Responsable de production pharmaceutique; Responsable contrôle qualité; avoir un métier stable,Terrain/Extérieur,Biotechnologie et Agronomie,PIP,Pharmacologie et Industries Pharmaceutiques,True,ICMP
P00717,18,F,Bongolava,Professionnel et technique,TMF,Industriel,8.83,12.3,6.9,7.8,6.8,7.7,9.9,9.0,5.4,10.1,8.7,8.5,12.9,Anglais; EPS; Economie; Histoire_Geo; Mathematiques,analyse statistique et probabilités appliquées; business intelligence; esprit d'analyse; curiosité; créativité,Jeux vidéo; Musique,a participé à un club informatique ou de robotique au lycée,Ingénieur Machine Learning; Analyste Big Data; contribuer au développement de Madagascar,Bureau/Numérique,Informatique et Télécommunications,ISAIA,"Informatique, Statistique Appliquée et Intelligence Artificielle",False,
P00718,20,M,Bongolava,Professionnel et technique,TPFM,Industriel,9.13,8.0,12.7,9.1,6.1,9.7,10.8,7.7,9.7,9.1,7.6,9.7,9.4,Anglais; Histoire_Geo; Malgache; Physique_Chimie,sens de l'organisation; esprit d'analyse; business intelligence; machine learning et deep learning; analyse statistique et probabilités appliquées,Réseaux sociaux et numérique; Jeux vidéo; Lecture,a participé à un club informatique ou de robotique au lycée; a créé un compte de jeu vidéo compétitif et anime une petite communauté en ligne; pratique un sport en club depuis plusieurs années,Data Analyst,Bureau/Numérique,Informatique et Télécommunications,ISAIA,"Informatique, Statistique Appliquée et Intelligence Artificielle",False,
P00719,19,F,Analanjirofo,Technologique,TGI,Industriel,12.78,13.2,12.7,12.5,11.1,14.1,10.4,15.8,8.6,15.7,13.7,13.4,12.2,Arts; Economie; Histoire_Geo; Informatique; Malgache,sens de l'observation; pilotage et planification de projets; esprit d'analyse; gestion financière prévisionnelle,Débat et droit; Sport,a organisé une petite activité commerciale ou un projet associatif; a participé à un club de débat ou un simulacre de procès au lycée,Responsable suivi-évaluation de projets; avoir un poste à responsabilités,Bureau/Numérique,Droit et Techniques des Affaires,EMP,Économie et Management de Projet,False,
P00720,20,F,Fitovinany,Technologique,TGI,Industriel,10.43,12.4,12.4,12.1,10.0,9.2,9.2,11.0,9.8,8.9,13.0,10.3,6.8,Informatique; Mathematiques; Physique_Chimie; SVT,esprit d'équipe; développement full-stack; gestion de projets informatiques; persévérance; curiosité,Réseaux sociaux et numérique; Programmation; Lecture,a créé un compte de jeu vidéo compétitif et anime une petite communauté en ligne; a occupé un petit job ou une activité rémunérée pendant les vacances,Chef de projet informatique; avoir un poste à responsabilités,Bureau/Numérique,Informatique et Télécommunications,IGGLIA,"Informatique de Gestion, Génie Logiciel et Intelligence Artificielle",False,
P00721,17,M,Betsiboka,Professionnel et technique,PCBTP,Génie civil / BTP,14.2,15.4,13.6,12.2,14.8,13.9,17.1,12.3,15.3,15.0,13.6,14.1,13.1,Anglais; Mathematiques; Philosophie,esprit d'analyse; gestion environnementale de sites touristiques; autonomie; esprit d'équipe; accueil et relation client; sens de l'observation,Gastronomie,aime cuisiner et découvrir des plats d'autres cultures; a effectué un stage d'observation dans un hôtel ou une agence de voyage,Gestionnaire de sites protégés; Chef de produit touristique,Contact clientèle/Relationnel,Tourisme,TEH,"Tourisme, Environnement et Hôtellerie",False,
P00722,18,M,Anosy,Professionnel et technique,TMF,Industriel,13.29,14.3,16.1,9.0,13.4,10.8,13.9,11.7,13.1,14.6,13.9,14.4,14.3,Arts; Economie; Mathematiques; Physique_Chimie,"esprit d'analyse; maintenance industrielle pluridisciplinaire; sens de l'organisation; automatismes (Grafcet, automates); curiosité; esprit d'équipe; conception assistée par ordinateur (AutoCAD)",Industrie; Bricolage; Bénévolat associatif,a démonté et réparé des appareils électroménagers ou mécaniques par curiosité; aide régulièrement à l'entretien de véhicules en famille; participe à des activités associatives ou de bénévolat,Ingénieur en bureau d'études mécanique; Concepteur de systèmes IoT industriels; contribuer au développement de Madagascar,Terrain/Extérieur,Génie Industriel,EMII,Électromécanique et Informatique Industrielle,False,
P00723,20,F,Bongolava,Professionnel et technique,TAG,Agricole,12.38,12.2,15.4,14.8,11.0,12.5,10.8,12.0,11.4,11.1,12.6,12.2,12.6,EPS; Informatique; Malgache; Physique_Chimie; SVT,créativité; sens de l'observation; esprit d'analyse; transformation agroalimentaire; biochimie et R&D; curiosité,Animaux; Bénévolat associatif,a réalisé un exposé scolaire sur la santé ou la biologie; s'occupe d'un petit élevage ou d'un jardin potager; participe à des activités associatives ou de bénévolat,Consultant qualité; Chef de production,Terrain/Extérieur,Biotechnologie et Agronomie,IAA,Industries Agroalimentaires,False,
P00724,17,M,Atsimo-Atsinanana,Professionnel et technique,DAMB,Industriel,10.68,11.5,14.3,12.9,10.3,8.0,7.9,9.4,11.3,9.6,11.0,11.8,10.1,Arts; Mathematiques; Physique_Chimie; SVT,raffinage et pétrochimie; sens de l'organisation; génie des procédés chimiques; autonomie; hygiène sécurité environnement (HSE); curiosité; aisance relationnelle,Électronique; Automobile et aéronautique; Sport,a démonté et réparé des appareils électroménagers ou mécaniques par curiosité; a participé à un club de robotique ou de modélisme; pratique un sport en club depuis plusieurs années,Ingénieur de laboratoire d'analyses,Atelier/Industriel,Génie Industriel,ICMP,"Industries Chimiques, Minières et Pétrolières",False,
P00725,18,M,Alaotra-Mangoro,Général,D,,11.46,10.4,12.1,13.7,12.5,8.8,11.2,10.3,11.1,13.9,10.6,9.7,13.2,EPS; Economie; Francais; Histoire_Geo,analyses de laboratoire; autonomie; gestion de laboratoire d'analyses médicales; créativité; curiosité; esprit d'équipe,Bricolage; Automobile et aéronautique,s'occupe d'un petit élevage ou d'un jardin potager,Délégué médical; avoir un poste à responsabilités,Terrain/Extérieur,Biotechnologie et Agronomie,PIP,Pharmacologie et Industries Pharmaceutiques,True,ICMP
P00726,17,M,Betsiboka,Professionnel et technique,EN,Industriel,13.1,12.9,13.1,11.0,14.2,12.1,11.7,12.3,13.1,14.1,15.3,13.9,13.5,Arts; EPS; Economie; Francais; Informatique,sens de l'organisation; créativité; traitement du signal et automatique; robotique et domotique,Robotique; Lecture,a monté et dépanné des ordinateurs pour son entourage; a participé à un club informatique ou de robotique au lycée,Architecte Hardware; Spécialiste en robotique et domotique; travailler à l'international,Bureau/Numérique,Informatique et Télécommunications,ESIIA,"Électronique, Systèmes Informatiques et Intelligence Artificielle",False,
P00727,18,F,Atsimo-Atsinanana,Général,D,,12.12,9.6,11.0,12.4,11.5,13.3,15.9,12.6,10.3,12.5,9.7,13.1,13.5,Anglais; Arts; EPS; Histoire_Geo; Malgache,conception de produits touristiques; esprit d'équipe; autonomie; esprit d'analyse; créativité,Cultures du monde,aime cuisiner et découvrir des plats d'autres cultures; a occupé un petit job ou une activité rémunérée pendant les vacances,Directeur d'établissement hôtelier; Responsable écotourisme,Mixte/Itinérant,Tourisme,TEH,"Tourisme, Environnement et Hôtellerie",False,
P00728,20,M,Melaky,Professionnel et technique,PCBTP,Génie civil / BTP,10.57,11.5,8.4,11.0,9.0,12.3,8.4,10.0,12.0,16.0,9.8,10.4,8.0,Economie; Malgache; Philosophie,aisance relationnelle; stratégie marketing et commerciale; créativité; sens de l'organisation; esprit d'équipe,Actualité et politique; Entrepreneuriat; Réseaux sociaux,a organisé une petite activité commerciale ou un projet associatif; participe à des activités associatives ou de bénévolat,Contrôleur de gestion,Contact clientèle/Relationnel,Droit et Techniques des Affaires,FIC,Finances et Comptabilité,True,CAA
P00729,17,M,Vakinankaratra,Professionnel et technique,TMA,Industriel,12.12,14.1,9.4,9.5,16.0,9.9,12.9,10.2,9.7,10.7,15.4,11.4,16.3,EPS; Francais; Informatique; Mathematiques,aisance relationnelle; rigueur; persévérance; business intelligence; autonomie; analyse statistique et probabilités appliquées; machine learning et deep learning,Jeux vidéo; Réseaux sociaux et numérique; Réseaux sociaux,a participé à un club informatique ou de robotique au lycée; participe à des activités associatives ou de bénévolat,Ingénieur Machine Learning; Data Scientist,Bureau/Numérique,Informatique et Télécommunications,ISAIA,"Informatique, Statistique Appliquée et Intelligence Artificielle",False,
P00730,17,F,Betsiboka,Général,S,,12.45,10.9,14.7,14.0,10.2,12.1,11.6,12.9,13.1,13.9,10.9,12.1,13.0,Economie; Physique_Chimie; SVT,curiosité; persévérance; esprit d'analyse; sens de l'organisation; conception architecturale (AutoCAD/ArchiCAD),Architecture,aime dessiner des plans de maisons ou des croquis d'aménagement; participe à des activités associatives ou de bénévolat,Architecte junior; Entrepreneur en BTP,Chantier/BTP,Génie Civil et Architecture,GCA,Génie Civil et Architecture,False,
P00731,20,M,Androy,Général,D,,8.53,8.8,9.9,14.6,7.4,7.2,7.5,8.1,9.4,6.8,5.3,8.5,8.9,EPS; Mathematiques; Philosophie; Physique_Chimie; SVT,pharmacologie; aisance relationnelle; persévérance,Environnement; Nature; Lecture,aide régulièrement dans l'exploitation agricole familiale; a occupé un petit job ou une activité rémunérée pendant les vacances,Responsable contrôle qualité,Terrain/Extérieur,Biotechnologie et Agronomie,PIP,Pharmacologie et Industries Pharmaceutiques,False,
P00732,17,F,Vakinankaratra,Technologique,TTER,Tertiaire,14.78,13.6,15.5,12.0,18.2,14.2,16.1,15.9,14.9,13.2,16.1,15.9,11.8,Anglais; Francais; Histoire_Geo; Informatique,rigueur; gestion des litiges commerciaux; droit des contrats et des sociétés; curiosité; droit foncier et minier; esprit d'équipe,Actualité et politique; Économie,a participé à un club de débat ou un simulacre de procès au lycée; participe à des activités associatives ou de bénévolat,Expert en contentieux d'affaires; Chargé de conformité,Contact clientèle/Relationnel,Droit et Techniques des Affaires,DTJA,Droit et Techniques Juridiques des Affaires,False,
P00733,19,M,Sava,Professionnel et technique,EN,Industriel,11.72,17.1,12.1,12.1,11.6,11.8,8.5,9.4,9.2,13.0,14.5,11.3,10.1,Economie; Informatique; Mathematiques; Physique_Chimie; SVT,curiosité; persévérance; business intelligence; traitement de données massives (Big Data),Programmation; Technologie; Lecture,a monté et dépanné des ordinateurs pour son entourage,Statisticien financier,Bureau/Numérique,Informatique et Télécommunications,ISAIA,"Informatique, Statistique Appliquée et Intelligence Artificielle",False,
P00734,19,F,Itasy,Général,S,,8.82,9.2,8.2,7.7,8.7,8.6,10.9,5.8,9.6,14.1,6.6,9.7,6.8,Anglais; Arts; Economie; Mathematiques; Philosophie,négociation et vente internationale; créativité; aisance relationnelle; persévérance,Actualité et politique; Débat et droit,s'intéresse à l'actualité économique et suit des chaînes d'information,Gestionnaire administratif et financier,Contact clientèle/Relationnel,Droit et Techniques des Affaires,CAA,Commerce et Administration des Affaires,False,
P00735,20,M,Anosy,Technologique,TGI,Industriel,9.53,10.8,9.2,7.6,13.4,9.2,8.9,9.3,6.4,12.9,9.9,9.3,7.5,Economie; Francais; Mathematiques,gestion financière prévisionnelle; sens de l'organisation; pilotage et planification de projets; management stratégique; curiosité,Débat et droit; Réseaux sociaux,a organisé une petite activité commerciale ou un projet associatif; s'intéresse à l'actualité économique et suit des chaînes d'information; participe à des activités associatives ou de bénévolat,Planificateur stratégique; avoir un métier stable,Contact clientèle/Relationnel,Droit et Techniques des Affaires,EMP,Économie et Management de Projet,False,
P00736,20,F,Vakinankaratra,Technologique,TGC,Génie civil,13.16,13.8,12.4,12.7,16.9,13.9,12.9,12.8,14.3,11.0,11.3,14.0,11.9,Arts; Francais; Philosophie,gestion des litiges commerciaux; droit foncier et minier; stratégie marketing et commerciale; sens de l'organisation; autonomie; esprit d'équipe,Entrepreneuriat; Économie; Lecture,a participé à un club de débat ou un simulacre de procès au lycée; a occupé un petit job ou une activité rémunérée pendant les vacances,Expert en contentieux d'affaires; Assistant juridique,Bureau/Numérique,Droit et Techniques des Affaires,DTJA,Droit et Techniques Juridiques des Affaires,True,CAA
P00737,19,M,Sofia,Professionnel et technique,TAMB,Industriel,13.55,16.0,11.3,12.8,13.9,11.2,12.4,13.8,13.8,19.7,12.6,12.2,12.9,Economie; Francais; Mathematiques; Philosophie,créativité; curiosité; aisance relationnelle; pilotage et planification de projets; analyse économique et économétrie,Débat et droit; Actualité et politique,gère les comptes d'une association d'élèves; pratique un sport en club depuis plusieurs années,Planificateur stratégique; Chef de projet,Contact clientèle/Relationnel,Droit et Techniques des Affaires,EMP,Économie et Management de Projet,False,
P00738,18,M,Diana,Professionnel et technique,TMA,Industriel,9.65,8.9,11.6,5.4,8.7,12.4,12.2,9.5,9.9,11.4,10.4,8.1,7.3,Anglais; Economie; Informatique; Malgache; Physique_Chimie,créativité; esprit d'équipe; analyse statistique et probabilités appliquées,Technologie; Programmation,a participé à un club informatique ou de robotique au lycée,Ingénieur Machine Learning; Analyste Big Data,Bureau/Numérique,Informatique et Télécommunications,ISAIA,"Informatique, Statistique Appliquée et Intelligence Artificielle",False,
P00739,19,M,Analamanga,Général,C,,10.78,12.9,13.5,11.6,9.8,9.1,8.3,12.2,14.2,8.4,11.3,9.1,8.9,Arts; Mathematiques; Philosophie; Physique_Chimie; SVT,sécurité alimentaire; gestion de laboratoire d'analyses médicales; créativité; persévérance; phytochimie; sens de l'observation,Animaux; Nature; Bénévolat associatif,aide régulièrement dans l'exploitation agricole familiale; s'occupe d'un petit élevage ou d'un jardin potager,Ingénieur de production en industrie agroalimentaire; créer sa propre entreprise,Laboratoire/Recherche,Biotechnologie et Agronomie,IAA,Industries Agroalimentaires,True,PIP
P00740,17,F,Atsimo-Atsinanana,Professionnel et technique,DAMB,Industriel,14.93,12.8,13.7,13.2,15.8,13.5,18.4,18.8,15.7,11.4,16.4,15.8,13.7,Anglais; Francais; Histoire_Geo; Informatique,accueil et relation client; sens de l'observation; langues étrangères; créativité; management hôtelier et restauration,Gastronomie; Cultures du monde; Bénévolat associatif,a effectué un stage d'observation dans un hôtel ou une agence de voyage; pratique un sport en club depuis plusieurs années,Directeur d'établissement hôtelier,Mixte/Itinérant,Tourisme,TEH,"Tourisme, Environnement et Hôtellerie",False,
P00741,18,M,Alaotra-Mangoro,Technologique,TGI,Industriel,11.09,11.4,11.3,12.4,12.8,12.3,9.0,12.5,12.4,8.5,9.5,10.5,10.5,Francais; Histoire_Geo; Informatique; Philosophie; SVT,aisance relationnelle; gestion de trésorerie; persévérance; créativité; comptabilité générale et analytique,Actualité et politique; Économie; Bénévolat associatif,a organisé une petite activité commerciale ou un projet associatif,Directeur Administratif et Financier; avoir un poste à responsabilités,Contact clientèle/Relationnel,Droit et Techniques des Affaires,FIC,Finances et Comptabilité,False,
P00742,20,F,Anosy,Professionnel et technique,EN,Industriel,14.53,16.4,13.9,9.9,14.8,14.3,14.6,14.2,13.9,15.0,18.2,14.2,15.0,Economie; Histoire_Geo; Mathematiques,business intelligence; esprit d'analyse; traitement de données massives (Big Data); curiosité,Robotique; Jeux vidéo; Musique,a participé à un club informatique ou de robotique au lycée; participe à des activités associatives ou de bénévolat,Data Analyst,Bureau/Numérique,Informatique et Télécommunications,ISAIA,"Informatique, Statistique Appliquée et Intelligence Artificielle",False,
P00743,18,F,Atsimo-Atsinanana,Professionnel et technique,MEMA,Industriel,14.96,13.3,19.7,13.1,15.9,14.5,12.4,17.4,14.6,10.1,18.6,14.9,15.0,Francais; Histoire_Geo; Informatique; Physique_Chimie,conception assistée par ordinateur (AutoCAD); créativité; rigueur,Industrie; Réseaux sociaux et numérique,a participé à un club informatique ou de robotique au lycée; a effectué un stage d'observation dans un atelier ou une usine,Ingénieur en télécommunications; Ingénieur système et réseau,Bureau/Numérique,Informatique et Télécommunications,ESIIA,"Électronique, Systèmes Informatiques et Intelligence Artificielle",True,EMII
P00744,17,M,Fitovinany,Professionnel et technique,TMF,Industriel,9.57,9.5,11.2,9.5,12.2,10.2,7.7,8.7,7.5,9.0,9.3,10.3,9.8,Arts; Francais; Malgache; Physique_Chimie,créativité; rigueur; maintenance industrielle pluridisciplinaire,Mécanique; Programmation; Bénévolat associatif,a créé un compte de jeu vidéo compétitif et anime une petite communauté en ligne; participe à des activités associatives ou de bénévolat,Spécialiste en robotique et domotique; Expert en systèmes embarqués et IoT; avoir un métier stable,Atelier/Industriel,Informatique et Télécommunications,ESIIA,"Électronique, Systèmes Informatiques et Intelligence Artificielle",True,EMII
P00745,18,F,Vakinankaratra,Professionnel et technique,SS,Tertiaire,12.15,11.8,11.6,11.4,11.2,13.6,14.9,12.4,12.7,12.6,11.1,9.0,13.5,Anglais; EPS; Economie; Malgache; Philosophie,sens de l'observation; aisance relationnelle; sens de l'organisation; curiosité; conception de produits touristiques,Voyage; Langues étrangères,pratique l'anglais ou une autre langue étrangère en autodidacte; a effectué un stage d'observation dans un hôtel ou une agence de voyage,Professionnel du secteur du tourisme,Contact clientèle/Relationnel,Tourisme,TEE,Tourisme et Environnement,True,TEH
P00746,19,M,Amoron'i Mania,Professionnel et technique,TFFI,Industriel,15.98,16.8,14.0,15.6,15.2,15.2,17.9,16.2,13.8,16.0,18.3,15.8,17.0,Anglais; EPS; Informatique; Mathematiques,management hôtelier et restauration; sens de l'organisation; langues étrangères; créativité; aisance relationnelle; persévérance; accueil et relation client,Gastronomie; Cultures du monde,a effectué un stage d'observation dans un hôtel ou une agence de voyage; pratique l'anglais ou une autre langue étrangère en autodidacte; a occupé un petit job ou une activité rémunérée pendant les vacances,Organisateur d'événements (MICE); créer sa propre entreprise,Mixte/Itinérant,Tourisme,TEH,"Tourisme, Environnement et Hôtellerie",False,
P00747,17,F,Vakinankaratra,Professionnel et technique,TFFI,Industriel,12.49,14.3,11.1,11.1,13.4,10.0,13.8,12.1,12.8,11.4,16.9,10.1,12.9,Anglais; Francais; Informatique; SVT,rigueur; administration de bases de données; esprit d'équipe; production et montage audiovisuel; créativité; aisance relationnelle,Jeux vidéo; Programmation; Sport,a monté et dépanné des ordinateurs pour son entourage; a occupé un petit job ou une activité rémunérée pendant les vacances,Développeur Full-Stack (Web & Mobile); Administrateur de bases de données; contribuer au développement de Madagascar,Bureau/Numérique,Informatique et Télécommunications,IGGLIA,"Informatique de Gestion, Génie Logiciel et Intelligence Artificielle",True,IMTICIA
P00748,20,M,Melaky,Professionnel et technique,MEMA,Industriel,12.24,10.1,13.9,10.4,9.0,12.5,12.4,10.5,14.4,14.4,11.9,14.4,13.0,Arts; EPS; Economie; Philosophie; Physique_Chimie,production et montage audiovisuel; communication digitale et PAO; curiosité; aisance relationnelle; autonomie,Jeux vidéo; Robotique; Réseaux sociaux,a suivi un tutoriel en ligne de programmation et créé un petit site web personnel; participe à des activités associatives ou de bénévolat,Spécialiste en communication digitale / Community Manager; Ingénieur en technologies de la communication,Bureau/Numérique,Informatique et Télécommunications,IMTICIA,"Informatique Multimédia, Technologie de l'Information et de la Communication et Intelligence Artificielle",False,
P00749,18,F,Fitovinany,Général,C,,15.62,16.7,16.3,16.9,15.3,15.0,14.7,15.7,14.5,14.9,16.1,15.1,16.3,EPS; Mathematiques; Physique_Chimie; SVT,sécurité alimentaire; transformation agroalimentaire; esprit d'équipe; autonomie; sens de l'organisation,Santé; Sport,a participé à un club de sciences naturelles ou d'écologie; a occupé un petit job ou une activité rémunérée pendant les vacances,Consultant qualité; Responsable Qualité et Hygiène; contribuer au développement de Madagascar,Terrain/Extérieur,Biotechnologie et Agronomie,IAA,Industries Agroalimentaires,False,
P00750,18,F,Diana,Général,D,,12.76,12.8,16.1,11.3,13.1,11.1,12.4,13.4,13.6,12.5,11.2,11.9,13.7,EPS; Francais; Histoire_Geo; Philosophie; Physique_Chimie,"autonomie; traitement du signal et automatique; administration de réseaux (GSM, TCP/IP); créativité; maintenance hardware et microcontrôleurs; esprit d'équipe",Programmation,a monté et dépanné des ordinateurs pour son entourage; a suivi un tutoriel en ligne de programmation et créé un petit site web personnel,Spécialiste en robotique et domotique; Ingénieur en télécommunications,Mixte/Itinérant,Informatique et Télécommunications,ESIIA,"Électronique, Systèmes Informatiques et Intelligence Artificielle",False,
P00751,19,M,Bongolava,Général,C,,11.24,10.0,7.8,11.0,13.8,11.3,13.4,11.0,10.3,15.9,10.1,11.9,8.4,Anglais; Economie; Francais,rigueur; gestion d'entreprise; sens de l'observation,Débat et droit; Lecture,gère les comptes d'une association d'élèves; a participé à un club de débat ou un simulacre de procès au lycée; a occupé un petit job ou une activité rémunérée pendant les vacances,Gestionnaire administratif et financier; Manager de PME/PMI,Contact clientèle/Relationnel,Droit et Techniques des Affaires,CAA,Commerce et Administration des Affaires,False,
P00752,17,F,Betsiboka,Professionnel et technique,TEV,Agricole,12.18,14.1,11.0,14.2,11.1,9.4,12.9,13.9,14.8,11.7,10.5,11.6,10.9,Mathematiques; Philosophie; SVT,sens de l'observation; développement rural; productions végétales et animales; esprit d'analyse; autonomie; zootechnie et pisciculture,Agriculture,a réalisé un exposé scolaire sur la santé ou la biologie; participe à des activités associatives ou de bénévolat,Responsable de production animale; avoir un poste à responsabilités,Terrain/Extérieur,Biotechnologie et Agronomie,AEE,Agriculture et Élevage,False,
P00753,17,F,Analanjirofo,Général,S,,12.75,13.9,10.6,13.6,14.3,10.3,11.5,15.7,11.8,11.0,11.2,15.7,13.4,Arts; Francais; Histoire_Geo,créativité; sens de l'observation; administration de bases de données; production et montage audiovisuel,Jeux vidéo; Robotique; Bénévolat associatif,a suivi un tutoriel en ligne de programmation et créé un petit site web personnel; a monté et dépanné des ordinateurs pour son entourage,Administrateur de bases de données; Consultant en systèmes d'information et IA; avoir un métier stable,Bureau/Numérique,Informatique et Télécommunications,IGGLIA,"Informatique de Gestion, Génie Logiciel et Intelligence Artificielle",True,IMTICIA
P00754,18,M,Vakinankaratra,Général,S,,11.42,9.3,10.9,12.5,11.2,10.7,9.9,10.9,11.4,10.5,17.2,11.4,11.1,Informatique; Philosophie; SVT,"aisance relationnelle; curiosité; gestion de projets informatiques; rigueur; conception logicielle (UML, Merise); esprit d'analyse",Jeux vidéo,a créé un compte de jeu vidéo compétitif et anime une petite communauté en ligne; a participé à un club informatique ou de robotique au lycée,Architecte logiciel,Mixte/Itinérant,Informatique et Télécommunications,IGGLIA,"Informatique de Gestion, Génie Logiciel et Intelligence Artificielle",False,
P00755,17,M,Anosy,Général,D,,13.14,15.0,11.4,14.1,12.1,11.2,11.5,12.8,13.1,16.4,14.0,11.4,14.7,EPS; Economie; Informatique; Mathematiques; SVT,rigueur; sens de l'observation; autonomie; comptabilité générale et analytique; gestion d'entreprise; stratégie marketing et commerciale,Gestion; Musique,gère les comptes d'une association d'élèves; a organisé une petite activité commerciale ou un projet associatif; pratique un sport en club depuis plusieurs années,Chef Comptable; travailler à l'international,Bureau/Numérique,Droit et Techniques des Affaires,FIC,Finances et Comptabilité,True,CAA
P00756,17,F,Vatovavy,Professionnel et technique,TFFI,Industriel,15.34,14.3,15.9,13.4,14.5,16.2,15.4,13.9,15.7,16.4,18.6,14.3,15.5,Economie; Informatique; Malgache; Physique_Chimie,sens de l'observation; développement web et mobile multimédia; autonomie; persévérance; communication digitale et PAO; production et montage audiovisuel,Technologie; Sport,a participé à un club informatique ou de robotique au lycée; a suivi un tutoriel en ligne de programmation et créé un petit site web personnel; participe à des activités associatives ou de bénévolat,Webmaster; avoir un poste à responsabilités,Bureau/Numérique,Informatique et Télécommunications,IMTICIA,"Informatique Multimédia, Technologie de l'Information et de la Communication et Intelligence Artificielle",False,
P00757,18,F,Menabe,Professionnel et technique,CCBTP,Génie civil / BTP,14.74,15.4,13.3,12.3,16.1,15.8,17.5,13.6,14.3,13.4,14.7,13.4,17.1,Anglais; EPS; Francais; Malgache,sens de l'observation; sensibilisation au tourisme durable; rigueur; curiosité,Gastronomie; Hôtellerie,a organisé un voyage ou un événement pour son groupe d'amis; a effectué un stage d'observation dans un hôtel ou une agence de voyage,Chargé de valorisation touristique et environnementale; Professionnel du secteur du tourisme; contribuer au développement de Madagascar,Mixte/Itinérant,Tourisme,TEE,Tourisme et Environnement,False,
P00758,19,M,Androy,Général,S,,10.12,12.5,13.8,9.6,9.9,10.2,6.6,11.7,9.8,10.2,8.6,12.0,6.5,Arts; Histoire_Geo; Mathematiques; Physique_Chimie,sens de l'organisation; gestion de production industrielle; curiosité; conception assistée par ordinateur (AutoCAD),Industrie; Bricolage; Lecture,a participé à un club de robotique ou de modélisme,Concepteur de systèmes IoT industriels; avoir un poste à responsabilités,Terrain/Extérieur,Génie Industriel,EMII,Électromécanique et Informatique Industrielle,False,
P00759,17,M,Sava,Technologique,TGI,Industriel,11.75,10.1,11.9,9.3,11.6,11.1,13.8,9.3,11.8,11.2,14.9,12.9,13.1,Anglais; EPS,design UI/UX; créativité; aisance relationnelle; développement web et mobile multimédia,Robotique; Bénévolat associatif,a créé un compte de jeu vidéo compétitif et anime une petite communauté en ligne; pratique un sport en club depuis plusieurs années,Spécialiste en communication digitale / Community Manager; UX/UI Designer,Mixte/Itinérant,Informatique et Télécommunications,IMTICIA,"Informatique Multimédia, Technologie de l'Information et de la Communication et Intelligence Artificielle",False,
P00760,19,M,Atsinanana,Général,S,,10.63,9.9,12.9,10.5,11.6,10.1,10.1,9.5,9.7,8.8,11.5,12.1,10.9,Arts; EPS; Informatique; Physique_Chimie,formulation pharmaceutique; pharmacologie; rigueur; créativité,Santé; Nature; Musique,a participé à un club de sciences naturelles ou d'écologie; a réalisé un exposé scolaire sur la santé ou la biologie,Responsable de production pharmaceutique,Terrain/Extérieur,Biotechnologie et Agronomie,PIP,Pharmacologie et Industries Pharmaceutiques,False,
P00761,20,M,Amoron'i Mania,Professionnel et technique,TPFM,Industriel,12.48,12.8,15.1,13.1,9.4,10.0,12.0,12.6,13.3,12.7,15.7,10.1,13.0,EPS; Francais; Informatique; Philosophie; SVT,"traitement du signal et automatique; gestion de production industrielle; autonomie; automatismes (Grafcet, automates); persévérance; esprit d'équipe; curiosité",Technologie; Électronique,a participé à un club de robotique ou de modélisme,Ingénieur en bureau d'études mécanique; Responsable de production en usine,Atelier/Industriel,Génie Industriel,EMII,Électromécanique et Informatique Industrielle,True,ESIIA
P00762,19,F,Alaotra-Mangoro,Professionnel et technique,MEMA,Industriel,12.8,9.8,10.4,13.0,17.2,16.7,9.7,11.8,12.7,12.9,15.5,12.5,11.4,Francais; Informatique; Malgache,sensibilisation au tourisme durable; connaissance du patrimoine environnemental et culturel malgache; sens de l'observation; curiosité,Voyage; Réseaux sociaux,a effectué un stage d'observation dans un hôtel ou une agence de voyage; participe à des activités associatives ou de bénévolat,Professionnel du secteur du tourisme,Contact clientèle/Relationnel,Tourisme,TEE,Tourisme et Environnement,False,
P00763,20,M,Atsimo-Andrefana,Général,S,,10.23,8.7,7.5,10.9,10.9,12.4,9.6,12.0,6.7,10.5,12.2,10.2,11.2,EPS; Informatique; Malgache; SVT,rigueur; autonomie; aisance relationnelle; transformation agroalimentaire,Nature; Lecture,aide régulièrement dans l'exploitation agricole familiale; participe à des activités associatives ou de bénévolat,Chargé de R&D alimentaire; Chef de production,Laboratoire/Recherche,Biotechnologie et Agronomie,IAA,Industries Agroalimentaires,False,
P00764,20,M,Itasy,Professionnel et technique,TMEL,Industriel,11.78,15.5,13.9,10.3,9.3,9.6,13.1,12.8,11.1,10.2,13.7,11.3,10.5,Anglais; Informatique; Mathematiques; Physique_Chimie,"conception logicielle (UML, Merise); administration de bases de données; sens de l'organisation; esprit d'équipe",Jeux vidéo,a participé à un club informatique ou de robotique au lycée,Ingénieur en génie logiciel; contribuer au développement de Madagascar,Bureau/Numérique,Informatique et Télécommunications,IGGLIA,"Informatique de Gestion, Génie Logiciel et Intelligence Artificielle",False,
P00765,20,M,Vatovavy,Professionnel et technique,TMA,Industriel,10.17,15.4,9.6,11.1,11.1,8.2,10.8,7.4,10.2,10.8,12.0,9.3,6.1,Informatique; Mathematiques; Physique_Chimie,gestion de projets informatiques; créativité; curiosité; administration de bases de données; aisance relationnelle; autonomie,Technologie; Lecture,a participé à un club informatique ou de robotique au lycée; a suivi un tutoriel en ligne de programmation et créé un petit site web personnel,Ingénieur en génie logiciel; Consultant en systèmes d'information et IA,Bureau/Numérique,Informatique et Télécommunications,IGGLIA,"Informatique de Gestion, Génie Logiciel et Intelligence Artificielle",False,
P00766,19,M,Boeny,Professionnel et technique,EN,Industriel,12.44,16.4,9.9,15.7,11.8,11.3,7.7,12.8,12.2,9.4,16.1,12.4,13.6,Informatique; Mathematiques; SVT,"esprit d'équipe; administration de bases de données; sens de l'organisation; conception logicielle (UML, Merise); curiosité",Technologie,a participé à un club informatique ou de robotique au lycée; a monté et dépanné des ordinateurs pour son entourage,Ingénieur en génie logiciel; Chef de projet informatique; avoir un métier stable,Bureau/Numérique,Informatique et Télécommunications,IGGLIA,"Informatique de Gestion, Génie Logiciel et Intelligence Artificielle",False,
P00767,20,F,Betsiboka,Général,L,,8.68,9.5,8.5,8.7,9.3,8.5,11.5,6.3,10.6,8.5,8.2,9.0,5.5,Anglais; Francais; Mathematiques; Philosophie,fiscalité d'entreprise; persévérance; curiosité; comptabilité générale et analytique; sens de l'organisation,Gestion; Sport,a participé à un club de débat ou un simulacre de procès au lycée; participe à des activités associatives ou de bénévolat,Auditeur financier,Bureau/Numérique,Droit et Techniques des Affaires,FIC,Finances et Comptabilité,False,
P00768,18,F,Ihorombe,Professionnel et technique,CCBTP,Génie civil / BTP,13.78,15.1,12.1,14.2,12.0,12.6,12.8,15.5,12.6,14.1,13.4,14.5,16.4,Arts; EPS; Histoire_Geo; Mathematiques,gestion d'entreprise; esprit d'analyse; rigueur; esprit d'équipe; fiscalité d'entreprise; sens de l'observation; gestion de trésorerie,Économie; Lecture,a participé à un club de débat ou un simulacre de procès au lycée; participe à des activités associatives ou de bénévolat,Contrôleur de gestion; Auditeur financier; avoir un métier stable,Bureau/Numérique,Droit et Techniques des Affaires,FIC,Finances et Comptabilité,True,CAA
P00769,18,M,Androy,Général,S,,12.16,14.1,13.7,14.3,10.1,11.3,11.9,9.9,9.4,12.6,9.9,16.9,11.8,Arts; Francais; Mathematiques; Physique_Chimie,sens de l'observation; sens de l'organisation; autonomie; conception architecturale (AutoCAD/ArchiCAD),Construction; Bénévolat associatif,a réalisé des maquettes ou des plans de construction pour un projet scolaire,Ingénieur en Bureau d'Études,Chantier/BTP,Génie Civil et Architecture,GCA,Génie Civil et Architecture,False,
P00770,20,F,Vatovavy,Général,D,,8.91,9.7,10.7,8.5,9.6,11.3,8.0,10.2,8.4,6.1,7.3,7.5,9.6,Histoire_Geo; Malgache; Mathematiques; Physique_Chimie,comptabilité générale et analytique; curiosité; gestion des litiges commerciaux; audit financier; autonomie,Débat et droit,a participé à un club de débat ou un simulacre de procès au lycée; s'intéresse à l'actualité économique et suit des chaînes d'information,Juriste d'affaires; Chargé de conformité; avoir un poste à responsabilités,Contact clientèle/Relationnel,Droit et Techniques des Affaires,DTJA,Droit et Techniques Juridiques des Affaires,True,FIC
P00771,17,M,Fitovinany,Technologique,TGI,Industriel,10.6,11.6,10.6,11.8,11.4,10.7,8.7,7.3,9.3,12.3,10.0,10.4,13.1,EPS; Economie; Francais; Mathematiques; SVT,sens de l'observation; connaissance du patrimoine environnemental et culturel malgache; aisance relationnelle; sensibilisation au tourisme durable; gestion environnementale de sites touristiques,Gastronomie; Hôtellerie; Lecture,a effectué un stage d'observation dans un hôtel ou une agence de voyage; aime cuisiner et découvrir des plats d'autres cultures; a occupé un petit job ou une activité rémunérée pendant les vacances,Directeur d'établissement hôtelier; travailler à l'international,Contact clientèle/Relationnel,Tourisme,TEH,"Tourisme, Environnement et Hôtellerie",True,TEE
P00772,19,M,Alaotra-Mangoro,Professionnel et technique,TOM,Industriel,11.74,14.4,12.9,12.0,10.5,13.1,9.6,10.1,12.2,12.7,13.4,9.1,10.9,Economie; Informatique; Malgache; Mathematiques; Physique_Chimie,"design UI/UX; conception logicielle (UML, Merise); sens de l'observation; aisance relationnelle",Technologie; Réseaux sociaux et numérique,a participé à un club informatique ou de robotique au lycée; a occupé un petit job ou une activité rémunérée pendant les vacances,Administrateur de bases de données; Ingénieur en génie logiciel,Bureau/Numérique,Informatique et Télécommunications,IGGLIA,"Informatique de Gestion, Génie Logiciel et Intelligence Artificielle",True,IMTICIA
P00773,19,F,Ihorombe,Professionnel et technique,DAMB,Industriel,11.88,13.9,13.8,13.5,11.6,11.6,12.3,9.0,13.8,10.9,10.5,13.4,8.3,Arts; Mathematiques; Philosophie; Physique_Chimie; SVT,hygiène sécurité environnement (HSE); autonomie; esprit d'équipe; sens de l'observation,Automobile et aéronautique; Nature,s'occupe d'un petit élevage ou d'un jardin potager; aide régulièrement dans l'exploitation agricole familiale,Ingénieur pétrolier,Atelier/Industriel,Génie Industriel,ICMP,"Industries Chimiques, Minières et Pétrolières",True,IAA
P00774,20,M,Analanjirofo,Général,D,,9.87,11.6,8.8,12.2,9.1,9.2,11.7,9.9,8.3,9.8,9.0,10.3,8.5,Anglais; Arts; Mathematiques; SVT,biochimie et R&D; sens de l'observation; transformation agroalimentaire; curiosité; rigueur,Environnement; Réseaux sociaux,a participé à un club de sciences naturelles ou d'écologie,Ingénieur de production en industrie agroalimentaire; Responsable Qualité et Hygiène,Laboratoire/Recherche,Biotechnologie et Agronomie,IAA,Industries Agroalimentaires,False,
P00775,18,M,Fitovinany,Professionnel et technique,TEV,Agricole,11.96,10.5,10.5,10.2,13.5,14.9,9.4,11.4,13.5,13.7,13.2,10.7,12.0,Arts; Francais; Malgache; Philosophie,développement rural; sens de l'organisation; esprit d'équipe; agroécologie et agriculture biologique,Nature,a participé à un club de sciences naturelles ou d'écologie; s'occupe d'un petit élevage ou d'un jardin potager; participe à des activités associatives ou de bénévolat,Expert en agri-business,Laboratoire/Recherche,Biotechnologie et Agronomie,AEE,Agriculture et Élevage,False,
P00776,19,F,Alaotra-Mangoro,Général,C,,10.66,12.8,9.9,11.9,8.7,8.3,12.1,10.8,9.4,8.9,14.3,9.6,11.2,Anglais; EPS; Informatique; Mathematiques; SVT,rigueur; esprit d'équipe; développement full-stack; créativité; aisance relationnelle,Jeux vidéo; Musique,a participé à un club informatique ou de robotique au lycée,Développeur Full-Stack (Web & Mobile),Mixte/Itinérant,Informatique et Télécommunications,IGGLIA,"Informatique de Gestion, Génie Logiciel et Intelligence Artificielle",True,IMTICIA
P00777,20,F,Anosy,Professionnel et technique,TMEL,Industriel,12.38,11.6,12.7,12.8,10.3,13.4,12.1,11.6,12.9,13.3,14.9,12.1,10.9,Economie; Informatique; Malgache,"automatismes (Grafcet, automates); persévérance; gestion de production industrielle; aisance relationnelle",Bricolage; Lecture,a effectué un stage d'observation dans un atelier ou une usine; a démonté et réparé des appareils électroménagers ou mécaniques par curiosité; participe à des activités associatives ou de bénévolat,Ingénieur en électrotechnique; avoir un métier stable,Terrain/Extérieur,Génie Industriel,EMII,Électromécanique et Informatique Industrielle,False,
P00778,19,M,Boeny,Général,A2,,12.85,13.6,12.9,17.0,12.3,13.0,14.1,11.0,15.3,12.1,11.5,9.8,11.6,Anglais; Mathematiques; Philosophie; SVT,autonomie; sens de l'observation; formulation pharmaceutique; transformation agroalimentaire; persévérance,Agriculture; Réseaux sociaux,s'occupe d'un petit élevage ou d'un jardin potager; a participé à un club de sciences naturelles ou d'écologie; a occupé un petit job ou une activité rémunérée pendant les vacances,Chargé de R&D alimentaire; Ingénieur de production en industrie agroalimentaire,Laboratoire/Recherche,Biotechnologie et Agronomie,IAA,Industries Agroalimentaires,True,PIP
P00779,18,M,Analanjirofo,Professionnel et technique,TFFI,Industriel,11.42,9.5,12.0,11.7,11.0,9.9,11.8,10.6,13.4,12.2,11.2,12.8,10.9,Arts; Economie; Philosophie; Physique_Chimie,traitement de données massives (Big Data); machine learning et deep learning; business intelligence; esprit d'équipe; sens de l'organisation,Programmation; Robotique,a suivi un tutoriel en ligne de programmation et créé un petit site web personnel; participe à des activités associatives ou de bénévolat,Responsable Business Intelligence; Data Analyst,Bureau/Numérique,Informatique et Télécommunications,ISAIA,"Informatique, Statistique Appliquée et Intelligence Artificielle",False,
P00780,18,M,Atsimo-Atsinanana,Professionnel et technique,TAG,Agricole,8.27,6.6,6.2,6.6,8.7,8.1,10.7,10.8,7.3,8.2,10.4,7.5,8.1,Anglais; Francais; Histoire_Geo; Informatique,créativité; management hôtelier et restauration; gestion environnementale de sites touristiques; rigueur; esprit d'équipe,Gastronomie; Cultures du monde,a organisé un voyage ou un événement pour son groupe d'amis,Gestionnaire de sites protégés,Mixte/Itinérant,Tourisme,TEH,"Tourisme, Environnement et Hôtellerie",False,
P00781,19,F,Androy,Général,D,,12.72,10.9,9.6,14.0,17.2,11.4,13.3,12.6,14.2,12.1,12.9,15.1,9.3,Anglais; Arts; Francais; Philosophie; SVT,sens de l'organisation; rigueur; design UI/UX; communication digitale et PAO,Programmation,a participé à un club informatique ou de robotique au lycée; participe à des activités associatives ou de bénévolat,Webmaster,Bureau/Numérique,Informatique et Télécommunications,IMTICIA,"Informatique Multimédia, Technologie de l'Information et de la Communication et Intelligence Artificielle",False,
P00782,19,M,Analanjirofo,Professionnel et technique,TAMB,Industriel,10.58,13.0,13.4,11.4,8.6,11.8,7.6,10.8,7.3,11.6,11.2,10.3,10.0,Economie; Malgache; Mathematiques; Physique_Chimie,rigueur; maintenance hardware et microcontrôleurs; sens de l'observation,Automobile et aéronautique; Réseaux sociaux et numérique; Réseaux sociaux,a participé à un club de robotique ou de modélisme; a participé à un club informatique ou de robotique au lycée,Ingénieur en électrotechnique; Concepteur de systèmes IoT industriels,Atelier/Industriel,Génie Industriel,EMII,Électromécanique et Informatique Industrielle,True,ESIIA
P00783,19,F,Vakinankaratra,Professionnel et technique,TFFI,Industriel,10.85,8.0,11.8,8.4,13.5,14.0,9.0,12.5,12.3,10.4,8.8,10.1,11.4,Francais; Histoire_Geo; Malgache,sens de l'observation; rédaction d'actes juridiques; esprit d'analyse; droit des contrats et des sociétés; droit foncier et minier,Gestion,a organisé une petite activité commerciale ou un projet associatif; pratique un sport en club depuis plusieurs années,Expert en contentieux d'affaires,Bureau/Numérique,Droit et Techniques des Affaires,DTJA,Droit et Techniques Juridiques des Affaires,False,
P00784,20,M,Alaotra-Mangoro,Professionnel et technique,TAMB,Industriel,13.1,14.4,12.1,13.1,12.6,12.3,11.5,13.5,11.2,10.2,17.1,14.8,14.4,Arts; EPS; Informatique; Mathematiques,design UI/UX; développement web et mobile multimédia; sens de l'observation; curiosité; production et montage audiovisuel,Programmation; Réseaux sociaux et numérique,a créé un compte de jeu vidéo compétitif et anime une petite communauté en ligne; a participé à un club informatique ou de robotique au lycée; participe à des activités associatives ou de bénévolat,Ingénieur en technologies de la communication; Développeur multimédia,Bureau/Numérique,Informatique et Télécommunications,IMTICIA,"Informatique Multimédia, Technologie de l'Information et de la Communication et Intelligence Artificielle",False,
P00785,20,M,Betsiboka,Général,S,,12.28,14.5,11.9,12.7,11.7,13.0,11.6,12.2,10.5,11.3,15.3,12.2,10.5,Histoire_Geo; Informatique; Malgache; Mathematiques; SVT,"sens de l'organisation; aisance relationnelle; autonomie; conception logicielle (UML, Merise)",Jeux vidéo; Programmation,a suivi un tutoriel en ligne de programmation et créé un petit site web personnel; a créé un compte de jeu vidéo compétitif et anime une petite communauté en ligne; participe à des activités associatives ou de bénévolat,Développeur Full-Stack (Web & Mobile),Bureau/Numérique,Informatique et Télécommunications,IGGLIA,"Informatique de Gestion, Génie Logiciel et Intelligence Artificielle",False,
P00786,19,F,Diana,Professionnel et technique,TMEL,Industriel,12.04,11.6,11.3,11.3,13.4,11.4,13.5,11.6,10.0,11.3,13.7,16.0,9.4,Anglais; Arts; Francais; Informatique,sens de l'observation; esprit d'analyse; développement full-stack; aisance relationnelle; notions d'intelligence artificielle; gestion de projets informatiques,Robotique; Réseaux sociaux,a monté et dépanné des ordinateurs pour son entourage; a participé à un club informatique ou de robotique au lycée; a occupé un petit job ou une activité rémunérée pendant les vacances,UX/UI Designer; contribuer au développement de Madagascar,Mixte/Itinérant,Informatique et Télécommunications,IMTICIA,"Informatique Multimédia, Technologie de l'Information et de la Communication et Intelligence Artificielle",True,IGGLIA
P00787,20,M,Analamanga,Technologique,TTER,Tertiaire,14.68,13.1,12.2,17.6,20,15.2,11.3,17.4,16.6,13.3,15.4,12.1,12.0,Francais; Histoire_Geo; Philosophie; SVT,autonomie; curiosité; rigueur; audit financier; sens de l'observation,Actualité et politique,s'intéresse à l'actualité économique et suit des chaînes d'information; a participé à un club de débat ou un simulacre de procès au lycée,Chargé de conformité; avoir un poste à responsabilités,Contact clientèle/Relationnel,Droit et Techniques des Affaires,DTJA,Droit et Techniques Juridiques des Affaires,True,FIC
P00788,20,F,Sofia,Professionnel et technique,TOM,Industriel,10.46,15.0,16.7,8.5,10.5,7.4,8.9,10.4,9.8,10.1,12.9,8.1,7.2,Informatique; Mathematiques; Physique_Chimie,"esprit d'équipe; systèmes embarqués et IoT; sens de l'organisation; maintenance hardware et microcontrôleurs; administration de réseaux (GSM, TCP/IP)",Technologie; Réseaux sociaux et numérique,a créé un compte de jeu vidéo compétitif et anime une petite communauté en ligne; a suivi un tutoriel en ligne de programmation et créé un petit site web personnel,Ingénieur en télécommunications; Spécialiste en maintenance de systèmes informatisés; avoir un métier stable,Bureau/Numérique,Informatique et Télécommunications,ESIIA,"Électronique, Systèmes Informatiques et Intelligence Artificielle",False,
P00789,19,F,Vatovavy,Professionnel et technique,EN,Industriel,12.78,14.7,15.4,11.3,12.2,12.4,12.2,12.2,11.7,13.5,12.9,11.6,13.3,EPS; Economie; Mathematiques; Physique_Chimie,"créativité; sens de l'organisation; automatismes (Grafcet, automates); sens de l'observation",Électronique; Mécanique,a participé à un club de robotique ou de modélisme,Concepteur de systèmes IoT industriels,Terrain/Extérieur,Génie Industriel,EMII,Électromécanique et Informatique Industrielle,False,
P00790,20,M,Vakinankaratra,Général,D,,12.3,12.1,13.5,12.4,11.7,12.5,12.1,10.1,12.5,13.3,14.3,11.9,11.2,Anglais; Economie; Informatique; Philosophie; Physique_Chimie,esprit d'analyse; pharmacologie; phytochimie; autonomie; esprit d'équipe,Santé; Environnement; Sport,s'occupe d'un petit élevage ou d'un jardin potager; a participé à un club de sciences naturelles ou d'écologie; participe à des activités associatives ou de bénévolat,Délégué médical; Responsable de production pharmaceutique; créer sa propre entreprise,Terrain/Extérieur,Biotechnologie et Agronomie,PIP,Pharmacologie et Industries Pharmaceutiques,False,
P00791,19,F,Betsiboka,Professionnel et technique,TAMB,Industriel,13.56,13.4,12.1,12.7,14.0,13.0,15.6,13.4,12.9,13.7,16.9,13.9,11.1,Anglais; Arts; Francais; Informatique,rigueur; persévérance; production et montage audiovisuel,Réseaux sociaux et numérique; Bénévolat associatif,a participé à un club informatique ou de robotique au lycée; a monté et dépanné des ordinateurs pour son entourage,UX/UI Designer; Ingénieur en technologies de la communication,Bureau/Numérique,Informatique et Télécommunications,IMTICIA,"Informatique Multimédia, Technologie de l'Information et de la Communication et Intelligence Artificielle",False,
P00792,19,F,Diana,Professionnel et technique,SS,Tertiaire,10.31,10.5,9.0,8.6,6.8,13.9,11.3,8.9,12.0,9.7,8.8,12.9,11.3,Anglais; Arts; Malgache; Philosophie,créativité; esprit d'analyse; langues étrangères; accueil et relation client; curiosité,Voyage,pratique l'anglais ou une autre langue étrangère en autodidacte; a organisé un voyage ou un événement pour son groupe d'amis,Organisateur d'événements (MICE); Chef de produit touristique; créer sa propre entreprise,Mixte/Itinérant,Tourisme,TEH,"Tourisme, Environnement et Hôtellerie",False,
P00793,18,M,Melaky,Professionnel et technique,TEV,Agricole,13.96,13.0,13.0,16.5,14.7,14.4,13.5,14.9,12.8,13.4,13.5,13.2,14.6,EPS; Francais; Histoire_Geo; Malgache; SVT,persévérance; aisance relationnelle; biochimie et R&D; normes HACCP et microbiologie; curiosité; sécurité alimentaire,Nature; Agriculture; Bénévolat associatif,aide régulièrement dans l'exploitation agricole familiale; participe à des activités associatives ou de bénévolat,Chargé de R&D alimentaire; Chef de production,Terrain/Extérieur,Biotechnologie et Agronomie,IAA,Industries Agroalimentaires,False,
P00794,20,M,Bongolava,Professionnel et technique,TAMB,Industriel,12.86,11.8,13.7,12.5,13.0,11.9,13.2,14.8,11.8,13.0,10.6,14.2,13.8,Anglais; Arts; EPS; Histoire_Geo; Physique_Chimie,traitement de données massives (Big Data); créativité; rigueur; persévérance; machine learning et deep learning,Jeux vidéo; Bénévolat associatif,a monté et dépanné des ordinateurs pour son entourage; a créé un compte de jeu vidéo compétitif et anime une petite communauté en ligne; pratique un sport en club depuis plusieurs années,Data Analyst,Bureau/Numérique,Informatique et Télécommunications,ISAIA,"Informatique, Statistique Appliquée et Intelligence Artificielle",False,
P00795,17,F,Atsimo-Atsinanana,Professionnel et technique,TAMB,Industriel,9.62,11.1,11.2,10.6,8.1,9.1,7.3,9.0,8.7,10.1,11.0,8.4,10.8,EPS; Informatique; Physique_Chimie,esprit d'analyse; conception assistée par ordinateur (AutoCAD); aisance relationnelle,Bricolage,a démonté et réparé des appareils électroménagers ou mécaniques par curiosité; aide régulièrement à l'entretien de véhicules en famille,Concepteur de systèmes IoT industriels; Ingénieur en automatisation et robotique industrielle,Terrain/Extérieur,Génie Industriel,EMII,Électromécanique et Informatique Industrielle,False,
P00796,17,M,Melaky,Général,C,,12.81,15.3,10.9,11.5,14.3,14.0,11.7,14.5,11.6,13.1,12.4,10.6,13.8,Francais; Histoire_Geo; Mathematiques,créativité; machine learning et deep learning; persévérance; traitement de données massives (Big Data); sens de l'observation,Réseaux sociaux et numérique; Musique,a suivi un tutoriel en ligne de programmation et créé un petit site web personnel; a monté et dépanné des ordinateurs pour son entourage; a occupé un petit job ou une activité rémunérée pendant les vacances,Ingénieur Machine Learning,Bureau/Numérique,Informatique et Télécommunications,ISAIA,"Informatique, Statistique Appliquée et Intelligence Artificielle",False,
P00797,18,M,Amoron'i Mania,Professionnel et technique,TFFI,Industriel,10.22,10.8,10.7,11.2,10.3,7.7,10.0,8.2,9.2,12.7,11.4,9.0,11.5,EPS; Economie; Informatique; Mathematiques; SVT,créativité; production et montage audiovisuel; sens de l'organisation; design UI/UX; persévérance; sens de l'observation,Robotique; Bénévolat associatif,a suivi un tutoriel en ligne de programmation et créé un petit site web personnel,Webmaster; Spécialiste en communication digitale / Community Manager,Bureau/Numérique,Informatique et Télécommunications,IMTICIA,"Informatique Multimédia, Technologie de l'Information et de la Communication et Intelligence Artificielle",False,
P00798,19,F,Melaky,Professionnel et technique,TMF,Industriel,10.52,15.2,8.8,9.1,9.1,11.8,9.4,13.9,9.5,13.8,7.5,10.4,7.7,Economie; Histoire_Geo; Malgache; Mathematiques,pilotage et planification de projets; persévérance; sens de l'observation; management stratégique,Économie; Réseaux sociaux,a organisé une petite activité commerciale ou un projet associatif; a occupé un petit job ou une activité rémunérée pendant les vacances,Consultant en management,Bureau/Numérique,Droit et Techniques des Affaires,EMP,Économie et Management de Projet,False,
P00799,19,F,Alaotra-Mangoro,Professionnel et technique,ACTC,Tertiaire,13.18,19.7,10.9,11.4,11.6,11.5,13.2,12.4,12.6,16.2,13.3,12.8,12.5,Economie; Informatique; Mathematiques,créativité; autonomie; comptabilité générale et analytique; esprit d'analyse,Économie; Sport,a organisé une petite activité commerciale ou un projet associatif; pratique un sport en club depuis plusieurs années,Directeur Administratif et Financier; avoir un poste à responsabilités,Contact clientèle/Relationnel,Droit et Techniques des Affaires,FIC,Finances et Comptabilité,False,
P00800,17,M,Diana,Général,C,,12.04,12.9,14.3,16.7,11.2,11.2,10.7,11.1,11.0,10.0,11.0,12.3,12.1,Arts; Mathematiques; Physique_Chimie; SVT,créativité; sens de l'observation; biochimie et R&D; sens de l'organisation,Santé,a réalisé un exposé scolaire sur la santé ou la biologie; s'occupe d'un petit élevage ou d'un jardin potager; participe à des activités associatives ou de bénévolat,Ingénieur de production en industrie agroalimentaire,Terrain/Extérieur,Biotechnologie et Agronomie,IAA,Industries Agroalimentaires,True,PIP
P00801,17,F,Atsimo-Andrefana,Professionnel et technique,TMA,Industriel,15.06,16.9,13.8,13.6,14.9,14.0,14.8,14.1,16.2,13.7,20,14.0,14.7,Arts; Informatique; Mathematiques,"persévérance; conception logicielle (UML, Merise); esprit d'analyse; créativité",Jeux vidéo,a participé à un club informatique ou de robotique au lycée; a monté et dépanné des ordinateurs pour son entourage; pratique un sport en club depuis plusieurs années,Architecte logiciel; Consultant en systèmes d'information et IA,Bureau/Numérique,Informatique et Télécommunications,IGGLIA,"Informatique de Gestion, Génie Logiciel et Intelligence Artificielle",False,
P00802,20,M,Menabe,Professionnel et technique,TMF,Industriel,11.52,13.2,13.0,7.7,10.4,11.6,14.0,10.6,11.0,10.9,14.3,10.3,11.2,Anglais; Informatique; Mathematiques; Physique_Chimie,"notions d'intelligence artificielle; conception logicielle (UML, Merise); administration de bases de données; aisance relationnelle; créativité",Programmation; Jeux vidéo,a participé à un club informatique ou de robotique au lycée; a occupé un petit job ou une activité rémunérée pendant les vacances,Ingénieur en génie logiciel; Administrateur de bases de données,Bureau/Numérique,Informatique et Télécommunications,IGGLIA,"Informatique de Gestion, Génie Logiciel et Intelligence Artificielle",True,IMTICIA
P00803,20,F,Atsimo-Atsinanana,Professionnel et technique,TAMB,Industriel,11.33,9.4,11.3,12.6,11.5,11.2,11.4,10.3,10.0,11.8,11.9,13.3,11.3,Arts; Economie; Informatique; SVT,créativité; rigueur; développement web et mobile multimédia; persévérance; communication digitale et PAO,Technologie; Robotique,a monté et dépanné des ordinateurs pour son entourage; pratique un sport en club depuis plusieurs années,Ingénieur en technologies de la communication,Bureau/Numérique,Informatique et Télécommunications,IMTICIA,"Informatique Multimédia, Technologie de l'Information et de la Communication et Intelligence Artificielle",False,
P00804,17,M,Atsimo-Andrefana,Professionnel et technique,DAMB,Industriel,14.22,13.0,15.3,11.1,13.3,14.6,15.5,13.6,12.5,12.5,16.4,17.5,15.3,Anglais; Arts; Informatique; Physique_Chimie,sens de l'observation; esprit d'analyse; rigueur; production et montage audiovisuel,Technologie,a créé un compte de jeu vidéo compétitif et anime une petite communauté en ligne; a suivi un tutoriel en ligne de programmation et créé un petit site web personnel,Développeur multimédia; Ingénieur en technologies de la communication; travailler à l'international,Bureau/Numérique,Informatique et Télécommunications,IMTICIA,"Informatique Multimédia, Technologie de l'Information et de la Communication et Intelligence Artificielle",False,
P00805,17,F,Analanjirofo,Professionnel et technique,TEV,Agricole,15.41,13.6,16.9,19.9,14.5,13.1,16.5,17.0,13.2,14.4,13.5,16.4,15.9,Histoire_Geo; Physique_Chimie; SVT,esprit d'équipe; zootechnie et pisciculture; agroécologie et agriculture biologique; persévérance; curiosité,Santé; Sport,s'occupe d'un petit élevage ou d'un jardin potager; pratique un sport en club depuis plusieurs années,Expert en agri-business,Terrain/Extérieur,Biotechnologie et Agronomie,AEE,Agriculture et Élevage,False,
P00806,18,M,Atsimo-Andrefana,Professionnel et technique,TMA,Industriel,11.19,11.0,12.1,11.2,11.2,10.6,10.7,10.2,9.2,10.8,16.2,11.7,9.4,Anglais; Arts; Informatique; Physique_Chimie; SVT,"esprit d'équipe; curiosité; programmation multi-langages (Java, C#, PHP, JavaScript); persévérance; sens de l'organisation; administration de bases de données; développement full-stack",Réseaux sociaux et numérique,a participé à un club informatique ou de robotique au lycée,Consultant en systèmes d'information et IA; Administrateur de bases de données,Mixte/Itinérant,Informatique et Télécommunications,IGGLIA,"Informatique de Gestion, Génie Logiciel et Intelligence Artificielle",False,
P00807,20,M,Androy,Professionnel et technique,EN,Industriel,14.07,15.4,13.3,13.0,11.6,14.8,14.1,12.4,12.3,14.9,17.4,15.9,13.7,Arts; Economie; Malgache; Mathematiques,"persévérance; esprit d'analyse; programmation multi-langages (Java, C#, PHP, JavaScript); esprit d'équipe; notions d'intelligence artificielle; gestion de projets informatiques",Programmation,a suivi un tutoriel en ligne de programmation et créé un petit site web personnel; pratique un sport en club depuis plusieurs années,Développeur Full-Stack (Web & Mobile),Bureau/Numérique,Informatique et Télécommunications,IGGLIA,"Informatique de Gestion, Génie Logiciel et Intelligence Artificielle",False,
P00808,20,F,Betsiboka,Professionnel et technique,EN,Industriel,14.6,13.3,14.6,17.3,11.1,15.4,16.8,14.3,14.9,15.4,12.6,14.5,15.0,Anglais; Economie; Malgache; SVT,persévérance; curiosité; créativité; analyse statistique et probabilités appliquées; business intelligence; sens de l'observation,Robotique; Réseaux sociaux et numérique,a monté et dépanné des ordinateurs pour son entourage; a créé un compte de jeu vidéo compétitif et anime une petite communauté en ligne; a occupé un petit job ou une activité rémunérée pendant les vacances,Data Analyst; Data Scientist,Mixte/Itinérant,Informatique et Télécommunications,ISAIA,"Informatique, Statistique Appliquée et Intelligence Artificielle",False,
P00809,18,M,Ihorombe,Professionnel et technique,TAMB,Industriel,7.8,9.1,9.1,8.2,9.6,9.5,7.0,9.9,4.7,9.1,6.6,6.2,4.6,Arts; Histoire_Geo; Malgache; Mathematiques; Physique_Chimie,aisance relationnelle; gestion financière prévisionnelle; créativité; audit financier; autonomie; curiosité; gestion de trésorerie,Économie; Entrepreneuriat,a participé à un club de débat ou un simulacre de procès au lycée; gère les comptes d'une association d'élèves,Consultant en management,Bureau/Numérique,Droit et Techniques des Affaires,EMP,Économie et Management de Projet,True,FIC
P00810,17,F,Atsinanana,Professionnel et technique,MEMA,Industriel,10.03,15.1,9.7,10.3,10.6,8.2,12.9,9.3,7.5,9.6,7.6,10.6,8.9,Anglais; Arts; Francais; Mathematiques; SVT,persévérance; business intelligence; aisance relationnelle; autonomie; curiosité; traitement de données massives (Big Data),Réseaux sociaux et numérique; Technologie,a suivi un tutoriel en ligne de programmation et créé un petit site web personnel,Analyste Big Data; Data Scientist,Bureau/Numérique,Informatique et Télécommunications,ISAIA,"Informatique, Statistique Appliquée et Intelligence Artificielle",False,
P00811,20,F,Vakinankaratra,Professionnel et technique,CCBTP,Génie civil / BTP,15.32,17.8,19.4,15.7,13.4,14.5,14.4,13.7,16.9,14.7,13.9,14.8,14.7,Mathematiques; Philosophie,sens de l'observation; autonomie; conception architecturale (AutoCAD/ArchiCAD); sens de l'organisation; persévérance; ingénierie des infrastructures routières et hydrauliques; calcul de structures (RDM),Architecture; Construction,aime dessiner des plans de maisons ou des croquis d'aménagement; participe à des activités associatives ou de bénévolat,Conducteur de travaux,Bureau d'études,Génie Civil et Architecture,GCA,Génie Civil et Architecture,False,
P00812,20,M,Atsimo-Andrefana,Général,S,,11.47,11.9,11.6,13.3,12.5,10.5,12.5,8.0,11.0,10.5,13.2,12.2,10.5,Anglais; Francais; Informatique; SVT,normes HACCP et microbiologie; biochimie et R&D; transformation agroalimentaire; persévérance; aisance relationnelle,Animaux; Sport,a réalisé un exposé scolaire sur la santé ou la biologie; s'occupe d'un petit élevage ou d'un jardin potager,Chargé de R&D alimentaire,Terrain/Extérieur,Biotechnologie et Agronomie,IAA,Industries Agroalimentaires,False,
P00813,17,M,Atsimo-Andrefana,Professionnel et technique,TPFM,Industriel,12.67,13.2,14.2,11.5,14.5,12.9,14.0,10.8,14.4,11.8,13.4,11.0,10.3,Anglais; Francais; Philosophie; Physique_Chimie,aisance relationnelle; analyse statistique et probabilités appliquées; autonomie; esprit d'analyse; traitement de données massives (Big Data),Programmation; Musique,a monté et dépanné des ordinateurs pour son entourage; a créé un compte de jeu vidéo compétitif et anime une petite communauté en ligne; pratique un sport en club depuis plusieurs années,Data Analyst,Bureau/Numérique,Informatique et Télécommunications,ISAIA,"Informatique, Statistique Appliquée et Intelligence Artificielle",False,
P00814,19,M,Ihorombe,Professionnel et technique,TAG,Agricole,8.6,8.1,9.3,11.1,8.6,8.7,9.0,8.1,10.6,8.3,4.4,6.6,10.4,EPS; Philosophie; SVT,analyses de laboratoire; aisance relationnelle; esprit d'équipe; autonomie; esprit d'analyse; exploitation minière et géologie,Agriculture,a réalisé un exposé scolaire sur la santé ou la biologie; a effectué un stage d'observation dans un atelier ou une usine; participe à des activités associatives ou de bénévolat,Responsable contrôle qualité; contribuer au développement de Madagascar,Laboratoire/Recherche,Biotechnologie et Agronomie,PIP,Pharmacologie et Industries Pharmaceutiques,True,ICMP
P00815,19,F,Haute Matsiatra,Général,S,,10.76,8.6,12.3,9.5,13.1,12.5,10.7,9.2,10.4,10.4,11.0,12.4,9.0,Arts; Francais; Informatique; Malgache; Physique_Chimie,sens de l'organisation; développement web et mobile multimédia; persévérance; aisance relationnelle; autonomie; production et montage audiovisuel,Jeux vidéo; Robotique; Lecture,a créé un compte de jeu vidéo compétitif et anime une petite communauté en ligne,UX/UI Designer; travailler à l'international,Bureau/Numérique,Informatique et Télécommunications,IMTICIA,"Informatique Multimédia, Technologie de l'Information et de la Communication et Intelligence Artificielle",False,
P00816,17,M,Analanjirofo,Technologique,TGI,Industriel,14.43,17.6,14.8,12.4,13.8,12.5,14.2,12.0,13.9,18.3,15.2,14.9,13.5,Arts; Economie; Informatique; Mathematiques; Physique_Chimie,curiosité; rigueur; gestion de projets informatiques,Technologie; Lecture,a monté et dépanné des ordinateurs pour son entourage; a suivi un tutoriel en ligne de programmation et créé un petit site web personnel,Architecte logiciel; Administrateur de bases de données,Bureau/Numérique,Informatique et Télécommunications,IGGLIA,"Informatique de Gestion, Génie Logiciel et Intelligence Artificielle",False,
P00817,20,M,Atsimo-Atsinanana,Professionnel et technique,TMF,Industriel,12.52,14.9,11.4,12.6,13.1,12.5,12.6,12.0,12.3,13.8,15.9,9.9,9.2,Economie; Francais; Informatique; Mathematiques,"aisance relationnelle; programmation multi-langages (Java, C#, PHP, JavaScript); sens de l'observation; production et montage audiovisuel; persévérance",Réseaux sociaux et numérique; Lecture,a monté et dépanné des ordinateurs pour son entourage,Ingénieur en génie logiciel,Bureau/Numérique,Informatique et Télécommunications,IGGLIA,"Informatique de Gestion, Génie Logiciel et Intelligence Artificielle",True,IMTICIA
P00818,19,M,Alaotra-Mangoro,Professionnel et technique,TMA,Industriel,15.36,16.7,19.6,13.6,13.4,15.5,15.7,15.3,17.3,15.2,14.7,13.9,13.4,Malgache; Mathematiques; Philosophie; Physique_Chimie,hygiène sécurité environnement (HSE); rigueur; curiosité,Mécanique; Électronique,a effectué un stage d'observation dans un atelier ou une usine; a occupé un petit job ou une activité rémunérée pendant les vacances,Responsable HSE; Ingénieur pétrolier; contribuer au développement de Madagascar,Atelier/Industriel,Génie Industriel,ICMP,"Industries Chimiques, Minières et Pétrolières",False,
P00819,18,M,Ihorombe,Général,S,,10.43,8.9,12.6,12.2,9.9,10.5,9.9,12.1,7.8,10.2,11.5,9.7,9.9,Physique_Chimie; SVT,rigueur; zootechnie et pisciculture; sens de l'observation; agroécologie et agriculture biologique; productions végétales et animales; aisance relationnelle; persévérance,Animaux; Santé,a réalisé un exposé scolaire sur la santé ou la biologie; aide régulièrement dans l'exploitation agricole familiale; a occupé un petit job ou une activité rémunérée pendant les vacances,Ingénieur Agronome; travailler à l'international,Laboratoire/Recherche,Biotechnologie et Agronomie,AEE,Agriculture et Élevage,False,
P00820,18,M,Itasy,Général,C,,10.65,13.7,11.3,12.5,8.8,8.8,10.5,8.2,10.7,12.6,11.7,9.9,9.1,Economie; Mathematiques; SVT,business intelligence; aisance relationnelle; rigueur; sens de l'observation; persévérance; analyse statistique et probabilités appliquées,Jeux vidéo; Robotique,a suivi un tutoriel en ligne de programmation et créé un petit site web personnel; a monté et dépanné des ordinateurs pour son entourage; participe à des activités associatives ou de bénévolat,Data Analyst,Bureau/Numérique,Informatique et Télécommunications,ISAIA,"Informatique, Statistique Appliquée et Intelligence Artificielle",True,IGGLIA
P00821,20,M,Analamanga,Professionnel et technique,EN,Industriel,10.97,10.6,12.2,10.2,10.7,12.0,9.9,13.0,10.7,8.8,10.7,10.3,12.5,EPS; Histoire_Geo; Malgache; Physique_Chimie,sens de l'organisation; esprit d'équipe; gestion financière prévisionnelle; autonomie; management stratégique; aisance relationnelle,Économie; Débat et droit; Réseaux sociaux,a organisé une petite activité commerciale ou un projet associatif; gère les comptes d'une association d'élèves; a occupé un petit job ou une activité rémunérée pendant les vacances,Responsable suivi-évaluation de projets; avoir un métier stable,Contact clientèle/Relationnel,Droit et Techniques des Affaires,EMP,Économie et Management de Projet,False,
P00822,17,F,Analamanga,Professionnel et technique,TAG,Agricole,13.78,10.8,14.9,14.2,13.8,11.1,17.0,13.8,14.4,12.9,13.7,14.2,14.5,Anglais; EPS; Physique_Chimie,zootechnie et pisciculture; agroécologie et agriculture biologique; curiosité; sens de l'organisation; esprit d'équipe,Agriculture; Nature; Musique,a réalisé un exposé scolaire sur la santé ou la biologie; a occupé un petit job ou une activité rémunérée pendant les vacances,Responsable de projet développement rural,Terrain/Extérieur,Biotechnologie et Agronomie,AEE,Agriculture et Élevage,False,
P00823,17,M,Atsimo-Atsinanana,Professionnel et technique,TEV,Agricole,11.82,9.0,11.6,14.2,11.9,11.9,13.0,15.0,9.0,14.6,11.8,11.1,8.7,Anglais; Economie; Histoire_Geo; SVT,développement rural; rigueur; productions végétales et animales; créativité; curiosité; agroécologie et agriculture biologique; aisance relationnelle,Santé; Musique,s'occupe d'un petit élevage ou d'un jardin potager; aide régulièrement dans l'exploitation agricole familiale; a occupé un petit job ou une activité rémunérée pendant les vacances,Conseiller agricole; Responsable de production animale,Laboratoire/Recherche,Biotechnologie et Agronomie,AEE,Agriculture et Élevage,False,
P00824,19,F,Vatovavy,Technologique,TGI,Industriel,15.5,15.3,14.9,15.5,14.2,15.2,15.9,16.7,16.8,15.7,16.4,17.8,11.6,Anglais; Arts; Histoire_Geo; Informatique; Philosophie,"rigueur; sens de l'organisation; esprit d'analyse; conception logicielle (UML, Merise); autonomie",Réseaux sociaux et numérique; Programmation,a monté et dépanné des ordinateurs pour son entourage; a occupé un petit job ou une activité rémunérée pendant les vacances,Consultant en systèmes d'information et IA; créer sa propre entreprise,Mixte/Itinérant,Informatique et Télécommunications,IGGLIA,"Informatique de Gestion, Génie Logiciel et Intelligence Artificielle",False,
P00825,19,M,Alaotra-Mangoro,Professionnel et technique,TFFI,Industriel,16.23,19.8,15.1,15.0,15.0,17.1,15.8,14.1,14.4,20,15.6,15.4,17.4,Economie; Mathematiques; Philosophie,sens de l'observation; comptabilité générale et analytique; rigueur; curiosité; gestion de trésorerie; persévérance; fiscalité d'entreprise,Entrepreneuriat; Lecture,a participé à un club de débat ou un simulacre de procès au lycée; gère les comptes d'une association d'élèves; a occupé un petit job ou une activité rémunérée pendant les vacances,Contrôleur de gestion; Trésorier d'entreprise,Contact clientèle/Relationnel,Droit et Techniques des Affaires,FIC,Finances et Comptabilité,False,
P00826,17,M,Anosy,Professionnel et technique,TMEL,Industriel,11.32,14.0,13.4,9.1,11.0,10.4,11.1,10.2,8.5,10.4,16.0,11.7,10.0,Anglais; Arts; Informatique; Mathematiques; Physique_Chimie,"aisance relationnelle; programmation multi-langages (Java, C#, PHP, JavaScript); autonomie; notions d'intelligence artificielle; développement full-stack",Programmation; Réseaux sociaux et numérique; Sport,a créé un compte de jeu vidéo compétitif et anime une petite communauté en ligne,Expert en transformation digitale; Développeur Full-Stack (Web & Mobile),Bureau/Numérique,Informatique et Télécommunications,IGGLIA,"Informatique de Gestion, Génie Logiciel et Intelligence Artificielle",False,
P00827,19,F,Vatovavy,Professionnel et technique,TFFI,Industriel,15.61,19.4,18.7,14.0,13.5,14.2,14.3,18.2,14.6,14.4,18.2,14.1,13.7,Histoire_Geo; Informatique; Mathematiques; Philosophie; Physique_Chimie,"maintenance hardware et microcontrôleurs; administration de réseaux (GSM, TCP/IP); traitement du signal et automatique; curiosité; créativité; autonomie",Technologie,a monté et dépanné des ordinateurs pour son entourage,Spécialiste en robotique et domotique; Ingénieur en télécommunications,Bureau/Numérique,Informatique et Télécommunications,ESIIA,"Électronique, Systèmes Informatiques et Intelligence Artificielle",False,
P00828,17,M,Vatovavy,Professionnel et technique,EN,Industriel,15.75,15.1,12.7,17.6,16.6,16.3,16.7,17.9,15.3,15.3,14.6,16.0,14.9,Anglais; Histoire_Geo; SVT,esprit d'équipe; accueil et relation client; esprit d'analyse; gestion environnementale de sites touristiques; langues étrangères,Hôtellerie,a organisé un voyage ou un événement pour son groupe d'amis; a occupé un petit job ou une activité rémunérée pendant les vacances,Organisateur d'événements (MICE); Gestionnaire de sites protégés,Contact clientèle/Relationnel,Tourisme,TEH,"Tourisme, Environnement et Hôtellerie",False,
P00829,18,M,Itasy,Général,S,,11.1,13.4,12.9,11.0,11.1,9.1,8.3,10.1,11.6,11.2,11.5,12.0,11.0,Histoire_Geo; Mathematiques; Philosophie; Physique_Chimie,sens de l'observation; géotechnique; curiosité; calcul de structures (RDM),Urbanisme; Dessin et design,a visité un chantier de construction dans le cadre d'un stage d'observation; a réalisé des maquettes ou des plans de construction pour un projet scolaire,Conducteur de travaux,Bureau d'études,Génie Civil et Architecture,GCA,Génie Civil et Architecture,False,
P00830,19,F,Betsiboka,Professionnel et technique,CCBTP,Génie civil / BTP,11.22,10.6,16.4,11.0,11.2,11.0,12.2,8.5,10.3,12.3,9.4,13.5,8.3,Arts; Economie; Physique_Chimie,conception architecturale (AutoCAD/ArchiCAD); persévérance; esprit d'équipe; rigueur; ingénierie des infrastructures routières et hydrauliques,Urbanisme; Réseaux sociaux,aime dessiner des plans de maisons ou des croquis d'aménagement; a visité un chantier de construction dans le cadre d'un stage d'observation; a occupé un petit job ou une activité rémunérée pendant les vacances,Ingénieur en génie civil; contribuer au développement de Madagascar,Chantier/BTP,Génie Civil et Architecture,GCA,Génie Civil et Architecture,True,
P00831,19,F,Bongolava,Général,S,,13.34,14.8,14.7,13.1,13.3,13.2,9.2,12.0,12.3,15.1,14.9,13.4,14.1,EPS; Informatique; Mathematiques; Physique_Chimie,autonomie; traitement de données massives (Big Data); sens de l'observation; analyse statistique et probabilités appliquées; machine learning et deep learning; rigueur; persévérance,Réseaux sociaux et numérique; Technologie,a participé à un club informatique ou de robotique au lycée; a occupé un petit job ou une activité rémunérée pendant les vacances,Responsable Business Intelligence; Statisticien financier,Bureau/Numérique,Informatique et Télécommunications,ISAIA,"Informatique, Statistique Appliquée et Intelligence Artificielle",False,
P00832,18,M,Betsiboka,Professionnel et technique,TMEL,Industriel,12.21,12.3,13.1,9.9,13.4,13.6,11.0,14.1,17.5,10.2,13.0,8.5,9.9,Francais; Histoire_Geo; Malgache; Philosophie,créativité; comptabilité générale et analytique; droit foncier et minier; droit des contrats et des sociétés; sens de l'organisation,Économie; Entrepreneuriat; Bénévolat associatif,a participé à un club de débat ou un simulacre de procès au lycée,Juriste d'affaires; Assistant juridique,Bureau/Numérique,Droit et Techniques des Affaires,DTJA,Droit et Techniques Juridiques des Affaires,True,FIC
P00833,18,F,Androy,Général,C,,14.1,16.1,13.9,18.4,12.9,15.0,15.3,14.9,10.7,12.9,14.9,11.7,12.5,Anglais; Histoire_Geo; Malgache; Mathematiques; SVT,rigueur; sens de l'observation; normes HACCP et microbiologie; biochimie et R&D; aisance relationnelle,Animaux; Bénévolat associatif,s'occupe d'un petit élevage ou d'un jardin potager; a participé à un club de sciences naturelles ou d'écologie,Responsable de projet développement rural,Terrain/Extérieur,Biotechnologie et Agronomie,AEE,Agriculture et Élevage,True,IAA
P00834,19,M,Betsiboka,Général,OSE,,11.37,11.9,10.1,11.6,12.0,11.4,11.1,10.4,11.9,14.1,9.3,10.7,11.9,Economie; Francais; Mathematiques; Philosophie,gestion financière prévisionnelle; curiosité; rigueur; management stratégique; négociation et vente internationale,Actualité et politique,a participé à un club de débat ou un simulacre de procès au lycée; a organisé une petite activité commerciale ou un projet associatif,Responsable Marketing; Responsable commercial,Contact clientèle/Relationnel,Droit et Techniques des Affaires,CAA,Commerce et Administration des Affaires,True,EMP
P00835,20,M,Melaky,Professionnel et technique,ACTC,Tertiaire,8.73,11.1,9.5,6.6,5.6,8.7,7.8,9.0,9.7,10.1,8.5,8.9,9.3,EPS; Economie; Mathematiques; Physique_Chimie,gestion financière prévisionnelle; esprit d'analyse; créativité; analyse économique et économétrie; autonomie; persévérance; pilotage et planification de projets,Économie; Actualité et politique; Lecture,a participé à un club de débat ou un simulacre de procès au lycée; s'intéresse à l'actualité économique et suit des chaînes d'information; a occupé un petit job ou une activité rémunérée pendant les vacances,Analyste économique,Contact clientèle/Relationnel,Droit et Techniques des Affaires,EMP,Économie et Management de Projet,False,
P00836,20,F,Atsimo-Andrefana,Professionnel et technique,TMEL,Industriel,12.2,10.7,12.5,10.9,12.0,12.4,15.7,15.8,11.4,10.8,10.7,10.8,12.7,Anglais; EPS; Histoire_Geo; Malgache; Physique_Chimie,esprit d'équipe; langues étrangères; sens de l'organisation; sens de l'observation,Voyage,pratique l'anglais ou une autre langue étrangère en autodidacte,Directeur d'établissement hôtelier; Manager d'agence de voyage,Mixte/Itinérant,Tourisme,TEH,"Tourisme, Environnement et Hôtellerie",False,
P00837,18,F,Atsinanana,Professionnel et technique,TMEL,Industriel,14.28,15.9,14.4,13.0,13.9,15.8,14.2,13.3,12.6,15.8,15.4,14.2,12.9,Anglais; Economie; Malgache,machine learning et deep learning; esprit d'analyse; sens de l'organisation; analyse statistique et probabilités appliquées,Robotique,a monté et dépanné des ordinateurs pour son entourage,Ingénieur Machine Learning; Statisticien financier; avoir un poste à responsabilités,Mixte/Itinérant,Informatique et Télécommunications,ISAIA,"Informatique, Statistique Appliquée et Intelligence Artificielle",False,
P00838,18,F,Alaotra-Mangoro,Professionnel et technique,TAG,Agricole,11.97,12.7,13.2,10.0,12.6,12.1,12.9,12.3,10.5,10.7,13.2,10.8,12.6,Economie; Francais; Informatique; Mathematiques; Physique_Chimie,sens de l'observation; esprit d'équipe; analyse économique et économétrie; aisance relationnelle; curiosité; gestion financière prévisionnelle,Entrepreneuriat; Réseaux sociaux,s'intéresse à l'actualité économique et suit des chaînes d'information; a organisé une petite activité commerciale ou un projet associatif; pratique un sport en club depuis plusieurs années,Analyste économique; Chef de projet; créer sa propre entreprise,Contact clientèle/Relationnel,Droit et Techniques des Affaires,EMP,Économie et Management de Projet,False,
P00839,20,F,Diana,Professionnel et technique,TPFM,Industriel,11.17,11.6,15.3,11.0,11.1,9.7,12.1,8.8,12.1,8.9,11.8,11.4,10.2,Economie; Informatique; Philosophie; Physique_Chimie,systèmes embarqués et IoT; sens de l'observation; robotique et domotique; autonomie; rigueur,Électronique,a participé à un club de robotique ou de modélisme; a monté et dépanné des ordinateurs pour son entourage,Concepteur de systèmes IoT industriels; contribuer au développement de Madagascar,Bureau/Numérique,Génie Industriel,EMII,Électromécanique et Informatique Industrielle,True,ESIIA
P00840,17,M,Androy,Professionnel et technique,TMF,Industriel,9.71,10.4,5.9,9.1,9.9,10.1,8.6,10.2,8.6,12.4,10.7,9.4,11.2,EPS; Economie; Informatique; Mathematiques,sens de l'observation; management stratégique; esprit d'équipe; sens de l'organisation,Économie; Sport,gère les comptes d'une association d'élèves; pratique un sport en club depuis plusieurs années,Consultant en management; travailler à l'international,Bureau/Numérique,Droit et Techniques des Affaires,EMP,Économie et Management de Projet,False,
P00841,18,F,Analanjirofo,Général,D,,13.98,16.9,17.6,15.3,14.8,13.9,11.2,9.9,12.1,11.8,14.6,14.4,15.3,EPS; Mathematiques; Physique_Chimie; SVT,sens de l'observation; ingénierie des infrastructures routières et hydrauliques; autonomie; gestion de chantier; esprit d'analyse,Construction,a visité un chantier de construction dans le cadre d'un stage d'observation,Conducteur de travaux,Chantier/BTP,Génie Civil et Architecture,GCA,Génie Civil et Architecture,False,
P00842,18,F,Atsinanana,Professionnel et technique,TAMB,Industriel,14.46,15.5,14.5,11.5,13.4,16.9,13.0,14.0,14.6,14.8,20,14.4,10.9,Economie; Informatique; Malgache; Mathematiques; Philosophie,autonomie; rigueur; développement full-stack; créativité; sens de l'observation,Robotique; Programmation,a participé à un club informatique ou de robotique au lycée,Développeur Full-Stack (Web & Mobile); Ingénieur en génie logiciel,Mixte/Itinérant,Informatique et Télécommunications,IGGLIA,"Informatique de Gestion, Génie Logiciel et Intelligence Artificielle",False,
P00843,18,F,Sava,Professionnel et technique,TOM,Industriel,12.17,13.4,10.7,10.9,14.1,10.9,11.4,13.1,14.4,11.7,10.4,12.0,13.0,EPS; Francais; Histoire_Geo; Mathematiques; Philosophie,rédaction d'actes juridiques; esprit d'équipe; esprit d'analyse; sens de l'organisation; droit des contrats et des sociétés; autonomie,Débat et droit; Sport,a organisé une petite activité commerciale ou un projet associatif; participe à des activités associatives ou de bénévolat,Expert en contentieux d'affaires; Responsable des ressources humaines (volet juridique),Bureau/Numérique,Droit et Techniques des Affaires,DTJA,Droit et Techniques Juridiques des Affaires,False,
P00844,19,M,Sofia,Général,A2,,12.66,13.9,14.6,16.6,11.6,9.8,12.4,11.7,9.9,11.6,12.7,15.2,11.9,Arts; Mathematiques; Physique_Chimie; SVT,curiosité; sécurité alimentaire; créativité,Animaux; Santé; Sport,a participé à un club de sciences naturelles ou d'écologie; a occupé un petit job ou une activité rémunérée pendant les vacances,Consultant qualité,Terrain/Extérieur,Biotechnologie et Agronomie,IAA,Industries Agroalimentaires,False,
P00845,19,F,Atsimo-Andrefana,Professionnel et technique,TMA,Industriel,11.03,9.5,9.4,12.0,13.2,11.4,11.6,12.3,13.3,8.8,11.5,9.9,9.5,Anglais; Francais; Histoire_Geo; Philosophie; SVT,esprit d'équipe; droit foncier et minier; autonomie; gestion de trésorerie; sens de l'organisation,Actualité et politique; Bénévolat associatif,a participé à un club de débat ou un simulacre de procès au lycée; gère les comptes d'une association d'élèves,Chargé de conformité; créer sa propre entreprise,Contact clientèle/Relationnel,Droit et Techniques des Affaires,DTJA,Droit et Techniques Juridiques des Affaires,True,FIC
P00846,20,M,Ihorombe,Professionnel et technique,DAMB,Industriel,9.9,14.6,8.5,7.7,9.3,9.0,10.3,10.5,6.8,12.4,10.7,10.0,9.0,Economie; Histoire_Geo; Informatique; Mathematiques,persévérance; business intelligence; esprit d'équipe; machine learning et deep learning; esprit d'analyse; rigueur,Réseaux sociaux et numérique; Technologie,a créé un compte de jeu vidéo compétitif et anime une petite communauté en ligne; a participé à un club informatique ou de robotique au lycée,Data Analyst; Analyste Big Data,Bureau/Numérique,Informatique et Télécommunications,ISAIA,"Informatique, Statistique Appliquée et Intelligence Artificielle",False,
P00847,19,F,Amoron'i Mania,Professionnel et technique,TMF,Industriel,11.88,12.6,12.2,9.6,13.9,9.1,14.4,9.9,10.7,13.5,12.5,12.2,12.0,Anglais; Economie; Francais; Mathematiques,aisance relationnelle; sens de l'organisation; persévérance; stratégie marketing et commerciale; esprit d'équipe,Débat et droit; Bénévolat associatif,a participé à un club de débat ou un simulacre de procès au lycée; participe à des activités associatives ou de bénévolat,Responsable Marketing; avoir un poste à responsabilités,Contact clientèle/Relationnel,Droit et Techniques des Affaires,CAA,Commerce et Administration des Affaires,False,
P00848,19,F,Atsinanana,Technologique,TGC,Génie civil,11.64,11.0,15.2,12.5,10.6,12.0,9.0,10.6,11.0,14.0,10.6,12.5,10.7,Arts; Economie; Malgache; Physique_Chimie; SVT,sens de l'organisation; conception architecturale (AutoCAD/ArchiCAD); ingénierie des infrastructures routières et hydrauliques; aisance relationnelle; sens de l'observation; géotechnique; autonomie,Architecture; Construction,a réalisé des maquettes ou des plans de construction pour un projet scolaire; aime dessiner des plans de maisons ou des croquis d'aménagement,Ingénieur en Bureau d'Études,Chantier/BTP,Génie Civil et Architecture,GCA,Génie Civil et Architecture,False,
P00849,18,F,Amoron'i Mania,Général,D,,11.99,11.0,11.6,11.6,9.2,11.4,14.5,13.8,13.0,12.4,12.4,12.0,11.0,Anglais; Economie; Histoire_Geo; Informatique; Philosophie,zootechnie et pisciculture; curiosité; esprit d'analyse; sens de l'observation; esprit d'équipe,Agriculture; Animaux,a réalisé un exposé scolaire sur la santé ou la biologie; s'occupe d'un petit élevage ou d'un jardin potager,Responsable de projet développement rural; avoir un poste à responsabilités,Terrain/Extérieur,Biotechnologie et Agronomie,AEE,Agriculture et Élevage,False,
P00850,17,F,Fitovinany,Professionnel et technique,TMEL,Industriel,12.78,13.8,11.0,11.8,16.6,10.0,16.6,10.3,12.7,18.4,11.9,11.7,8.5,Anglais; Economie; Mathematiques,aisance relationnelle; sens de l'organisation; négociation et vente internationale; stratégie marketing et commerciale; autonomie; analyse financière et gestion budgétaire,Actualité et politique; Entrepreneuriat,a organisé une petite activité commerciale ou un projet associatif; s'intéresse à l'actualité économique et suit des chaînes d'information; pratique un sport en club depuis plusieurs années,Responsable commercial; avoir un métier stable,Contact clientèle/Relationnel,Droit et Techniques des Affaires,CAA,Commerce et Administration des Affaires,False,
P00851,19,F,Fitovinany,Professionnel et technique,ACTC,Tertiaire,15.47,16.7,14.3,13.6,16.5,14.9,18.0,13.5,12.0,17.9,14.4,17.2,16.6,Arts; EPS; Economie; Mathematiques,autonomie; analyse financière et gestion budgétaire; créativité; curiosité; négociation et vente internationale; esprit d'équipe,Actualité et politique; Sport,a participé à un club de débat ou un simulacre de procès au lycée; gère les comptes d'une association d'élèves; a occupé un petit job ou une activité rémunérée pendant les vacances,Responsable export; Responsable commercial,Bureau/Numérique,Droit et Techniques des Affaires,CAA,Commerce et Administration des Affaires,False,
P00852,18,M,Analamanga,Professionnel et technique,TOM,Industriel,12.64,10.6,16.4,12.9,13.6,11.1,10.3,14.0,12.0,13.6,14.2,11.6,11.4,Histoire_Geo; Informatique; Physique_Chimie,persévérance; électronique de puissance; maintenance hardware et microcontrôleurs; esprit d'analyse; robotique et domotique,Jeux vidéo; Technologie; Sport,aide régulièrement à l'entretien de véhicules en famille; a participé à un club informatique ou de robotique au lycée,Ingénieur en électrotechnique; Ingénieur en maintenance industrielle,Terrain/Extérieur,Génie Industriel,EMII,Électromécanique et Informatique Industrielle,True,ESIIA
P00853,20,M,Betsiboka,Professionnel et technique,TMF,Industriel,14.47,17.1,13.2,14.0,13.5,13.6,13.2,13.5,15.5,15.4,17.3,13.2,14.1,Economie; Informatique; Mathematiques; Philosophie,aisance relationnelle; autonomie; traitement de données massives (Big Data); machine learning et deep learning,Robotique; Programmation; Musique,a suivi un tutoriel en ligne de programmation et créé un petit site web personnel; a monté et dépanné des ordinateurs pour son entourage; participe à des activités associatives ou de bénévolat,Ingénieur Machine Learning; Data Scientist; créer sa propre entreprise,Bureau/Numérique,Informatique et Télécommunications,ISAIA,"Informatique, Statistique Appliquée et Intelligence Artificielle",False,
P00854,19,F,Bongolava,Technologique,TGI,Industriel,13.64,14.7,12.4,12.0,15.2,15.6,15.0,12.3,11.1,12.8,14.4,14.9,13.3,Anglais; Francais; Malgache,sensibilisation au tourisme durable; connaissance du patrimoine environnemental et culturel malgache; persévérance; créativité,Cultures du monde; Voyage,aime cuisiner et découvrir des plats d'autres cultures,Chargé de valorisation touristique et environnementale; Professionnel du secteur du tourisme,Contact clientèle/Relationnel,Tourisme,TEE,Tourisme et Environnement,False,
P00855,19,M,Amoron'i Mania,Professionnel et technique,TAG,Agricole,12.14,11.5,12.6,10.5,14.2,11.8,12.2,12.0,13.6,14.1,9.9,11.7,11.6,Anglais; Economie; Francais; Philosophie; Physique_Chimie,sens de l'observation; stratégie marketing et commerciale; sens de l'organisation,Gestion,gère les comptes d'une association d'élèves; a occupé un petit job ou une activité rémunérée pendant les vacances,Gestionnaire administratif et financier; Responsable export,Contact clientèle/Relationnel,Droit et Techniques des Affaires,CAA,Commerce et Administration des Affaires,False,
P00856,17,M,Vakinankaratra,Professionnel et technique,TAG,Agricole,12.67,12.1,10.0,17.0,12.9,11.8,12.8,14.4,10.4,13.7,12.4,13.2,11.3,Arts; Economie; Francais; Histoire_Geo; Malgache,rigueur; développement rural; sens de l'observation,Nature; Musique,s'occupe d'un petit élevage ou d'un jardin potager; a réalisé un exposé scolaire sur la santé ou la biologie,Ingénieur Agronome,Laboratoire/Recherche,Biotechnologie et Agronomie,AEE,Agriculture et Élevage,False,
P00857,18,M,Anosy,Professionnel et technique,EN,Industriel,8.88,11.4,12.4,7.7,10.5,6.2,11.0,5.7,9.1,5.6,11.3,8.4,7.2,Informatique; Mathematiques; Physique_Chimie,autonomie; aisance relationnelle; créativité; maintenance hardware et microcontrôleurs; esprit d'analyse; robotique et domotique,Technologie,a créé un compte de jeu vidéo compétitif et anime une petite communauté en ligne; a participé à un club informatique ou de robotique au lycée; a occupé un petit job ou une activité rémunérée pendant les vacances,Ingénieur en télécommunications; Ingénieur système et réseau,Bureau/Numérique,Informatique et Télécommunications,ESIIA,"Électronique, Systèmes Informatiques et Intelligence Artificielle",False,
P00858,17,M,Androy,Professionnel et technique,EN,Industriel,8.82,9.7,11.7,8.0,10.3,8.1,8.8,8.6,10.2,7.7,8.1,7.5,7.2,Anglais; Francais; Mathematiques; Philosophie; Physique_Chimie,"gestion de production industrielle; maintenance industrielle pluridisciplinaire; rigueur; automatismes (Grafcet, automates); créativité",Électronique; Mécanique,a démonté et réparé des appareils électroménagers ou mécaniques par curiosité; aide régulièrement à l'entretien de véhicules en famille,Responsable de production en usine; Ingénieur en automatisation et robotique industrielle; avoir un poste à responsabilités,Atelier/Industriel,Génie Industriel,EMII,Électromécanique et Informatique Industrielle,False,
P00859,17,F,Alaotra-Mangoro,Professionnel et technique,TMEL,Industriel,13.32,13.5,16.4,15.4,13.3,12.6,12.0,15.1,12.2,13.1,14.2,10.9,11.2,Histoire_Geo; Informatique; Physique_Chimie; SVT,"traitement du signal et automatique; aisance relationnelle; curiosité; administration de réseaux (GSM, TCP/IP)",Jeux vidéo; Réseaux sociaux,a suivi un tutoriel en ligne de programmation et créé un petit site web personnel,Expert en systèmes embarqués et IoT; Spécialiste en maintenance de systèmes informatisés,Bureau/Numérique,Informatique et Télécommunications,ESIIA,"Électronique, Systèmes Informatiques et Intelligence Artificielle",False,
P00860,17,F,Ihorombe,Professionnel et technique,TAG,Agricole,13.93,13.5,12.1,15.1,17.4,14.9,11.1,15.6,13.1,16.7,12.0,14.8,10.9,Economie; Histoire_Geo; SVT,agroécologie et agriculture biologique; curiosité; rigueur; esprit d'analyse,Santé,a participé à un club de sciences naturelles ou d'écologie; a réalisé un exposé scolaire sur la santé ou la biologie; pratique un sport en club depuis plusieurs années,Ingénieur Agronome,Laboratoire/Recherche,Biotechnologie et Agronomie,AEE,Agriculture et Élevage,False,
P00861,17,F,Betsiboka,Général,D,,7.05,7.2,7.7,3.8,9.1,6.1,8.9,6.7,5.3,8.0,5.6,8.1,8.1,Anglais; Arts; Francais,esprit d'analyse; langues étrangères; conception de produits touristiques; sens de l'organisation; curiosité; accueil et relation client,Cultures du monde; Hôtellerie,pratique l'anglais ou une autre langue étrangère en autodidacte; a organisé un voyage ou un événement pour son groupe d'amis; a occupé un petit job ou une activité rémunérée pendant les vacances,Chef de produit touristique; travailler à l'international,Contact clientèle/Relationnel,Tourisme,TEH,"Tourisme, Environnement et Hôtellerie",False,
P00862,19,M,Amoron'i Mania,Professionnel et technique,DAMB,Industriel,13.2,14.2,14.3,12.0,13.6,11.5,12.8,14.1,13.7,10.6,12.8,14.9,13.9,Arts; Mathematiques; Physique_Chimie,conception assistée par ordinateur (AutoCAD); persévérance; curiosité,Bricolage; Mécanique,aide régulièrement à l'entretien de véhicules en famille; a participé à un club de robotique ou de modélisme,Responsable de production en usine,Terrain/Extérieur,Génie Industriel,EMII,Électromécanique et Informatique Industrielle,False,
P00863,20,M,Haute Matsiatra,Professionnel et technique,TMA,Industriel,9.84,10.7,9.0,8.1,7.6,8.2,9.3,11.3,13.5,10.7,10.4,8.7,10.6,EPS; Economie; Histoire_Geo; Mathematiques; Philosophie,curiosité; aisance relationnelle; gestion de production industrielle; maintenance industrielle pluridisciplinaire; électronique de puissance; créativité; sens de l'organisation,Électronique; Bricolage,a démonté et réparé des appareils électroménagers ou mécaniques par curiosité,Ingénieur en bureau d'études mécanique; Ingénieur en automatisation et robotique industrielle; travailler à l'international,Terrain/Extérieur,Génie Industriel,EMII,Électromécanique et Informatique Industrielle,False,
P00864,20,F,Fitovinany,Professionnel et technique,TMA,Industriel,13.43,13.6,13.6,14.0,14.2,9.9,12.4,10.5,14.5,11.5,20,15.4,11.5,Arts; Francais; Informatique; Philosophie,"conception logicielle (UML, Merise); notions d'intelligence artificielle; sens de l'organisation; autonomie; développement full-stack",Réseaux sociaux et numérique,a suivi un tutoriel en ligne de programmation et créé un petit site web personnel; a participé à un club informatique ou de robotique au lycée; pratique un sport en club depuis plusieurs années,Administrateur de bases de données; Développeur Full-Stack (Web & Mobile),Bureau/Numérique,Informatique et Télécommunications,IGGLIA,"Informatique de Gestion, Génie Logiciel et Intelligence Artificielle",False,
P00865,18,M,Vatovavy,Général,S,,15.07,19.1,12.5,15.2,15.5,10.0,16.3,14.6,15.7,16.5,18.2,13.8,13.5,Anglais; Economie; Informatique; Mathematiques; Philosophie,créativité; machine learning et deep learning; sens de l'observation; esprit d'analyse; curiosité; business intelligence; traitement de données massives (Big Data),Robotique; Musique,a participé à un club informatique ou de robotique au lycée; a suivi un tutoriel en ligne de programmation et créé un petit site web personnel; participe à des activités associatives ou de bénévolat,Ingénieur Machine Learning; Statisticien financier,Bureau/Numérique,Informatique et Télécommunications,ISAIA,"Informatique, Statistique Appliquée et Intelligence Artificielle",False,
P00866,20,M,Analamanga,Général,C,,12.33,15.3,13.3,12.3,10.5,12.4,10.6,11.8,12.2,11.0,13.7,13.0,11.9,Arts; Informatique; Malgache; Mathematiques; Physique_Chimie,calcul de structures (RDM); rigueur; conception architecturale (AutoCAD/ArchiCAD); géotechnique; persévérance,Urbanisme; Dessin et design; Musique,aime dessiner des plans de maisons ou des croquis d'aménagement; pratique un sport en club depuis plusieurs années,Architecte junior; Conducteur de travaux,Bureau d'études,Génie Civil et Architecture,GCA,Génie Civil et Architecture,False,
P00867,20,F,Amoron'i Mania,Général,A1,,13.13,13.9,12.7,11.1,17.9,12.4,14.0,13.2,11.4,18.0,12.2,9.5,11.3,Anglais; Economie; Francais; Histoire_Geo; Mathematiques,sens de l'observation; curiosité; gestion d'entreprise; négociation et vente internationale; analyse financière et gestion budgétaire; persévérance,Actualité et politique,s'intéresse à l'actualité économique et suit des chaînes d'information,Responsable Marketing,Contact clientèle/Relationnel,Droit et Techniques des Affaires,CAA,Commerce et Administration des Affaires,False,
P00868,20,F,Diana,Professionnel et technique,TMA,Industriel,12.32,10.6,12.4,12.1,15.6,12.9,12.9,9.7,9.5,8.0,17.5,14.7,11.9,Arts; Francais; Informatique,sens de l'observation; curiosité; autonomie; production et montage audiovisuel,Robotique,a suivi un tutoriel en ligne de programmation et créé un petit site web personnel; a occupé un petit job ou une activité rémunérée pendant les vacances,Webmaster; Ingénieur en technologies de la communication,Mixte/Itinérant,Informatique et Télécommunications,IMTICIA,"Informatique Multimédia, Technologie de l'Information et de la Communication et Intelligence Artificielle",False,
P00869,17,F,Fitovinany,Professionnel et technique,TMEL,Industriel,14.35,17.8,15.9,12.3,14.3,12.8,14.4,13.5,13.4,18.0,12.8,15.3,11.7,Anglais; Arts; Economie; Mathematiques; Physique_Chimie,analyse financière et gestion budgétaire; esprit d'analyse; sens de l'organisation; esprit d'équipe; stratégie marketing et commerciale,Entrepreneuriat,a participé à un club de débat ou un simulacre de procès au lycée,Analyste de marché; Manager de PME/PMI; travailler à l'international,Contact clientèle/Relationnel,Droit et Techniques des Affaires,CAA,Commerce et Administration des Affaires,False,
P00870,20,F,Itasy,Professionnel et technique,EN,Industriel,10.53,13.4,9.7,8.7,11.1,8.9,7.4,11.6,9.7,10.7,15.6,8.1,11.5,EPS; Histoire_Geo; Informatique; Mathematiques,notions d'intelligence artificielle; persévérance; créativité; développement web et mobile multimédia; aisance relationnelle; esprit d'analyse,Technologie; Programmation; Musique,a participé à un club informatique ou de robotique au lycée,Expert en transformation digitale; créer sa propre entreprise,Mixte/Itinérant,Informatique et Télécommunications,IGGLIA,"Informatique de Gestion, Génie Logiciel et Intelligence Artificielle",True,IMTICIA
P00871,18,F,Analanjirofo,Professionnel et technique,TAMB,Industriel,9.02,10.8,6.6,11.1,10.8,9.5,10.0,10.0,10.0,6.0,7.0,8.5,7.9,Francais; Mathematiques; SVT,gestion des litiges commerciaux; sens de l'observation; rigueur; sens de l'organisation; persévérance,Économie; Actualité et politique; Sport,a organisé une petite activité commerciale ou un projet associatif; s'intéresse à l'actualité économique et suit des chaînes d'information; a occupé un petit job ou une activité rémunérée pendant les vacances,Expert en contentieux d'affaires; Chargé de conformité,Contact clientèle/Relationnel,Droit et Techniques des Affaires,DTJA,Droit et Techniques Juridiques des Affaires,False,
P00872,20,M,Sava,Professionnel et technique,TAMB,Industriel,10.06,11.3,10.8,9.5,6.2,7.9,11.9,10.2,8.7,12.0,10.8,10.2,11.2,Anglais; EPS; Economie; Mathematiques,esprit d'analyse; curiosité; persévérance; traitement de données massives (Big Data); autonomie,Technologie; Jeux vidéo; Lecture,a créé un compte de jeu vidéo compétitif et anime une petite communauté en ligne; participe à des activités associatives ou de bénévolat,Ingénieur Machine Learning,Bureau/Numérique,Informatique et Télécommunications,ISAIA,"Informatique, Statistique Appliquée et Intelligence Artificielle",False,
P00873,19,F,Sofia,Professionnel et technique,TEV,Agricole,13.26,15.1,12.8,14.8,11.9,11.7,11.9,12.2,14.6,12.4,13.3,16.9,11.5,Arts; Informatique; Mathematiques; Philosophie,gestion de laboratoire d'analyses médicales; raffinage et pétrochimie; aisance relationnelle; analyses de laboratoire; créativité; esprit d'équipe,Électronique; Agriculture; Réseaux sociaux,a démonté et réparé des appareils électroménagers ou mécaniques par curiosité; a réalisé un exposé scolaire sur la santé ou la biologie,Responsable de production pharmaceutique; Délégué médical; avoir un poste à responsabilités,Terrain/Extérieur,Biotechnologie et Agronomie,PIP,Pharmacologie et Industries Pharmaceutiques,True,ICMP
P00874,20,M,Bongolava,Professionnel et technique,TAG,Agricole,14.25,14.5,17.4,18.2,13.8,13.1,14.9,11.1,15.7,16.0,14.6,10.8,10.9,Economie; Philosophie; Physique_Chimie; SVT,rigueur; sens de l'organisation; transformation agroalimentaire; esprit d'analyse; biochimie et R&D; normes HACCP et microbiologie; persévérance,Agriculture; Animaux; Lecture,a participé à un club de sciences naturelles ou d'écologie; aide régulièrement dans l'exploitation agricole familiale,Consultant qualité; travailler à l'international,Laboratoire/Recherche,Biotechnologie et Agronomie,IAA,Industries Agroalimentaires,False,
P00875,17,M,Anosy,Professionnel et technique,TOM,Industriel,14.22,14.9,13.4,16.4,17.2,14.7,12.4,13.9,11.5,15.2,14.3,12.3,14.5,Economie; Informatique; Malgache; Mathematiques; SVT,"analyse statistique et probabilités appliquées; aisance relationnelle; sens de l'organisation; programmation multi-langages (Java, C#, PHP, JavaScript); esprit d'équipe",Programmation,a participé à un club informatique ou de robotique au lycée; a suivi un tutoriel en ligne de programmation et créé un petit site web personnel,Statisticien financier; Data Analyst,Mixte/Itinérant,Informatique et Télécommunications,ISAIA,"Informatique, Statistique Appliquée et Intelligence Artificielle",True,IGGLIA
P00876,17,M,Fitovinany,Professionnel et technique,DAMB,Industriel,10.64,11.3,11.9,8.2,6.8,9.6,10.9,11.8,11.1,15.3,10.6,10.2,10.0,Economie; Histoire_Geo; Physique_Chimie,esprit d'équipe; pilotage et planification de projets; rigueur; sens de l'observation; autonomie,Actualité et politique; Entrepreneuriat; Musique,gère les comptes d'une association d'élèves; a participé à un club de débat ou un simulacre de procès au lycée; participe à des activités associatives ou de bénévolat,Chef de projet; Consultant en management,Bureau/Numérique,Droit et Techniques des Affaires,EMP,Économie et Management de Projet,False,
P00877,19,F,Itasy,Professionnel et technique,TMEL,Industriel,9.04,10.4,8.8,5.6,9.6,10.6,8.0,8.8,10.2,6.4,13.2,6.9,10.0,Informatique; Malgache; Mathematiques; Philosophie,notions d'intelligence artificielle; rigueur; sens de l'organisation; aisance relationnelle; créativité,Programmation; Réseaux sociaux,a suivi un tutoriel en ligne de programmation et créé un petit site web personnel; a participé à un club informatique ou de robotique au lycée,Développeur Full-Stack (Web & Mobile); créer sa propre entreprise,Bureau/Numérique,Informatique et Télécommunications,IGGLIA,"Informatique de Gestion, Génie Logiciel et Intelligence Artificielle",False,
P00878,18,F,Betsiboka,Professionnel et technique,CCBTP,Génie civil / BTP,12.35,15.3,13.2,11.2,13.7,9.5,11.2,12.5,11.2,13.2,10.6,13.2,13.4,EPS; Economie; Francais; Mathematiques; Physique_Chimie,calcul de structures (RDM); créativité; autonomie; esprit d'équipe; conception architecturale (AutoCAD/ArchiCAD),Dessin et design; Sport,a visité un chantier de construction dans le cadre d'un stage d'observation; aime dessiner des plans de maisons ou des croquis d'aménagement,Urbaniste,Bureau d'études,Génie Civil et Architecture,GCA,Génie Civil et Architecture,False,
P00879,19,M,Itasy,Général,A1,,9.88,9.1,9.2,9.0,10.1,11.5,13.8,11.4,7.8,11.5,9.2,6.9,9.1,Economie; Francais; Histoire_Geo; Malgache,autonomie; sens de l'organisation; persévérance; connaissance du patrimoine environnemental et culturel malgache,Hôtellerie; Gastronomie; Lecture,a effectué un stage d'observation dans un hôtel ou une agence de voyage; pratique l'anglais ou une autre langue étrangère en autodidacte,Professionnel du secteur du tourisme,Contact clientèle/Relationnel,Tourisme,TEE,Tourisme et Environnement,False,
P00880,19,M,Haute Matsiatra,Professionnel et technique,TMA,Industriel,12.82,13.9,12.9,14.7,11.5,11.7,12.0,11.0,13.6,14.2,14.1,12.6,11.7,Informatique; Mathematiques; SVT,"conception logicielle (UML, Merise); gestion de projets informatiques; rigueur; persévérance; développement full-stack",Réseaux sociaux et numérique; Musique,a suivi un tutoriel en ligne de programmation et créé un petit site web personnel; a participé à un club informatique ou de robotique au lycée,Responsable Business Intelligence,Mixte/Itinérant,Informatique et Télécommunications,ISAIA,"Informatique, Statistique Appliquée et Intelligence Artificielle",True,IGGLIA
P00881,17,M,Amoron'i Mania,Technologique,TGI,Industriel,9.61,10.6,10.9,7.8,9.1,9.5,8.4,7.2,8.0,14.8,8.1,10.5,10.4,Arts; EPS; Economie; Mathematiques; Physique_Chimie,fiscalité d'entreprise; esprit d'analyse; sens de l'observation,Débat et droit; Entrepreneuriat,a organisé une petite activité commerciale ou un projet associatif,Auditeur financier; Directeur Administratif et Financier,Bureau/Numérique,Droit et Techniques des Affaires,FIC,Finances et Comptabilité,False,
P00882,20,F,Analamanga,Professionnel et technique,TMEL,Industriel,10.09,11.9,9.5,10.7,8.8,8.3,8.1,10.4,10.4,11.6,11.9,8.5,11.0,EPS; Economie; Informatique; Mathematiques,sens de l'organisation; analyse statistique et probabilités appliquées; rigueur; business intelligence; autonomie; créativité; machine learning et deep learning,Réseaux sociaux et numérique; Sport,a créé un compte de jeu vidéo compétitif et anime une petite communauté en ligne; participe à des activités associatives ou de bénévolat,Statisticien financier; Data Analyst,Bureau/Numérique,Informatique et Télécommunications,ISAIA,"Informatique, Statistique Appliquée et Intelligence Artificielle",False,
P00883,17,F,Vakinankaratra,Professionnel et technique,EN,Industriel,13.55,16.2,15.8,12.3,14.6,15.8,14.0,9.7,10.2,11.4,16.7,11.1,14.8,EPS; Informatique; Malgache; Mathematiques; Physique_Chimie,"autonomie; systèmes embarqués et IoT; traitement du signal et automatique; créativité; administration de réseaux (GSM, TCP/IP)",Robotique; Sport,a monté et dépanné des ordinateurs pour son entourage; a participé à un club informatique ou de robotique au lycée; participe à des activités associatives ou de bénévolat,Ingénieur système et réseau; Expert en systèmes embarqués et IoT; avoir un métier stable,Bureau/Numérique,Informatique et Télécommunications,ESIIA,"Électronique, Systèmes Informatiques et Intelligence Artificielle",False,
P00884,18,M,Menabe,Général,D,,11.14,9.9,9.1,9.3,10.2,11.3,9.3,9.7,14.9,10.6,15.9,15.1,8.4,Arts; Informatique; Philosophie,production et montage audiovisuel; communication digitale et PAO; persévérance; design UI/UX; créativité,Robotique; Jeux vidéo; Musique,a créé un compte de jeu vidéo compétitif et anime une petite communauté en ligne; a suivi un tutoriel en ligne de programmation et créé un petit site web personnel,UX/UI Designer; Développeur multimédia; travailler à l'international,Bureau/Numérique,Informatique et Télécommunications,IMTICIA,"Informatique Multimédia, Technologie de l'Information et de la Communication et Intelligence Artificielle",False,
P00885,17,M,Atsinanana,Professionnel et technique,TOM,Industriel,12.68,15.7,12.0,13.1,11.1,11.6,14.2,11.1,12.4,11.0,15.9,12.7,11.4,Anglais; Informatique; Mathematiques,rigueur; administration de bases de données; design UI/UX; notions d'intelligence artificielle; curiosité; aisance relationnelle,Technologie; Bénévolat associatif,a participé à un club informatique ou de robotique au lycée; pratique un sport en club depuis plusieurs années,Ingénieur en génie logiciel; Consultant en systèmes d'information et IA,Mixte/Itinérant,Informatique et Télécommunications,IGGLIA,"Informatique de Gestion, Génie Logiciel et Intelligence Artificielle",True,IMTICIA
P00886,17,M,Diana,Technologique,TGI,Industriel,10.7,10.7,8.7,9.1,12.3,9.8,12.7,8.4,10.7,15.2,9.0,9.0,12.8,Anglais; EPS; Economie; Francais; Mathematiques,curiosité; stratégie marketing et commerciale; créativité; persévérance; sens de l'observation; analyse financière et gestion budgétaire; gestion d'entreprise,Débat et droit; Lecture,gère les comptes d'une association d'élèves; a occupé un petit job ou une activité rémunérée pendant les vacances,Responsable export; Analyste de marché; créer sa propre entreprise,Bureau/Numérique,Droit et Techniques des Affaires,CAA,Commerce et Administration des Affaires,False,
P00887,17,F,Analanjirofo,Professionnel et technique,MEMA,Industriel,12.32,10.2,12.5,12.2,13.3,11.3,13.2,11.4,10.7,10.2,14.9,16.2,11.8,Anglais; Arts; Francais; Informatique,rigueur; esprit d'analyse; développement web et mobile multimédia; communication digitale et PAO; sens de l'organisation; production et montage audiovisuel,Technologie; Lecture,a créé un compte de jeu vidéo compétitif et anime une petite communauté en ligne,UX/UI Designer,Bureau/Numérique,Informatique et Télécommunications,IMTICIA,"Informatique Multimédia, Technologie de l'Information et de la Communication et Intelligence Artificielle",False,
P00888,18,F,Betsiboka,Professionnel et technique,TOM,Industriel,9.73,13.6,9.8,8.7,8.4,7.8,9.1,8.4,7.3,12.6,9.1,10.8,11.2,Arts; EPS; Economie; Mathematiques,gestion de trésorerie; comptabilité générale et analytique; esprit d'analyse; audit financier; sens de l'organisation,Débat et droit; Sport,a organisé une petite activité commerciale ou un projet associatif; s'intéresse à l'actualité économique et suit des chaînes d'information; participe à des activités associatives ou de bénévolat,Chef Comptable; Contrôleur de gestion; avoir un poste à responsabilités,Bureau/Numérique,Droit et Techniques des Affaires,FIC,Finances et Comptabilité,False,
P00889,18,M,Atsimo-Andrefana,Professionnel et technique,TAMB,Industriel,10.06,14.5,8.7,9.8,9.5,8.9,7.5,8.7,10.3,9.9,15.1,8.1,9.7,Informatique; Mathematiques; Philosophie,"rigueur; conception logicielle (UML, Merise); persévérance; administration de bases de données",Technologie,a créé un compte de jeu vidéo compétitif et anime une petite communauté en ligne; a suivi un tutoriel en ligne de programmation et créé un petit site web personnel; pratique un sport en club depuis plusieurs années,Ingénieur en génie logiciel; Consultant en systèmes d'information et IA; travailler à l'international,Bureau/Numérique,Informatique et Télécommunications,IGGLIA,"Informatique de Gestion, Génie Logiciel et Intelligence Artificielle",False,
P00890,18,F,Sava,Technologique,TGI,Industriel,13.67,15.2,13.5,11.1,12.5,13.4,13.9,11.1,13.4,17.7,12.7,14.4,15.1,Arts; EPS; Economie; Mathematiques,business intelligence; sens de l'observation; autonomie; rigueur,Robotique; Réseaux sociaux et numérique; Sport,a monté et dépanné des ordinateurs pour son entourage; a participé à un club informatique ou de robotique au lycée,Analyste Big Data; Data Scientist; avoir un poste à responsabilités,Bureau/Numérique,Informatique et Télécommunications,ISAIA,"Informatique, Statistique Appliquée et Intelligence Artificielle",False,
P00891,20,M,Amoron'i Mania,Technologique,TTER,Tertiaire,7.56,11.3,7.3,5.8,7.5,5.6,5.8,6.6,9.6,11.0,6.2,7.7,6.3,Arts; Economie; Francais; Mathematiques; Philosophie,persévérance; analyse économique et économétrie; autonomie; management stratégique; pilotage et planification de projets,Entrepreneuriat; Gestion; Lecture,s'intéresse à l'actualité économique et suit des chaînes d'information; a participé à un club de débat ou un simulacre de procès au lycée; pratique un sport en club depuis plusieurs années,Consultant en management,Bureau/Numérique,Droit et Techniques des Affaires,EMP,Économie et Management de Projet,False,
P00892,20,M,Atsimo-Atsinanana,Professionnel et technique,ACTC,Tertiaire,12.77,12.7,10.9,15.0,14.7,14.0,12.3,14.0,14.4,11.0,11.3,10.6,12.3,Francais; Malgache; Philosophie,rigueur; autonomie; rédaction d'actes juridiques,Débat et droit; Réseaux sociaux,gère les comptes d'une association d'élèves; a participé à un club de débat ou un simulacre de procès au lycée,Juriste d'affaires; Assistant juridique,Contact clientèle/Relationnel,Droit et Techniques des Affaires,DTJA,Droit et Techniques Juridiques des Affaires,False,
P00893,18,F,Androy,Général,D,,13.62,10.9,11.9,14.1,14.0,11.3,14.1,14.6,13.6,15.3,15.6,14.7,13.3,Arts; Economie; Histoire_Geo; Informatique,"curiosité; persévérance; aisance relationnelle; conception logicielle (UML, Merise); développement full-stack",Robotique,a créé un compte de jeu vidéo compétitif et anime une petite communauté en ligne; a participé à un club informatique ou de robotique au lycée; participe à des activités associatives ou de bénévolat,Développeur Full-Stack (Web & Mobile),Bureau/Numérique,Informatique et Télécommunications,IGGLIA,"Informatique de Gestion, Génie Logiciel et Intelligence Artificielle",True,IMTICIA
P00894,17,M,Menabe,Professionnel et technique,TOM,Industriel,12.32,13.3,15.3,14.0,10.8,12.2,11.5,12.2,13.2,9.2,13.2,10.5,12.4,Anglais; Mathematiques; SVT,"automatismes (Grafcet, automates); sens de l'observation; esprit d'analyse",Électronique; Réseaux sociaux,a participé à un club informatique ou de robotique au lycée; a effectué un stage d'observation dans un atelier ou une usine,Ingénieur en électrotechnique; Ingénieur en maintenance industrielle,Atelier/Industriel,Génie Industriel,EMII,Électromécanique et Informatique Industrielle,True,ESIIA
P00895,17,M,Diana,Général,D,,13.01,14.9,10.6,11.2,12.0,11.3,11.3,15.6,12.5,13.1,15.2,14.6,13.8,Histoire_Geo; Informatique; Mathematiques,"sens de l'organisation; conception logicielle (UML, Merise); rigueur; aisance relationnelle; autonomie; développement full-stack",Réseaux sociaux et numérique,a créé un compte de jeu vidéo compétitif et anime une petite communauté en ligne; pratique un sport en club depuis plusieurs années,Administrateur de bases de données; Chef de projet informatique,Bureau/Numérique,Informatique et Télécommunications,IGGLIA,"Informatique de Gestion, Génie Logiciel et Intelligence Artificielle",False,
P00896,20,M,Atsimo-Andrefana,Général,D,,12.72,17.6,8.8,12.6,10.9,12.6,12.6,14.5,12.7,11.0,14.6,12.3,12.5,Histoire_Geo; Informatique; Mathematiques; Philosophie,"conception logicielle (UML, Merise); autonomie; sens de l'observation; créativité; persévérance",Jeux vidéo; Robotique,a participé à un club informatique ou de robotique au lycée; pratique un sport en club depuis plusieurs années,Ingénieur Machine Learning; Data Analyst,Bureau/Numérique,Informatique et Télécommunications,ISAIA,"Informatique, Statistique Appliquée et Intelligence Artificielle",True,IGGLIA
P00897,19,F,Atsimo-Atsinanana,Général,S,,13.32,17.8,17.6,11.1,14.0,13.4,11.2,11.4,13.5,11.3,11.9,14.6,12.1,Arts; Mathematiques; Physique_Chimie,géotechnique; gestion de chantier; rigueur; curiosité,Construction,aime dessiner des plans de maisons ou des croquis d'aménagement,Architecte junior,Chantier/BTP,Génie Civil et Architecture,GCA,Génie Civil et Architecture,False,
P00898,17,F,Alaotra-Mangoro,Général,A2,,9.82,9.2,8.0,11.6,12.0,8.0,10.5,8.7,8.4,11.8,8.8,8.8,12.1,Arts; EPS; Francais; SVT,négociation et vente internationale; sens de l'organisation; créativité; analyse financière et gestion budgétaire; esprit d'équipe,Débat et droit,a organisé une petite activité commerciale ou un projet associatif; s'intéresse à l'actualité économique et suit des chaînes d'information,Gestionnaire administratif et financier; Responsable commercial,Bureau/Numérique,Droit et Techniques des Affaires,CAA,Commerce et Administration des Affaires,False,
P00899,18,F,Boeny,Professionnel et technique,DAMB,Industriel,12.62,12.6,14.6,11.6,14.0,12.2,14.5,11.5,11.2,17.2,10.4,11.2,10.4,Anglais; Economie; Francais; Mathematiques; Physique_Chimie,esprit d'analyse; stratégie marketing et commerciale; négociation et vente internationale; esprit d'équipe; autonomie,Débat et droit; Économie; Musique,gère les comptes d'une association d'élèves; a occupé un petit job ou une activité rémunérée pendant les vacances,Responsable Marketing,Contact clientèle/Relationnel,Droit et Techniques des Affaires,CAA,Commerce et Administration des Affaires,False,
P00900,18,F,Analanjirofo,Professionnel et technique,TMEL,Industriel,9.74,14.2,8.2,9.2,8.0,6.8,9.1,9.2,8.7,14.0,12.2,8.9,8.4,Economie; Informatique; Mathematiques,sens de l'organisation; esprit d'analyse; gestion de projets informatiques; curiosité; aisance relationnelle,Robotique; Bénévolat associatif,a monté et dépanné des ordinateurs pour son entourage; a occupé un petit job ou une activité rémunérée pendant les vacances,Chef de projet informatique,Bureau/Numérique,Informatique et Télécommunications,IGGLIA,"Informatique de Gestion, Génie Logiciel et Intelligence Artificielle",False,
P00901,18,F,Sofia,Professionnel et technique,DAMB,Industriel,13.77,14.7,18.0,15.5,10.6,13.0,13.4,13.9,12.4,12.1,14.9,13.1,13.6,Informatique; Physique_Chimie; SVT,esprit d'équipe; autonomie; aisance relationnelle; gestion de production industrielle,Mécanique; Lecture,a participé à un club de robotique ou de modélisme; a occupé un petit job ou une activité rémunérée pendant les vacances,Architecte Hardware,Mixte/Itinérant,Informatique et Télécommunications,ESIIA,"Électronique, Systèmes Informatiques et Intelligence Artificielle",True,EMII
P00902,17,F,Sava,Professionnel et technique,CG,Tertiaire,12.45,14.0,10.6,9.2,14.4,11.4,13.9,9.6,10.2,15.4,13.4,14.1,13.2,Arts; Economie; Physique_Chimie,créativité; rigueur; stratégie marketing et commerciale,Actualité et politique; Entrepreneuriat; Sport,gère les comptes d'une association d'élèves; a occupé un petit job ou une activité rémunérée pendant les vacances,Analyste de marché; Responsable commercial,Bureau/Numérique,Droit et Techniques des Affaires,CAA,Commerce et Administration des Affaires,False,
P00903,18,M,Alaotra-Mangoro,Général,D,,14.14,11.6,11.7,13.3,13.9,14.0,14.4,11.6,16.6,15.1,17.4,15.2,14.9,Arts; EPS; Economie; Informatique; Philosophie,"autonomie; esprit d'analyse; communication digitale et PAO; persévérance; gestion de projets informatiques; programmation multi-langages (Java, C#, PHP, JavaScript)",Programmation,a participé à un club informatique ou de robotique au lycée; participe à des activités associatives ou de bénévolat,Spécialiste en communication digitale / Community Manager; contribuer au développement de Madagascar,Mixte/Itinérant,Informatique et Télécommunications,IMTICIA,"Informatique Multimédia, Technologie de l'Information et de la Communication et Intelligence Artificielle",True,IGGLIA
P00904,19,M,Diana,Général,C,,15.08,19.8,12.5,14.2,14.9,12.3,11.8,12.9,16.1,17.2,17.9,15.3,16.1,Economie; Informatique; Mathematiques,esprit d'équipe; machine learning et deep learning; persévérance; business intelligence,Robotique; Réseaux sociaux,a participé à un club informatique ou de robotique au lycée,Responsable Business Intelligence; avoir un poste à responsabilités,Bureau/Numérique,Informatique et Télécommunications,ISAIA,"Informatique, Statistique Appliquée et Intelligence Artificielle",False,
P00905,19,M,Betsiboka,Général,C,,12.92,10.6,10.3,13.9,15.6,13.9,13.1,13.1,14.0,15.0,13.2,11.0,11.3,Economie; Francais; Philosophie,analyse financière et gestion budgétaire; rigueur; esprit d'équipe; créativité; persévérance,Débat et droit; Musique,a organisé une petite activité commerciale ou un projet associatif,Manager de PME/PMI,Bureau/Numérique,Droit et Techniques des Affaires,CAA,Commerce et Administration des Affaires,False,
P00906,20,F,Alaotra-Mangoro,Général,S,,10.31,9.5,11.0,8.7,11.1,10.7,10.3,12.1,10.6,8.0,10.3,11.3,10.1,Francais; Histoire_Geo; Mathematiques; Physique_Chimie,sens de l'organisation; esprit d'analyse; accueil et relation client; rigueur,Cultures du monde; Langues étrangères; Lecture,a effectué un stage d'observation dans un hôtel ou une agence de voyage; participe à des activités associatives ou de bénévolat,Manager d'agence de voyage; Gestionnaire de sites protégés,Mixte/Itinérant,Tourisme,TEH,"Tourisme, Environnement et Hôtellerie",False,
P00907,19,M,Menabe,Professionnel et technique,TFFI,Industriel,15.0,18.1,16.8,13.8,14.0,16.1,15.4,12.7,13.7,13.7,16.6,13.7,15.4,Anglais; Informatique; Malgache; Mathematiques; Physique_Chimie,développement full-stack; aisance relationnelle; rigueur; autonomie,Robotique; Programmation; Bénévolat associatif,a créé un compte de jeu vidéo compétitif et anime une petite communauté en ligne; pratique un sport en club depuis plusieurs années,Développeur Full-Stack (Web & Mobile); travailler à l'international,Bureau/Numérique,Informatique et Télécommunications,IGGLIA,"Informatique de Gestion, Génie Logiciel et Intelligence Artificielle",False,
P00908,17,F,Atsimo-Atsinanana,Général,A2,,9.84,8.8,8.2,9.9,10.4,9.7,12.2,12.7,10.6,8.3,9.6,10.4,7.3,Anglais; Francais; Histoire_Geo; Philosophie,sens de l'organisation; aisance relationnelle; accueil et relation client,Voyage; Hôtellerie,aime cuisiner et découvrir des plats d'autres cultures; pratique l'anglais ou une autre langue étrangère en autodidacte; participe à des activités associatives ou de bénévolat,Directeur d'établissement hôtelier; travailler à l'international,Contact clientèle/Relationnel,Tourisme,TEH,"Tourisme, Environnement et Hôtellerie",False,
P00909,20,F,Boeny,Professionnel et technique,TPFM,Industriel,10.62,14.4,8.7,11.5,8.6,13.5,10.2,8.4,9.5,10.0,15.6,9.7,7.4,Informatique; Malgache; Mathematiques; SVT,rigueur; aisance relationnelle; esprit d'équipe; sens de l'organisation; développement full-stack,Technologie,a monté et dépanné des ordinateurs pour son entourage; a suivi un tutoriel en ligne de programmation et créé un petit site web personnel,Ingénieur en génie logiciel; Chef de projet informatique,Bureau/Numérique,Informatique et Télécommunications,IGGLIA,"Informatique de Gestion, Génie Logiciel et Intelligence Artificielle",False,
P00910,18,F,Vakinankaratra,Professionnel et technique,TAG,Agricole,9.72,11.8,11.3,10.4,10.1,10.6,7.0,11.0,11.2,9.4,7.5,10.1,6.3,Mathematiques; Philosophie; Physique_Chimie,autonomie; créativité; persévérance; développement rural; esprit d'équipe,Animaux; Nature; Lecture,a réalisé un exposé scolaire sur la santé ou la biologie; aide régulièrement dans l'exploitation agricole familiale,Responsable de projet développement rural; Responsable de production animale,Laboratoire/Recherche,Biotechnologie et Agronomie,AEE,Agriculture et Élevage,False,
P00911,18,M,Fitovinany,Professionnel et technique,TOM,Industriel,11.47,14.0,10.7,9.9,12.6,11.7,10.3,11.9,12.8,14.8,11.8,9.2,7.9,Economie; Francais; Mathematiques; Philosophie,rigueur; sens de l'organisation; sens de l'observation; business intelligence,Robotique; Réseaux sociaux et numérique,a participé à un club informatique ou de robotique au lycée,Analyste Big Data; Responsable Business Intelligence,Bureau/Numérique,Informatique et Télécommunications,ISAIA,"Informatique, Statistique Appliquée et Intelligence Artificielle",False,
P00912,17,M,Analanjirofo,Professionnel et technique,MEMA,Industriel,12.59,10.9,12.9,12.2,12.2,11.6,15.6,13.1,10.9,16.7,12.0,12.5,10.5,Anglais; Economie; Histoire_Geo; Malgache,analyse financière et gestion budgétaire; persévérance; curiosité; gestion d'entreprise; rigueur,Actualité et politique; Lecture,gère les comptes d'une association d'élèves,Responsable Marketing,Contact clientèle/Relationnel,Droit et Techniques des Affaires,CAA,Commerce et Administration des Affaires,False,
P00913,19,M,Ihorombe,Professionnel et technique,TAG,Agricole,10.42,11.4,7.6,10.1,13.9,11.7,8.1,9.5,13.2,12.5,7.6,8.2,11.2,Economie; Francais; Malgache; Philosophie,esprit d'équipe; gestion des litiges commerciaux; aisance relationnelle,Actualité et politique,a organisé une petite activité commerciale ou un projet associatif; participe à des activités associatives ou de bénévolat,Chargé de conformité; Assistant juridique; avoir un poste à responsabilités,Contact clientèle/Relationnel,Droit et Techniques des Affaires,DTJA,Droit et Techniques Juridiques des Affaires,False,
P00914,20,F,Atsimo-Atsinanana,Professionnel et technique,PCBTP,Génie civil / BTP,12.07,15.3,14.2,11.0,14.5,12.9,10.4,9.7,13.1,10.7,9.1,11.0,13.0,Francais; Mathematiques; Philosophie; Physique_Chimie,rigueur; aisance relationnelle; autonomie; persévérance; conception architecturale (AutoCAD/ArchiCAD),Architecture; Dessin et design,aime dessiner des plans de maisons ou des croquis d'aménagement; participe à des activités associatives ou de bénévolat,Ingénieur en Bureau d'Études; Entrepreneur en BTP,Chantier/BTP,Génie Civil et Architecture,GCA,Génie Civil et Architecture,False,
P00915,19,F,Fitovinany,Professionnel et technique,ACTC,Tertiaire,10.62,9.0,9.3,10.8,15.6,11.0,7.7,11.5,13.9,11.8,9.7,9.0,8.1,Economie; Francais; Informatique; Philosophie,sens de l'organisation; rédaction d'actes juridiques; droit des contrats et des sociétés; créativité; esprit d'équipe,Économie; Débat et droit,a organisé une petite activité commerciale ou un projet associatif; a occupé un petit job ou une activité rémunérée pendant les vacances,Chargé de conformité; Assistant juridique; contribuer au développement de Madagascar,Bureau/Numérique,Droit et Techniques des Affaires,DTJA,Droit et Techniques Juridiques des Affaires,False,
P00916,19,F,Androy,Professionnel et technique,MEMA,Industriel,10.89,9.7,9.9,9.4,9.6,9.0,11.0,11.2,12.4,12.5,11.3,11.6,13.1,EPS; Economie; Philosophie,conception assistée par ordinateur (AutoCAD); électronique de puissance; esprit d'analyse; curiosité,Programmation; Bénévolat associatif,a participé à un club de robotique ou de modélisme; a démonté et réparé des appareils électroménagers ou mécaniques par curiosité,Concepteur de systèmes IoT industriels,Atelier/Industriel,Génie Industriel,EMII,Électromécanique et Informatique Industrielle,True,ESIIA
P00917,20,M,Vatovavy,Professionnel et technique,EN,Industriel,6.75,6.9,7.5,4.9,7.2,4.5,6.0,5.9,7.2,7.7,10.4,3.8,9.0,EPS; Economie; Informatique; Physique_Chimie,aisance relationnelle; gestion de projets informatiques; administration de bases de données; sens de l'organisation; sens de l'observation; créativité,Jeux vidéo; Programmation,a monté et dépanné des ordinateurs pour son entourage,Ingénieur en génie logiciel; Consultant en systèmes d'information et IA; créer sa propre entreprise,Bureau/Numérique,Informatique et Télécommunications,IGGLIA,"Informatique de Gestion, Génie Logiciel et Intelligence Artificielle",True,IMTICIA
P00918,18,M,Androy,Général,S,,8.72,6.9,9.1,11.2,9.2,9.6,7.9,8.9,9.8,7.7,7.8,9.8,6.7,Arts; Malgache; Philosophie; SVT,sens de l'observation; persévérance; phytochimie; pharmacologie; gestion de laboratoire d'analyses médicales; créativité,Agriculture; Animaux; Bénévolat associatif,a participé à un club de sciences naturelles ou d'écologie; s'occupe d'un petit élevage ou d'un jardin potager; participe à des activités associatives ou de bénévolat,Responsable Qualité et Hygiène; Chef de production,Terrain/Extérieur,Biotechnologie et Agronomie,IAA,Industries Agroalimentaires,True,PIP
P00919,18,M,Amoron'i Mania,Professionnel et technique,TMF,Industriel,12.53,11.7,17.0,12.2,12.2,12.4,11.2,13.7,14.1,11.5,11.7,11.1,11.6,Histoire_Geo; Philosophie; Physique_Chimie,maintenance industrielle pluridisciplinaire; curiosité; conception assistée par ordinateur (AutoCAD); créativité; persévérance,Électronique; Sport,a démonté et réparé des appareils électroménagers ou mécaniques par curiosité,Concepteur de systèmes IoT industriels; Responsable de production en usine,Atelier/Industriel,Génie Industriel,EMII,Électromécanique et Informatique Industrielle,False,
P00920,20,F,Alaotra-Mangoro,Professionnel et technique,CG,Tertiaire,10.79,10.0,10.4,12.1,10.6,11.9,10.8,8.0,10.4,13.0,11.9,7.6,12.8,EPS; Economie; SVT,droit des contrats et des sociétés; rédaction d'actes juridiques; créativité; esprit d'équipe; droit foncier et minier,Gestion; Entrepreneuriat; Sport,a participé à un club de débat ou un simulacre de procès au lycée,Juriste d'affaires; Chargé de conformité,Bureau/Numérique,Droit et Techniques des Affaires,DTJA,Droit et Techniques Juridiques des Affaires,False,
P00921,17,M,Boeny,Général,C,,8.79,6.8,12.8,12.8,7.5,8.3,8.8,7.3,7.3,7.6,7.4,9.4,9.5,EPS; Physique_Chimie,aisance relationnelle; transformation agroalimentaire; rigueur; curiosité; autonomie,Animaux; Environnement,a participé à un club de sciences naturelles ou d'écologie; aide régulièrement dans l'exploitation agricole familiale; a occupé un petit job ou une activité rémunérée pendant les vacances,Chef de production; Responsable Qualité et Hygiène; travailler à l'international,Laboratoire/Recherche,Biotechnologie et Agronomie,IAA,Industries Agroalimentaires,False,
P00922,18,M,Itasy,Professionnel et technique,TFFI,Industriel,12.83,12.5,13.0,11.5,14.9,14.5,10.7,14.6,12.9,12.6,11.1,12.5,13.2,Francais; Histoire_Geo; Malgache,aisance relationnelle; droit foncier et minier; sens de l'organisation; rédaction d'actes juridiques,Actualité et politique; Débat et droit; Musique,s'intéresse à l'actualité économique et suit des chaînes d'information; gère les comptes d'une association d'élèves,Juriste d'affaires; Assistant juridique; travailler à l'international,Bureau/Numérique,Droit et Techniques des Affaires,DTJA,Droit et Techniques Juridiques des Affaires,True,EMP
P00923,20,F,Haute Matsiatra,Professionnel et technique,TAG,Agricole,16.11,18.1,14.9,15.8,14.8,17.5,19.8,17.2,14.1,12.2,17.5,16.1,15.3,Anglais; Histoire_Geo; Informatique; Malgache; Mathematiques,esprit d'analyse; autonomie; connaissance du patrimoine environnemental et culturel malgache; sensibilisation au tourisme durable; sens de l'observation,Gastronomie,aime cuisiner et découvrir des plats d'autres cultures,Chargé de valorisation touristique et environnementale,Mixte/Itinérant,Tourisme,TEE,Tourisme et Environnement,False,
P00924,20,M,Alaotra-Mangoro,Professionnel et technique,TMF,Industriel,14.83,13.9,13.5,14.4,12.8,12.5,17.0,13.9,13.3,15.6,18.6,17.8,14.7,Anglais; Arts; Informatique,créativité; production et montage audiovisuel; développement web et mobile multimédia; sens de l'organisation; persévérance; rigueur,Robotique; Programmation; Réseaux sociaux,a créé un compte de jeu vidéo compétitif et anime une petite communauté en ligne; a participé à un club informatique ou de robotique au lycée,Ingénieur en technologies de la communication; Directeur artistique numérique / Motion Designer; avoir un métier stable,Mixte/Itinérant,Informatique et Télécommunications,IMTICIA,"Informatique Multimédia, Technologie de l'Information et de la Communication et Intelligence Artificielle",False,
P00925,20,M,Fitovinany,Professionnel et technique,SS,Tertiaire,12.37,12.3,12.4,10.7,13.7,11.7,11.8,11.9,13.6,18.7,11.5,9.5,10.6,Economie; Francais; Philosophie,management stratégique; pilotage et planification de projets; gestion financière prévisionnelle; sens de l'observation; persévérance; sens de l'organisation,Entrepreneuriat,gère les comptes d'une association d'élèves,Chef de projet,Contact clientèle/Relationnel,Droit et Techniques des Affaires,EMP,Économie et Management de Projet,False,
P00926,19,F,Boeny,Professionnel et technique,EN,Industriel,11.07,9.0,11.3,12.0,8.4,11.9,10.6,13.3,11.9,10.9,9.6,11.4,12.6,EPS; Histoire_Geo; SVT,"automatismes (Grafcet, automates); administration de réseaux (GSM, TCP/IP); esprit d'équipe; esprit d'analyse; persévérance; curiosité",Technologie; Robotique,a effectué un stage d'observation dans un atelier ou une usine,Spécialiste en maintenance de systèmes informatisés,Bureau/Numérique,Informatique et Télécommunications,ESIIA,"Électronique, Systèmes Informatiques et Intelligence Artificielle",True,EMII
P00927,18,M,Analanjirofo,Professionnel et technique,TMEL,Industriel,7.44,5.8,9.0,7.2,8.5,7.1,7.4,5.3,8.0,10.5,5.8,5.4,9.3,EPS; Economie; Physique_Chimie,"sens de l'organisation; automatismes (Grafcet, automates); maintenance industrielle pluridisciplinaire; persévérance; sens de l'observation; électronique de puissance",Industrie; Mécanique; Lecture,a démonté et réparé des appareils électroménagers ou mécaniques par curiosité; a effectué un stage d'observation dans un atelier ou une usine,Ingénieur en maintenance industrielle; Ingénieur en automatisation et robotique industrielle; créer sa propre entreprise,Atelier/Industriel,Génie Industriel,EMII,Électromécanique et Informatique Industrielle,False,
P00928,20,M,Atsinanana,Professionnel et technique,TOM,Industriel,10.6,9.5,13.0,14.2,10.4,8.8,11.3,9.6,10.7,11.3,9.7,9.2,9.5,Anglais; Economie; Mathematiques; SVT,génie des procédés chimiques; sens de l'organisation; raffinage et pétrochimie; autonomie; hygiène sécurité environnement (HSE),Bricolage; Mécanique; Musique,a effectué un stage d'observation dans un atelier ou une usine; a démonté et réparé des appareils électroménagers ou mécaniques par curiosité; a occupé un petit job ou une activité rémunérée pendant les vacances,Ingénieur de laboratoire d'analyses; avoir un métier stable,Atelier/Industriel,Génie Industriel,ICMP,"Industries Chimiques, Minières et Pétrolières",False,
P00929,19,F,Bongolava,Professionnel et technique,TMF,Industriel,11.21,11.3,10.2,10.6,13.5,8.1,12.7,11.6,10.7,11.4,14.3,11.9,8.2,EPS; Francais; Informatique,rigueur; sens de l'organisation; développement web et mobile multimédia; production et montage audiovisuel; design UI/UX,Technologie,a créé un compte de jeu vidéo compétitif et anime une petite communauté en ligne; pratique un sport en club depuis plusieurs années,Directeur artistique numérique / Motion Designer; UX/UI Designer; contribuer au développement de Madagascar,Mixte/Itinérant,Informatique et Télécommunications,IMTICIA,"Informatique Multimédia, Technologie de l'Information et de la Communication et Intelligence Artificielle",False,
P00930,18,M,Anosy,Professionnel et technique,TAG,Agricole,12.2,13.3,12.4,15.8,11.3,12.3,10.1,13.6,10.8,10.4,12.6,12.6,11.2,Histoire_Geo; Mathematiques; SVT,créativité; phytochimie; rigueur; formulation pharmaceutique; curiosité,Agriculture; Réseaux sociaux,a participé à un club de sciences naturelles ou d'écologie; s'occupe d'un petit élevage ou d'un jardin potager,Responsable contrôle qualité; contribuer au développement de Madagascar,Terrain/Extérieur,Biotechnologie et Agronomie,PIP,Pharmacologie et Industries Pharmaceutiques,False,
P00931,19,F,Betsiboka,Professionnel et technique,TAG,Agricole,12.15,14.6,13.6,15.2,10.3,9.4,14.3,11.6,9.9,10.5,11.0,13.2,12.2,Anglais; Mathematiques; Physique_Chimie; SVT,sens de l'organisation; phytochimie; esprit d'équipe; curiosité; formulation pharmaceutique; persévérance; pharmacologie,Agriculture; Environnement; Musique,a participé à un club de sciences naturelles ou d'écologie,Responsable de production pharmaceutique; Chercheur en phyto-médicaments; avoir un poste à responsabilités,Terrain/Extérieur,Biotechnologie et Agronomie,PIP,Pharmacologie et Industries Pharmaceutiques,False,
P00932,19,M,Melaky,Professionnel et technique,TAMB,Industriel,9.82,12.9,9.8,9.9,7.7,8.2,10.2,8.9,9.4,14.4,7.6,7.7,11.2,Anglais; EPS; Economie; Mathematiques; SVT,esprit d'équipe; aisance relationnelle; rigueur; management stratégique; créativité; gestion d'entreprise,Entrepreneuriat,s'intéresse à l'actualité économique et suit des chaînes d'information; a occupé un petit job ou une activité rémunérée pendant les vacances,Consultant en management,Bureau/Numérique,Droit et Techniques des Affaires,EMP,Économie et Management de Projet,True,CAA
P00933,20,M,Alaotra-Mangoro,Général,C,,9.79,9.4,12.3,12.0,9.1,8.2,9.0,8.1,11.6,9.5,6.5,10.0,11.8,EPS; Physique_Chimie; SVT,rigueur; sens de l'observation; stratégie marketing et commerciale; persévérance; gestion d'entreprise,Actualité et politique; Économie; Sport,a participé à un club de débat ou un simulacre de procès au lycée; a organisé une petite activité commerciale ou un projet associatif,Manager de PME/PMI,Contact clientèle/Relationnel,Droit et Techniques des Affaires,CAA,Commerce et Administration des Affaires,False,
P00934,19,F,Atsimo-Andrefana,Général,A2,,15.57,14.6,14.2,14.5,17.9,17.0,17.1,17.9,11.5,13.9,17.3,17.0,13.9,Anglais; Francais; Histoire_Geo; Informatique,esprit d'analyse; esprit d'équipe; curiosité; rigueur; langues étrangères; gestion environnementale de sites touristiques,Gastronomie; Hôtellerie; Lecture,a effectué un stage d'observation dans un hôtel ou une agence de voyage; a organisé un voyage ou un événement pour son groupe d'amis,Gestionnaire de sites protégés; Chef de produit touristique; créer sa propre entreprise,Mixte/Itinérant,Tourisme,TEH,"Tourisme, Environnement et Hôtellerie",False,
P00935,18,M,Atsimo-Andrefana,Général,C,,9.83,13.1,11.3,13.9,6.5,10.7,7.5,8.9,8.5,12.3,7.3,12.4,5.6,Arts; Economie; Physique_Chimie; SVT,biochimie et R&D; normes HACCP et microbiologie; esprit d'équipe; sens de l'observation,Agriculture,aide régulièrement dans l'exploitation agricole familiale; s'occupe d'un petit élevage ou d'un jardin potager; pratique un sport en club depuis plusieurs années,Consultant qualité; Chef de production,Laboratoire/Recherche,Biotechnologie et Agronomie,IAA,Industries Agroalimentaires,False,
P00936,19,M,Boeny,Professionnel et technique,TAMB,Industriel,12.1,13.5,10.9,11.6,10.4,13.9,10.4,11.1,13.3,10.7,12.7,13.4,13.3,Arts; EPS; Malgache; Mathematiques; Philosophie,persévérance; développement full-stack; sens de l'organisation; administration de bases de données; curiosité,Programmation; Bénévolat associatif,a monté et dépanné des ordinateurs pour son entourage; a suivi un tutoriel en ligne de programmation et créé un petit site web personnel; pratique un sport en club depuis plusieurs années,Développeur Full-Stack (Web & Mobile),Bureau/Numérique,Informatique et Télécommunications,IGGLIA,"Informatique de Gestion, Génie Logiciel et Intelligence Artificielle",False,
P00937,20,F,Sava,Professionnel et technique,TPFM,Industriel,13.21,14.3,15.2,13.8,13.0,13.9,13.5,13.6,10.4,12.2,15.0,12.7,10.9,Informatique; Malgache; Mathematiques; Physique_Chimie,systèmes embarqués et IoT; curiosité; aisance relationnelle,Réseaux sociaux et numérique; Technologie; Lecture,a créé un compte de jeu vidéo compétitif et anime une petite communauté en ligne,Spécialiste en robotique et domotique; avoir un poste à responsabilités,Bureau/Numérique,Informatique et Télécommunications,ESIIA,"Électronique, Systèmes Informatiques et Intelligence Artificielle",False,
P00938,17,F,Amoron'i Mania,Général,C,,15.48,19.2,17.7,15.3,14.9,15.4,13.3,14.4,16.2,15.6,13.0,15.6,15.2,Anglais; Arts; Mathematiques; Philosophie; Physique_Chimie,créativité; gestion de chantier; calcul de structures (RDM); sens de l'observation; rigueur; géotechnique,Architecture; Dessin et design,a visité un chantier de construction dans le cadre d'un stage d'observation; aime dessiner des plans de maisons ou des croquis d'aménagement,Ingénieur en Bureau d'Études,Chantier/BTP,Génie Civil et Architecture,GCA,Génie Civil et Architecture,False,
P00939,17,M,Amoron'i Mania,Général,D,,10.89,8.6,11.8,9.6,12.2,9.9,7.5,10.3,11.2,11.6,11.1,15.0,11.9,Arts; EPS; Economie; Francais; Physique_Chimie,créativité; autonomie; sens de l'observation; développement web et mobile multimédia; production et montage audiovisuel; communication digitale et PAO,Robotique; Jeux vidéo; Bénévolat associatif,a monté et dépanné des ordinateurs pour son entourage; a suivi un tutoriel en ligne de programmation et créé un petit site web personnel; a occupé un petit job ou une activité rémunérée pendant les vacances,Directeur artistique numérique / Motion Designer; Ingénieur en technologies de la communication; contribuer au développement de Madagascar,Mixte/Itinérant,Informatique et Télécommunications,IMTICIA,"Informatique Multimédia, Technologie de l'Information et de la Communication et Intelligence Artificielle",False,
P00940,20,M,Bongolava,Professionnel et technique,TMA,Industriel,10.91,12.2,9.8,11.7,10.5,9.9,12.6,9.2,10.5,12.6,11.4,8.6,11.9,Anglais; EPS; Economie; Mathematiques; SVT,analyse financière et gestion budgétaire; sens de l'observation; gestion d'entreprise; autonomie; stratégie marketing et commerciale,Économie,s'intéresse à l'actualité économique et suit des chaînes d'information,Manager de PME/PMI; Gestionnaire administratif et financier; créer sa propre entreprise,Bureau/Numérique,Droit et Techniques des Affaires,CAA,Commerce et Administration des Affaires,False,
P00941,19,M,Ihorombe,Général,C,,11.5,14.0,12.9,17.1,12.5,10.2,9.7,12.6,6.9,10.0,12.5,9.4,10.2,Mathematiques; Physique_Chimie; SVT,esprit d'équipe; créativité; pharmacologie; esprit d'analyse; gestion de laboratoire d'analyses médicales; phytochimie; aisance relationnelle,Nature; Réseaux sociaux,a réalisé un exposé scolaire sur la santé ou la biologie; aide régulièrement dans l'exploitation agricole familiale,Responsable contrôle qualité,Laboratoire/Recherche,Biotechnologie et Agronomie,PIP,Pharmacologie et Industries Pharmaceutiques,False,
P00942,20,F,Bongolava,Professionnel et technique,EN,Industriel,7.34,5.8,7.4,3.6,7.3,4.9,7.9,10.4,6.8,8.2,9.1,8.7,8.0,Arts; EPS; Economie; Histoire_Geo; Informatique,curiosité; raffinage et pétrochimie; persévérance; rigueur; aisance relationnelle,Électronique; Mécanique,a démonté et réparé des appareils électroménagers ou mécaniques par curiosité; a effectué un stage d'observation dans un atelier ou une usine,Ingénieur pétrolier; Ingénieur minier,Atelier/Industriel,Génie Industriel,ICMP,"Industries Chimiques, Minières et Pétrolières",False,
P00943,18,M,Betsiboka,Général,C,,11.78,13.0,12.5,12.3,10.4,11.9,12.2,10.8,13.0,10.5,11.8,11.8,11.2,Mathematiques; Philosophie; Physique_Chimie; SVT,sens de l'organisation; phytochimie; pharmacologie; créativité; persévérance,Santé,a participé à un club de sciences naturelles ou d'écologie; a réalisé un exposé scolaire sur la santé ou la biologie; a occupé un petit job ou une activité rémunérée pendant les vacances,Délégué médical,Terrain/Extérieur,Biotechnologie et Agronomie,PIP,Pharmacologie et Industries Pharmaceutiques,False,
P00944,18,M,Sofia,Professionnel et technique,TMEL,Industriel,13.1,12.8,14.1,12.3,9.5,12.8,14.9,14.1,15.0,14.1,12.0,11.9,13.7,Anglais; Economie; Histoire_Geo; Philosophie; Physique_Chimie,persévérance; créativité; analyse financière et gestion budgétaire; management stratégique; esprit d'équipe; analyse économique et économétrie; curiosité,Économie; Entrepreneuriat,s'intéresse à l'actualité économique et suit des chaînes d'information; gère les comptes d'une association d'élèves,Analyste de marché; créer sa propre entreprise,Bureau/Numérique,Droit et Techniques des Affaires,CAA,Commerce et Administration des Affaires,True,EMP
P00945,20,F,Analamanga,Professionnel et technique,TMA,Industriel,10.83,14.4,13.5,11.8,9.6,13.1,7.8,9.5,9.5,10.2,11.7,8.3,10.6,Informatique; Mathematiques; Philosophie; Physique_Chimie; SVT,autonomie; créativité; esprit d'équipe; systèmes embarqués et IoT; traitement du signal et automatique; curiosité,Technologie; Réseaux sociaux,a monté et dépanné des ordinateurs pour son entourage; a créé un compte de jeu vidéo compétitif et anime une petite communauté en ligne,Architecte Hardware; Ingénieur en télécommunications; avoir un métier stable,Bureau/Numérique,Informatique et Télécommunications,ESIIA,"Électronique, Systèmes Informatiques et Intelligence Artificielle",False,
P00946,20,F,Fitovinany,Professionnel et technique,MEMA,Industriel,13.47,15.2,16.5,11.8,11.5,14.7,14.1,12.3,13.7,9.6,15.8,13.8,12.7,Informatique; Malgache; Mathematiques; Physique_Chimie,sens de l'organisation; aisance relationnelle; esprit d'équipe; maintenance hardware et microcontrôleurs; conception assistée par ordinateur (AutoCAD),Réseaux sociaux et numérique,aide régulièrement à l'entretien de véhicules en famille; a occupé un petit job ou une activité rémunérée pendant les vacances,Ingénieur en télécommunications; avoir un poste à responsabilités,Bureau/Numérique,Informatique et Télécommunications,ESIIA,"Électronique, Systèmes Informatiques et Intelligence Artificielle",True,EMII
P00947,17,F,Itasy,Professionnel et technique,DAMB,Industriel,8.93,9.0,13.3,6.8,6.7,7.8,7.8,10.7,11.2,8.2,9.1,7.9,8.6,Histoire_Geo; Informatique; Philosophie; Physique_Chimie,aisance relationnelle; créativité; curiosité; gestion de production industrielle,Électronique,a effectué un stage d'observation dans un atelier ou une usine; pratique un sport en club depuis plusieurs années,Ingénieur en électrotechnique; avoir un poste à responsabilités,Atelier/Industriel,Génie Industriel,EMII,Électromécanique et Informatique Industrielle,False,
P00948,19,F,Fitovinany,Professionnel et technique,PCBTP,Génie civil / BTP,12.46,14.8,15.3,13.5,11.6,9.9,14.3,10.9,11.0,12.5,10.6,16.0,9.1,Anglais; Mathematiques; Physique_Chimie,calcul de structures (RDM); aisance relationnelle; persévérance; esprit d'équipe,Dessin et design; Architecture,aime dessiner des plans de maisons ou des croquis d'aménagement; a visité un chantier de construction dans le cadre d'un stage d'observation,Entrepreneur en BTP,Chantier/BTP,Génie Civil et Architecture,GCA,Génie Civil et Architecture,False,
P00949,17,M,Boeny,Professionnel et technique,TPFM,Industriel,10.99,10.4,12.4,10.2,11.7,9.8,15.4,12.8,11.1,8.9,9.7,10.2,9.3,Anglais; Histoire_Geo; Physique_Chimie,créativité; sens de l'observation; management hôtelier et restauration; conception de produits touristiques; esprit d'analyse,Cultures du monde; Hôtellerie; Réseaux sociaux,a organisé un voyage ou un événement pour son groupe d'amis; pratique l'anglais ou une autre langue étrangère en autodidacte,Directeur d'établissement hôtelier; Gestionnaire de sites protégés,Contact clientèle/Relationnel,Tourisme,TEH,"Tourisme, Environnement et Hôtellerie",True,TEE
P00950,20,M,Amoron'i Mania,Professionnel et technique,DAMB,Industriel,9.05,9.5,12.1,11.5,9.0,6.0,9.5,7.3,7.0,7.3,9.3,9.4,10.7,Anglais; EPS; Mathematiques; Physique_Chimie; SVT,curiosité; génie des procédés chimiques; persévérance; autonomie; biochimie et R&D,Animaux,a participé à un club de sciences naturelles ou d'écologie; aide régulièrement dans l'exploitation agricole familiale; a occupé un petit job ou une activité rémunérée pendant les vacances,Ingénieur en génie des procédés chimiques,Terrain/Extérieur,Génie Industriel,ICMP,"Industries Chimiques, Minières et Pétrolières",True,IAA
P00951,19,F,Analanjirofo,Professionnel et technique,CCBTP,Génie civil / BTP,9.04,7.3,10.8,9.3,5.4,8.9,9.2,11.9,10.7,8.2,5.9,12.1,8.8,Arts; Histoire_Geo; Physique_Chimie,ingénierie des infrastructures routières et hydrauliques; sens de l'organisation; esprit d'analyse; autonomie,Dessin et design; Musique,aime dessiner des plans de maisons ou des croquis d'aménagement,Conducteur de travaux; Entrepreneur en BTP,Chantier/BTP,Génie Civil et Architecture,GCA,Génie Civil et Architecture,False,
P00952,17,F,Bongolava,Technologique,TGC,Génie civil,16.24,15.3,16.9,14.7,16.4,15.6,16.2,17.7,17.2,18.2,15.8,15.8,15.1,Economie; Histoire_Geo; Philosophie,sens de l'organisation; analyse financière et gestion budgétaire; persévérance; rigueur,Débat et droit; Actualité et politique; Lecture,gère les comptes d'une association d'élèves,Responsable commercial; créer sa propre entreprise,Contact clientèle/Relationnel,Droit et Techniques des Affaires,CAA,Commerce et Administration des Affaires,False,
P00953,17,M,Betsiboka,Professionnel et technique,SS,Tertiaire,15.62,16.5,14.4,14.4,17.7,15.7,18.3,15.0,16.8,15.5,15.7,13.5,13.9,Anglais; Francais; Philosophie,connaissance du patrimoine environnemental et culturel malgache; sensibilisation au tourisme durable; autonomie; esprit d'équipe,Cultures du monde; Voyage; Bénévolat associatif,a organisé un voyage ou un événement pour son groupe d'amis; a occupé un petit job ou une activité rémunérée pendant les vacances,Professionnel du secteur du tourisme; Chargé de valorisation touristique et environnementale,Contact clientèle/Relationnel,Tourisme,TEE,Tourisme et Environnement,False,
P00954,19,M,Anosy,Professionnel et technique,TAMB,Industriel,9.19,11.3,5.2,8.2,10.5,8.9,9.1,9.0,9.9,9.3,12.8,7.4,8.7,Francais; Informatique; Mathematiques,persévérance; sens de l'observation; business intelligence; traitement de données massives (Big Data); machine learning et deep learning; autonomie,Réseaux sociaux et numérique; Sport,a participé à un club informatique ou de robotique au lycée,Data Analyst; Responsable Business Intelligence; avoir un poste à responsabilités,Bureau/Numérique,Informatique et Télécommunications,ISAIA,"Informatique, Statistique Appliquée et Intelligence Artificielle",False,
P00955,17,F,Melaky,Général,OSE,,10.89,9.2,8.8,10.4,13.3,11.0,12.7,12.7,10.0,9.6,10.1,12.5,10.4,Anglais; Arts; Histoire_Geo; Malgache,sens de l'observation; curiosité; aisance relationnelle; conception de produits touristiques; autonomie; gestion environnementale de sites touristiques; accueil et relation client,Cultures du monde; Sport,aime cuisiner et découvrir des plats d'autres cultures; participe à des activités associatives ou de bénévolat,Manager d'agence de voyage; Responsable écotourisme; créer sa propre entreprise,Contact clientèle/Relationnel,Tourisme,TEH,"Tourisme, Environnement et Hôtellerie",False,
P00956,19,M,Boeny,Professionnel et technique,TPFM,Industriel,13.65,13.8,12.0,14.5,12.3,12.5,13.2,14.8,13.6,14.9,14.0,14.0,14.2,EPS; Economie; Histoire_Geo; Informatique; SVT,rigueur; business intelligence; machine learning et deep learning; esprit d'équipe; esprit d'analyse,Réseaux sociaux et numérique; Programmation,a créé un compte de jeu vidéo compétitif et anime une petite communauté en ligne; participe à des activités associatives ou de bénévolat,Responsable Business Intelligence,Mixte/Itinérant,Informatique et Télécommunications,ISAIA,"Informatique, Statistique Appliquée et Intelligence Artificielle",False,
P00957,20,F,Atsimo-Andrefana,Général,L,,10.51,9.4,6.9,8.9,12.2,11.2,13.3,13.9,10.9,10.4,6.8,11.3,10.9,Anglais; Arts; Francais; Histoire_Geo,persévérance; curiosité; gestion environnementale de sites touristiques; sens de l'organisation; langues étrangères,Hôtellerie; Gastronomie; Sport,pratique l'anglais ou une autre langue étrangère en autodidacte; a effectué un stage d'observation dans un hôtel ou une agence de voyage; a occupé un petit job ou une activité rémunérée pendant les vacances,Manager d'agence de voyage,Mixte/Itinérant,Tourisme,TEH,"Tourisme, Environnement et Hôtellerie",False,
P00958,20,F,Anosy,Technologique,TGI,Industriel,12.28,13.2,10.5,11.1,14.3,11.6,13.0,10.6,10.1,14.2,14.0,11.8,13.0,Economie; Francais,sens de l'observation; esprit d'analyse; rigueur; gestion de trésorerie; curiosité; audit financier,Économie; Débat et droit; Musique,gère les comptes d'une association d'élèves; a organisé une petite activité commerciale ou un projet associatif; participe à des activités associatives ou de bénévolat,Trésorier d'entreprise,Bureau/Numérique,Droit et Techniques des Affaires,FIC,Finances et Comptabilité,False,
P00959,19,F,Vatovavy,Général,S,,10.13,9.1,9.5,12.0,11.5,8.3,10.8,12.9,9.8,9.6,8.9,9.4,9.8,Anglais; Francais; Histoire_Geo; Philosophie; SVT,esprit d'analyse; administration de bases de données; aisance relationnelle; développement full-stack,Réseaux sociaux et numérique; Sport,a suivi un tutoriel en ligne de programmation et créé un petit site web personnel; a participé à un club informatique ou de robotique au lycée,Architecte logiciel,Bureau/Numérique,Informatique et Télécommunications,IGGLIA,"Informatique de Gestion, Génie Logiciel et Intelligence Artificielle",True,IMTICIA
P00960,20,M,Haute Matsiatra,Professionnel et technique,TMF,Industriel,10.93,12.5,9.8,8.2,9.2,9.6,12.4,10.5,12.6,12.3,12.4,10.3,11.3,Anglais; Mathematiques; Philosophie,analyse statistique et probabilités appliquées; rigueur; curiosité; persévérance; autonomie,Technologie,a créé un compte de jeu vidéo compétitif et anime une petite communauté en ligne; a participé à un club informatique ou de robotique au lycée,Analyste Big Data; Ingénieur Machine Learning; avoir un poste à responsabilités,Bureau/Numérique,Informatique et Télécommunications,ISAIA,"Informatique, Statistique Appliquée et Intelligence Artificielle",False,
P00961,18,F,Androy,Général,D,,8.59,7.8,8.1,9.1,11.3,10.2,8.8,7.8,9.0,9.5,7.0,7.1,7.4,Economie; Francais; Malgache,sens de l'observation; zootechnie et pisciculture; esprit d'analyse,Animaux,a participé à un club de sciences naturelles ou d'écologie,Ingénieur Agronome,Laboratoire/Recherche,Biotechnologie et Agronomie,AEE,Agriculture et Élevage,False,
P00962,18,M,Analamanga,Professionnel et technique,SS,Tertiaire,13.71,9.5,13.3,15.1,14.1,14.0,13.6,13.0,15.9,15.6,12.8,14.3,13.3,Economie; Philosophie; SVT,autonomie; aisance relationnelle; gestion financière prévisionnelle; créativité; rédaction d'actes juridiques; gestion des litiges commerciaux; rigueur,Économie; Gestion,s'intéresse à l'actualité économique et suit des chaînes d'information; gère les comptes d'une association d'élèves; a occupé un petit job ou une activité rémunérée pendant les vacances,Expert en contentieux d'affaires; contribuer au développement de Madagascar,Contact clientèle/Relationnel,Droit et Techniques des Affaires,DTJA,Droit et Techniques Juridiques des Affaires,True,EMP
P00963,18,M,Androy,Professionnel et technique,TPFM,Industriel,10.88,10.0,10.8,9.6,9.9,10.9,12.0,10.6,10.2,8.6,11.9,15.2,10.9,Anglais; Arts; Informatique; Malgache,curiosité; autonomie; créativité; maintenance hardware et microcontrôleurs; sens de l'observation,Technologie; Jeux vidéo; Musique,a créé un compte de jeu vidéo compétitif et anime une petite communauté en ligne; pratique un sport en club depuis plusieurs années,Expert en systèmes embarqués et IoT,Bureau/Numérique,Informatique et Télécommunications,ESIIA,"Électronique, Systèmes Informatiques et Intelligence Artificielle",False,
P00964,17,M,Melaky,Professionnel et technique,TFFI,Industriel,12.0,12.2,15.3,11.3,12.8,11.3,11.8,10.6,13.7,8.6,12.8,11.2,12.4,Francais; Philosophie; Physique_Chimie,conception assistée par ordinateur (AutoCAD); curiosité; autonomie; esprit d'analyse,Mécanique,a participé à un club de robotique ou de modélisme; a effectué un stage d'observation dans un atelier ou une usine; participe à des activités associatives ou de bénévolat,Ingénieur en maintenance industrielle; Ingénieur en bureau d'études mécanique; travailler à l'international,Terrain/Extérieur,Génie Industriel,EMII,Électromécanique et Informatique Industrielle,False,
P00965,17,F,Diana,Professionnel et technique,DAMB,Industriel,9.29,8.4,8.3,7.3,11.3,8.6,11.9,11.1,10.2,9.8,7.8,8.0,8.8,Anglais; Francais; Histoire_Geo; Philosophie; Physique_Chimie,sensibilisation au tourisme durable; aisance relationnelle; connaissance du patrimoine environnemental et culturel malgache; esprit d'analyse; autonomie,Langues étrangères; Bénévolat associatif,pratique l'anglais ou une autre langue étrangère en autodidacte,Professionnel du secteur du tourisme; Chargé de valorisation touristique et environnementale; avoir un poste à responsabilités,Mixte/Itinérant,Tourisme,TEE,Tourisme et Environnement,False,
P00966,19,M,Diana,Technologique,TGC,Génie civil,13.22,8.5,12.3,15.4,15.5,14.1,16.2,12.7,14.7,14.4,10.5,10.6,13.8,Anglais; Francais; Philosophie; SVT,aisance relationnelle; droit foncier et minier; droit des contrats et des sociétés; créativité; autonomie; rédaction d'actes juridiques,Économie; Réseaux sociaux,s'intéresse à l'actualité économique et suit des chaînes d'information,Assistant juridique; Expert en contentieux d'affaires; travailler à l'international,Contact clientèle/Relationnel,Droit et Techniques des Affaires,DTJA,Droit et Techniques Juridiques des Affaires,False,
P00967,17,F,Atsimo-Andrefana,Professionnel et technique,TAMB,Industriel,11.67,8.6,11.1,12.5,15.0,12.1,15.3,12.8,11.2,11.6,10.0,9.9,9.9,Anglais; Francais; Physique_Chimie; SVT,persévérance; sensibilisation au tourisme durable; connaissance du patrimoine environnemental et culturel malgache; esprit d'analyse,Cultures du monde; Voyage; Sport,aime cuisiner et découvrir des plats d'autres cultures; a organisé un voyage ou un événement pour son groupe d'amis,Chargé de valorisation touristique et environnementale; avoir un métier stable,Mixte/Itinérant,Tourisme,TEE,Tourisme et Environnement,False,
P00968,17,F,Menabe,Professionnel et technique,TFFI,Industriel,8.29,8.7,12.8,7.6,7.7,6.8,8.1,7.1,8.1,7.9,8.0,10.1,6.6,Arts; Mathematiques; Physique_Chimie,raffinage et pétrochimie; esprit d'analyse; hygiène sécurité environnement (HSE); rigueur,Industrie; Automobile et aéronautique; Bénévolat associatif,aide régulièrement à l'entretien de véhicules en famille; a démonté et réparé des appareils électroménagers ou mécaniques par curiosité; pratique un sport en club depuis plusieurs années,Ingénieur en génie des procédés chimiques; Ingénieur minier,Atelier/Industriel,Génie Industriel,ICMP,"Industries Chimiques, Minières et Pétrolières",False,
P00969,17,M,Atsimo-Atsinanana,Professionnel et technique,SS,Tertiaire,13.23,16.9,13.5,11.1,14.5,13.0,15.5,11.8,12.9,14.4,12.2,12.2,10.8,Anglais; Economie; Francais; Mathematiques; Physique_Chimie,esprit d'analyse; négociation et vente internationale; autonomie; rigueur; aisance relationnelle,Gestion,gère les comptes d'une association d'élèves; pratique un sport en club depuis plusieurs années,Responsable commercial; contribuer au développement de Madagascar,Contact clientèle/Relationnel,Droit et Techniques des Affaires,CAA,Commerce et Administration des Affaires,False,
P00970,17,M,Alaotra-Mangoro,Professionnel et technique,MEMA,Industriel,13.26,13.5,16.2,12.8,14.7,11.5,14.7,13.5,11.1,12.0,13.1,14.1,11.9,Anglais; Arts; Francais; Physique_Chimie,persévérance; sens de l'observation; production et montage audiovisuel; gestion de projets informatiques; développement full-stack; aisance relationnelle,Jeux vidéo; Programmation,a participé à un club informatique ou de robotique au lycée; a monté et dépanné des ordinateurs pour son entourage,Développeur multimédia,Mixte/Itinérant,Informatique et Télécommunications,IMTICIA,"Informatique Multimédia, Technologie de l'Information et de la Communication et Intelligence Artificielle",True,IGGLIA
P00971,17,F,Boeny,Professionnel et technique,TOM,Industriel,10.55,12.5,15.8,8.9,9.1,9.6,9.2,10.4,9.1,10.1,10.9,11.0,10.0,Arts; Informatique; Mathematiques; Physique_Chimie,créativité; sens de l'observation; maintenance industrielle pluridisciplinaire; gestion de production industrielle,Automobile et aéronautique; Bricolage; Réseaux sociaux,aide régulièrement à l'entretien de véhicules en famille; a effectué un stage d'observation dans un atelier ou une usine,Ingénieur en maintenance industrielle; Responsable de production en usine,Terrain/Extérieur,Génie Industriel,EMII,Électromécanique et Informatique Industrielle,False,
P00972,17,F,Bongolava,Professionnel et technique,DAMB,Industriel,11.43,12.9,14.2,9.2,10.7,10.2,12.4,8.4,10.6,13.8,15.8,9.0,10.0,Anglais; Economie; Informatique; Mathematiques; Physique_Chimie,curiosité; sens de l'organisation; esprit d'analyse; rigueur; production et montage audiovisuel,Programmation; Jeux vidéo; Musique,a créé un compte de jeu vidéo compétitif et anime une petite communauté en ligne; a monté et dépanné des ordinateurs pour son entourage; pratique un sport en club depuis plusieurs années,Développeur Full-Stack (Web & Mobile); Ingénieur en génie logiciel; travailler à l'international,Bureau/Numérique,Informatique et Télécommunications,IGGLIA,"Informatique de Gestion, Génie Logiciel et Intelligence Artificielle",True,IMTICIA
P00973,18,F,Amoron'i Mania,Professionnel et technique,CCBTP,Génie civil / BTP,16.7,16.9,17.1,16.7,15.0,17.6,15.2,15.6,16.7,20,18.3,16.7,14.6,Economie; Informatique; Malgache,aisance relationnelle; audit financier; comptabilité générale et analytique; fiscalité d'entreprise; rigueur; curiosité,Gestion,a participé à un club de débat ou un simulacre de procès au lycée; participe à des activités associatives ou de bénévolat,Trésorier d'entreprise,Bureau/Numérique,Droit et Techniques des Affaires,FIC,Finances et Comptabilité,False,
P00974,18,F,Melaky,Général,D,,9.02,8.7,13.6,8.8,6.6,8.3,6.6,8.5,9.3,8.4,8.8,11.6,9.0,Arts; EPS; Philosophie; Physique_Chimie; SVT,rigueur; créativité; conception architecturale (AutoCAD/ArchiCAD); esprit d'analyse; gestion de chantier; persévérance,Urbanisme; Architecture; Bénévolat associatif,a visité un chantier de construction dans le cadre d'un stage d'observation,Entrepreneur en BTP; Ingénieur en Bureau d'Études; créer sa propre entreprise,Bureau d'études,Génie Civil et Architecture,GCA,Génie Civil et Architecture,False,
P00975,18,F,Melaky,Général,C,,12.97,11.3,15.3,17.1,12.2,13.6,11.5,12.1,11.6,12.8,13.4,12.5,12.3,Economie; Malgache; Physique_Chimie; SVT,transformation agroalimentaire; pharmacologie; esprit d'équipe; sens de l'organisation,Agriculture; Animaux,a participé à un club de sciences naturelles ou d'écologie; s'occupe d'un petit élevage ou d'un jardin potager; pratique un sport en club depuis plusieurs années,Consultant qualité; contribuer au développement de Madagascar,Terrain/Extérieur,Biotechnologie et Agronomie,IAA,Industries Agroalimentaires,True,PIP
P00976,20,F,Atsinanana,Professionnel et technique,TMF,Industriel,12.51,12.9,13.7,10.4,10.8,13.5,10.9,16.5,10.2,12.5,12.8,14.5,11.4,Arts; Histoire_Geo; Malgache; Physique_Chimie,"esprit d'analyse; curiosité; programmation multi-langages (Java, C#, PHP, JavaScript); créativité",Jeux vidéo; Robotique,a suivi un tutoriel en ligne de programmation et créé un petit site web personnel; a monté et dépanné des ordinateurs pour son entourage; participe à des activités associatives ou de bénévolat,Architecte logiciel,Mixte/Itinérant,Informatique et Télécommunications,IGGLIA,"Informatique de Gestion, Génie Logiciel et Intelligence Artificielle",False,
P00977,18,M,Androy,Professionnel et technique,TMEL,Industriel,10.71,9.1,10.4,9.9,9.6,9.2,11.6,12.3,11.0,9.8,13.2,12.4,10.0,Anglais; Arts; Histoire_Geo; Informatique,raffinage et pétrochimie; analyses de laboratoire; esprit d'analyse; créativité; esprit d'équipe,Bricolage; Automobile et aéronautique,aide régulièrement à l'entretien de véhicules en famille; a démonté et réparé des appareils électroménagers ou mécaniques par curiosité,Ingénieur de laboratoire d'analyses,Terrain/Extérieur,Génie Industriel,ICMP,"Industries Chimiques, Minières et Pétrolières",False,
P00978,18,M,Bongolava,Professionnel et technique,TMA,Industriel,11.62,11.3,14.3,8.8,12.2,10.5,13.3,10.1,10.5,11.7,15.2,9.1,12.4,Anglais; EPS; Informatique; Physique_Chimie,systèmes embarqués et IoT; conception assistée par ordinateur (AutoCAD); persévérance; électronique de puissance; esprit d'équipe; sens de l'organisation,Technologie; Programmation; Sport,a créé un compte de jeu vidéo compétitif et anime une petite communauté en ligne; a occupé un petit job ou une activité rémunérée pendant les vacances,Ingénieur en électrotechnique,Atelier/Industriel,Génie Industriel,EMII,Électromécanique et Informatique Industrielle,True,ESIIA
P00979,17,F,Ihorombe,Professionnel et technique,MEMA,Industriel,14.32,18.6,12.4,14.4,15.5,16.7,13.4,12.2,11.2,16.4,13.9,11.9,15.2,EPS; Economie; Francais; Malgache; Mathematiques,persévérance; rigueur; communication digitale et PAO; créativité,Technologie; Jeux vidéo; Réseaux sociaux,a créé un compte de jeu vidéo compétitif et anime une petite communauté en ligne; pratique un sport en club depuis plusieurs années,Chef de projet informatique,Bureau/Numérique,Informatique et Télécommunications,IGGLIA,"Informatique de Gestion, Génie Logiciel et Intelligence Artificielle",True,IMTICIA
P00980,18,M,Amoron'i Mania,Général,S,,10.22,12.5,11.8,13.5,8.0,9.0,9.0,10.4,10.1,9.4,10.6,8.3,10.0,Mathematiques; Physique_Chimie; SVT,phytochimie; esprit d'équipe; pharmacologie; persévérance; aisance relationnelle,Nature,a participé à un club de sciences naturelles ou d'écologie; aide régulièrement dans l'exploitation agricole familiale; participe à des activités associatives ou de bénévolat,Délégué médical; Chercheur en phyto-médicaments,Terrain/Extérieur,Biotechnologie et Agronomie,PIP,Pharmacologie et Industries Pharmaceutiques,False,
P00981,18,M,Betsiboka,Professionnel et technique,TEV,Agricole,11.48,11.2,12.9,11.6,10.8,11.8,13.3,9.4,12.7,9.6,11.5,11.9,11.1,Anglais; Arts; Malgache; Philosophie; Physique_Chimie,gestion de trésorerie; comptabilité générale et analytique; fiscalité d'entreprise; sens de l'observation; autonomie; créativité; persévérance,Actualité et politique; Gestion; Sport,a participé à un club de débat ou un simulacre de procès au lycée; s'intéresse à l'actualité économique et suit des chaînes d'information,Contrôleur de gestion; créer sa propre entreprise,Bureau/Numérique,Droit et Techniques des Affaires,FIC,Finances et Comptabilité,False,
P00982,17,M,Analanjirofo,Professionnel et technique,TFFI,Industriel,12.08,10.9,14.0,13.7,14.2,13.4,12.1,12.9,12.0,11.4,9.5,9.3,11.6,Francais; Malgache; Physique_Chimie; SVT,droit foncier et minier; sens de l'organisation; sens de l'observation,Économie; Entrepreneuriat,a organisé une petite activité commerciale ou un projet associatif; gère les comptes d'une association d'élèves,Chargé de conformité; Juriste d'affaires,Bureau/Numérique,Droit et Techniques des Affaires,DTJA,Droit et Techniques Juridiques des Affaires,False,
P00983,20,F,Boeny,Général,A2,,15.65,15.7,14.1,15.4,18.5,13.5,17.2,14.9,16.7,18.3,13.6,15.8,14.1,Anglais; Economie; Francais; Philosophie,créativité; gestion d'entreprise; stratégie marketing et commerciale; négociation et vente internationale; curiosité,Économie; Actualité et politique; Sport,a organisé une petite activité commerciale ou un projet associatif; s'intéresse à l'actualité économique et suit des chaînes d'information; participe à des activités associatives ou de bénévolat,Responsable export; Manager de PME/PMI,Bureau/Numérique,Droit et Techniques des Affaires,CAA,Commerce et Administration des Affaires,False,
P00984,17,F,Menabe,Professionnel et technique,CCBTP,Génie civil / BTP,11.11,12.2,10.1,11.3,11.8,10.0,11.8,11.5,9.2,11.8,11.7,11.8,10.1,Anglais; Arts; Economie; Francais; Mathematiques,analyse économique et économétrie; esprit d'équipe; gestion financière prévisionnelle; pilotage et planification de projets; curiosité; sens de l'organisation; esprit d'analyse,Débat et droit; Gestion; Réseaux sociaux,s'intéresse à l'actualité économique et suit des chaînes d'information; gère les comptes d'une association d'élèves,Planificateur stratégique; Responsable suivi-évaluation de projets; avoir un métier stable,Contact clientèle/Relationnel,Droit et Techniques des Affaires,EMP,Économie et Management de Projet,False,
P00985,17,F,Sofia,Professionnel et technique,TPFM,Industriel,14.87,17.2,17.1,13.2,13.6,12.2,14.5,15.8,13.0,15.1,16.8,15.5,14.4,Histoire_Geo; Informatique; Mathematiques; Physique_Chimie,"esprit d'équipe; aisance relationnelle; robotique et domotique; traitement du signal et automatique; administration de réseaux (GSM, TCP/IP)",Programmation; Technologie; Réseaux sociaux,a suivi un tutoriel en ligne de programmation et créé un petit site web personnel; participe à des activités associatives ou de bénévolat,Spécialiste en robotique et domotique,Mixte/Itinérant,Informatique et Télécommunications,ESIIA,"Électronique, Systèmes Informatiques et Intelligence Artificielle",False,
P00986,20,M,Vatovavy,Professionnel et technique,TAMB,Industriel,9.72,7.2,10.0,8.9,11.3,10.0,13.3,7.2,7.2,12.5,8.7,7.5,12.8,Anglais; EPS; Economie; Francais,gestion d'entreprise; sens de l'organisation; curiosité; autonomie,Gestion; Débat et droit; Musique,s'intéresse à l'actualité économique et suit des chaînes d'information; a occupé un petit job ou une activité rémunérée pendant les vacances,Gestionnaire administratif et financier; créer sa propre entreprise,Bureau/Numérique,Droit et Techniques des Affaires,CAA,Commerce et Administration des Affaires,False,
P00987,19,M,Betsiboka,Professionnel et technique,SS,Tertiaire,13.16,12.9,11.8,14.5,11.3,13.3,13.4,11.8,10.0,17.3,12.7,13.8,15.1,EPS; Economie; Philosophie,rigueur; analyse économique et économétrie; autonomie; pilotage et planification de projets; curiosité; esprit d'analyse,Économie,a organisé une petite activité commerciale ou un projet associatif; participe à des activités associatives ou de bénévolat,Chef de projet; Consultant en management,Contact clientèle/Relationnel,Droit et Techniques des Affaires,EMP,Économie et Management de Projet,False,
P00988,19,M,Fitovinany,Général,A2,,12.28,12.3,12.8,15.2,11.6,13.4,12.4,11.5,11.6,13.7,9.7,11.6,11.6,Economie; Malgache; SVT,sécurité alimentaire; esprit d'équipe; créativité; biochimie et R&D; sens de l'organisation; transformation agroalimentaire,Nature; Lecture,a réalisé un exposé scolaire sur la santé ou la biologie; aide régulièrement dans l'exploitation agricole familiale; participe à des activités associatives ou de bénévolat,Chef de production,Terrain/Extérieur,Biotechnologie et Agronomie,IAA,Industries Agroalimentaires,False,
P00989,19,M,Betsiboka,Professionnel et technique,TPFM,Industriel,11.38,11.2,11.3,12.7,12.9,11.7,12.1,9.7,10.9,11.8,8.5,12.4,11.4,Anglais; Arts; Francais; SVT,stratégie marketing et commerciale; sens de l'organisation; sens de l'observation,Entrepreneuriat; Débat et droit; Sport,a participé à un club de débat ou un simulacre de procès au lycée,Responsable commercial,Contact clientèle/Relationnel,Droit et Techniques des Affaires,CAA,Commerce et Administration des Affaires,True,EMP
P00990,18,M,Fitovinany,Général,C,,13.73,14.2,15.2,11.6,13.4,12.7,18.5,13.3,13.6,15.0,12.2,10.7,14.4,Anglais; EPS; Economie; Physique_Chimie,esprit d'équipe; sens de l'observation; aisance relationnelle; conception de produits touristiques; rigueur,Langues étrangères,a effectué un stage d'observation dans un hôtel ou une agence de voyage; participe à des activités associatives ou de bénévolat,Responsable écotourisme; Organisateur d'événements (MICE),Contact clientèle/Relationnel,Tourisme,TEH,"Tourisme, Environnement et Hôtellerie",False,
P00991,19,M,Androy,Technologique,TGI,Industriel,10.05,8.9,13.0,12.1,9.6,7.5,8.0,10.6,10.6,10.9,10.8,10.0,8.6,Histoire_Geo; Informatique; Malgache; Physique_Chimie; SVT,créativité; robotique et domotique; systèmes embarqués et IoT; maintenance hardware et microcontrôleurs; autonomie,Jeux vidéo; Technologie,a participé à un club informatique ou de robotique au lycée; a monté et dépanné des ordinateurs pour son entourage; pratique un sport en club depuis plusieurs années,Expert en systèmes embarqués et IoT,Mixte/Itinérant,Informatique et Télécommunications,ESIIA,"Électronique, Systèmes Informatiques et Intelligence Artificielle",False,
P00992,19,M,Menabe,Professionnel et technique,TPFM,Industriel,11.97,13.1,13.5,10.0,9.7,10.1,13.1,15.3,9.0,12.4,11.2,13.5,12.7,Anglais; Arts; Histoire_Geo; Informatique; Mathematiques,autonomie; sens de l'observation; notions d'intelligence artificielle; créativité; rigueur,Réseaux sociaux et numérique; Programmation; Musique,a monté et dépanné des ordinateurs pour son entourage; a occupé un petit job ou une activité rémunérée pendant les vacances,Spécialiste en communication digitale / Community Manager,Bureau/Numérique,Informatique et Télécommunications,IMTICIA,"Informatique Multimédia, Technologie de l'Information et de la Communication et Intelligence Artificielle",True,IGGLIA
P00993,20,M,Alaotra-Mangoro,Professionnel et technique,EN,Industriel,8.21,10.1,7.8,6.6,8.3,6.3,5.9,9.6,8.0,7.8,10.9,8.5,8.7,Histoire_Geo; Informatique; Mathematiques,"programmation multi-langages (Java, C#, PHP, JavaScript); sens de l'observation; aisance relationnelle; conception logicielle (UML, Merise); sens de l'organisation; esprit d'équipe",Technologie; Musique,a monté et dépanné des ordinateurs pour son entourage; a occupé un petit job ou une activité rémunérée pendant les vacances,Administrateur de bases de données,Bureau/Numérique,Informatique et Télécommunications,IGGLIA,"Informatique de Gestion, Génie Logiciel et Intelligence Artificielle",False,
P00994,20,F,Menabe,Général,C,,11.19,12.6,12.1,15.6,10.6,11.1,11.4,9.8,9.8,11.6,9.9,10.2,9.6,Anglais; Economie; Mathematiques; Physique_Chimie; SVT,gestion de laboratoire d'analyses médicales; pharmacologie; formulation pharmaceutique; créativité; rigueur,Environnement; Santé,a participé à un club de sciences naturelles ou d'écologie; a réalisé un exposé scolaire sur la santé ou la biologie,Délégué médical; Responsable contrôle qualité; avoir un métier stable,Laboratoire/Recherche,Biotechnologie et Agronomie,PIP,Pharmacologie et Industries Pharmaceutiques,False,
P00995,18,F,Analamanga,Professionnel et technique,TEV,Agricole,10.46,11.1,13.1,15.3,10.7,9.7,12.6,8.6,9.6,8.6,9.2,9.1,7.9,Anglais; Mathematiques; Physique_Chimie,curiosité; transformation agroalimentaire; autonomie; persévérance; sens de l'observation; biochimie et R&D,Environnement,a participé à un club de sciences naturelles ou d'écologie; pratique un sport en club depuis plusieurs années,Responsable Qualité et Hygiène,Terrain/Extérieur,Biotechnologie et Agronomie,IAA,Industries Agroalimentaires,False,
P00996,17,F,Amoron'i Mania,Professionnel et technique,TMEL,Industriel,14.04,14.9,16.4,16.8,13.8,9.9,15.0,13.6,16.6,10.3,12.8,14.0,14.4,Anglais; Economie; Philosophie; Physique_Chimie,créativité; autonomie; hygiène sécurité environnement (HSE); rigueur; analyses de laboratoire; sens de l'organisation; raffinage et pétrochimie,Électronique; Automobile et aéronautique; Lecture,a démonté et réparé des appareils électroménagers ou mécaniques par curiosité; aide régulièrement à l'entretien de véhicules en famille,Responsable HSE,Terrain/Extérieur,Génie Industriel,ICMP,"Industries Chimiques, Minières et Pétrolières",False,
P00997,20,M,Anosy,Professionnel et technique,TOM,Industriel,11.03,14.8,14.6,10.7,13.8,10.6,11.2,8.7,9.3,10.0,11.9,7.5,9.2,Francais; Mathematiques; Physique_Chimie,"automatismes (Grafcet, automates); créativité; sens de l'observation; maintenance industrielle pluridisciplinaire; gestion de production industrielle",Industrie,a démonté et réparé des appareils électroménagers ou mécaniques par curiosité; participe à des activités associatives ou de bénévolat,Responsable de production en usine; Ingénieur en bureau d'études mécanique,Atelier/Industriel,Génie Industriel,EMII,Électromécanique et Informatique Industrielle,False,
P00998,18,F,Itasy,Professionnel et technique,DAMB,Industriel,11.92,13.4,13.3,12.0,10.7,11.4,11.5,8.3,11.5,16.0,9.1,13.8,12.0,Arts; Economie; Mathematiques,audit financier; sens de l'organisation; rigueur,Gestion,a organisé une petite activité commerciale ou un projet associatif; s'intéresse à l'actualité économique et suit des chaînes d'information; participe à des activités associatives ou de bénévolat,Auditeur financier; créer sa propre entreprise,Bureau/Numérique,Droit et Techniques des Affaires,FIC,Finances et Comptabilité,False,
P00999,19,F,Analamanga,Technologique,TGI,Industriel,10.66,11.6,12.9,11.7,10.5,10.2,10.8,10.4,12.4,7.0,11.1,6.8,12.5,EPS; Philosophie; Physique_Chimie,rigueur; hygiène sécurité environnement (HSE); autonomie,Automobile et aéronautique; Industrie; Bénévolat associatif,aide régulièrement à l'entretien de véhicules en famille; a effectué un stage d'observation dans un atelier ou une usine,Ingénieur en génie des procédés chimiques,Atelier/Industriel,Génie Industriel,ICMP,"Industries Chimiques, Minières et Pétrolières",False,
P01000,18,M,Analamanga,Professionnel et technique,TAMB,Industriel,11.18,12.2,15.1,10.7,10.5,11.8,12.3,8.2,12.3,8.7,11.8,10.4,10.1,Anglais; Mathematiques; Philosophie; Physique_Chimie,"automatismes (Grafcet, automates); esprit d'équipe; créativité; esprit d'analyse; aisance relationnelle; maintenance industrielle pluridisciplinaire",Mécanique; Industrie,a effectué un stage d'observation dans un atelier ou une usine,Concepteur de systèmes IoT industriels,Atelier/Industriel,Génie Industriel,EMII,Électromécanique et Informatique Industrielle,False,
P01001,19,F,Diana,Technologique,TGC,Génie civil,12.47,16.1,10.2,12.1,10.9,13.7,12.6,13.3,10.6,14.3,13.3,11.8,10.8,Economie; Malgache; Mathematiques,analyse économique et économétrie; management stratégique; pilotage et planification de projets; autonomie; sens de l'organisation; esprit d'équipe; aisance relationnelle,Gestion; Lecture,a participé à un club de débat ou un simulacre de procès au lycée; pratique un sport en club depuis plusieurs années,Planificateur stratégique; Analyste économique,Contact clientèle/Relationnel,Droit et Techniques des Affaires,EMP,Économie et Management de Projet,False,
P01002,20,M,Atsimo-Atsinanana,Professionnel et technique,CCBTP,Génie civil / BTP,8.64,9.3,10.6,6.1,6.0,9.0,7.3,9.9,10.4,7.7,10.2,9.1,8.1,Informatique; Philosophie; Physique_Chimie,persévérance; ingénierie des infrastructures routières et hydrauliques; créativité; gestion de chantier,Urbanisme; Construction,a visité un chantier de construction dans le cadre d'un stage d'observation,Urbaniste,Bureau d'études,Génie Civil et Architecture,GCA,Génie Civil et Architecture,True,
P01003,19,F,Atsinanana,Technologique,TGC,Génie civil,11.26,12.2,11.4,11.7,10.5,11.0,11.6,10.7,12.2,15.6,12.2,9.8,6.2,Economie; Mathematiques; Philosophie,comptabilité générale et analytique; gestion financière prévisionnelle; sens de l'organisation; esprit d'analyse; aisance relationnelle; management stratégique,Débat et droit; Sport,gère les comptes d'une association d'élèves; a organisé une petite activité commerciale ou un projet associatif; pratique un sport en club depuis plusieurs années,Analyste économique; Consultant en management; contribuer au développement de Madagascar,Bureau/Numérique,Droit et Techniques des Affaires,EMP,Économie et Management de Projet,True,FIC
P01004,17,F,Ihorombe,Technologique,TGC,Génie civil,12.44,15.4,13.1,10.6,13.6,11.8,9.1,11.2,12.9,11.0,12.4,14.2,14.0,EPS; Francais; Mathematiques,sens de l'observation; management stratégique; gestion financière prévisionnelle; esprit d'analyse,Débat et droit,gère les comptes d'une association d'élèves,Chef de projet; Responsable suivi-évaluation de projets,Contact clientèle/Relationnel,Droit et Techniques des Affaires,EMP,Économie et Management de Projet,False,
P01005,19,M,Betsiboka,Professionnel et technique,TMF,Industriel,9.27,8.3,11.6,11.3,9.2,12.4,11.2,8.4,8.2,7.2,7.9,7.8,7.7,Anglais; Francais; Malgache; Physique_Chimie; SVT,"autonomie; gestion de production industrielle; automatismes (Grafcet, automates); maintenance industrielle pluridisciplinaire; esprit d'analyse; esprit d'équipe",Industrie; Mécanique,a créé un compte de jeu vidéo compétitif et anime une petite communauté en ligne; participe à des activités associatives ou de bénévolat,Ingénieur en maintenance industrielle; Concepteur de systèmes IoT industriels; créer sa propre entreprise,Bureau/Numérique,Génie Industriel,EMII,Électromécanique et Informatique Industrielle,True,ESIIA
P01006,20,F,Melaky,Général,S,,12.06,12.3,14.1,14.3,10.4,10.2,11.0,12.5,13.0,10.3,11.6,12.5,12.5,Philosophie; Physique_Chimie; SVT,aisance relationnelle; curiosité; analyses de laboratoire; esprit d'analyse,Mécanique; Sport,a participé à un club de sciences naturelles ou d'écologie; pratique un sport en club depuis plusieurs années,Responsable de production pharmaceutique; créer sa propre entreprise,Laboratoire/Recherche,Biotechnologie et Agronomie,PIP,Pharmacologie et Industries Pharmaceutiques,True,ICMP
P01007,18,M,Diana,Général,D,,11.01,10.4,9.9,11.5,12.2,13.0,10.5,12.3,14.3,13.2,7.2,9.5,8.1,Economie; Francais; Histoire_Geo; Malgache; Philosophie,aisance relationnelle; persévérance; autonomie; agroécologie et agriculture biologique,Animaux,a réalisé un exposé scolaire sur la santé ou la biologie,Consultant en agroécologie,Laboratoire/Recherche,Biotechnologie et Agronomie,AEE,Agriculture et Élevage,False,
P01008,18,F,Bongolava,Général,S,,12.96,13.0,15.8,11.5,14.2,13.3,10.9,10.9,12.5,12.8,15.3,12.6,12.7,Francais; Informatique; Malgache; Physique_Chimie,maintenance industrielle pluridisciplinaire; créativité; aisance relationnelle; gestion de production industrielle; sens de l'observation; curiosité; électronique de puissance,Électronique; Réseaux sociaux,a effectué un stage d'observation dans un atelier ou une usine; a démonté et réparé des appareils électroménagers ou mécaniques par curiosité; a occupé un petit job ou une activité rémunérée pendant les vacances,Concepteur de systèmes IoT industriels,Atelier/Industriel,Génie Industriel,EMII,Électromécanique et Informatique Industrielle,False,
P01009,17,M,Boeny,Professionnel et technique,TEV,Agricole,15.62,17.2,17.8,12.8,15.1,17.1,13.6,15.7,15.8,19.9,13.0,16.1,13.3,Economie; Malgache; Mathematiques; Physique_Chimie,pilotage et planification de projets; esprit d'équipe; aisance relationnelle; autonomie; persévérance,Actualité et politique; Gestion; Sport,s'intéresse à l'actualité économique et suit des chaînes d'information; a occupé un petit job ou une activité rémunérée pendant les vacances,Consultant en management; Chef de projet,Contact clientèle/Relationnel,Droit et Techniques des Affaires,EMP,Économie et Management de Projet,False,
P01010,18,M,Bongolava,Général,L,,12.22,10.3,10.6,9.7,15.5,14.2,14.9,11.1,12.4,15.5,9.1,10.8,12.5,Anglais; EPS; Economie; Francais; Malgache,stratégie marketing et commerciale; négociation et vente internationale; sens de l'organisation; esprit d'équipe; gestion d'entreprise; curiosité; sens de l'observation,Entrepreneuriat,a participé à un club de débat ou un simulacre de procès au lycée; s'intéresse à l'actualité économique et suit des chaînes d'information,Analyste de marché; Responsable commercial,Bureau/Numérique,Droit et Techniques des Affaires,CAA,Commerce et Administration des Affaires,False,
P01011,20,M,Ihorombe,Professionnel et technique,TAMB,Industriel,11.98,13.8,13.3,10.0,12.5,12.8,11.1,10.5,13.5,10.0,13.3,11.3,11.7,Arts; Informatique; Philosophie; Physique_Chimie,administration de bases de données; sens de l'organisation; gestion de projets informatiques; développement full-stack; rigueur,Programmation; Bénévolat associatif,a suivi un tutoriel en ligne de programmation et créé un petit site web personnel; a monté et dépanné des ordinateurs pour son entourage; participe à des activités associatives ou de bénévolat,Ingénieur en génie logiciel,Bureau/Numérique,Informatique et Télécommunications,IGGLIA,"Informatique de Gestion, Génie Logiciel et Intelligence Artificielle",False,
P01012,19,M,Androy,Professionnel et technique,EN,Industriel,13.59,11.5,13.1,12.9,18.2,15.1,9.7,13.3,10.4,15.5,14.7,13.2,15.5,EPS; Economie; Francais; Malgache,design UI/UX; développement web et mobile multimédia; persévérance; curiosité; communication digitale et PAO,Robotique; Programmation; Sport,a suivi un tutoriel en ligne de programmation et créé un petit site web personnel; participe à des activités associatives ou de bénévolat,Ingénieur en technologies de la communication; UX/UI Designer; créer sa propre entreprise,Bureau/Numérique,Informatique et Télécommunications,IMTICIA,"Informatique Multimédia, Technologie de l'Information et de la Communication et Intelligence Artificielle",False,
P01013,19,F,Analamanga,Professionnel et technique,TFFI,Industriel,9.85,12.0,10.3,8.9,7.9,9.4,10.8,10.6,8.1,12.0,11.0,8.0,9.2,Arts; Economie; Histoire_Geo; Informatique; Mathematiques,esprit d'équipe; sens de l'organisation; machine learning et deep learning; aisance relationnelle; esprit d'analyse,Jeux vidéo; Musique,a suivi un tutoriel en ligne de programmation et créé un petit site web personnel; a monté et dépanné des ordinateurs pour son entourage,Statisticien financier; Data Scientist; avoir un métier stable,Bureau/Numérique,Informatique et Télécommunications,ISAIA,"Informatique, Statistique Appliquée et Intelligence Artificielle",False,
P01014,20,M,Itasy,Professionnel et technique,TAG,Agricole,12.96,10.6,12.9,12.2,12.5,11.9,14.1,15.1,12.1,15.6,12.8,13.0,12.7,Anglais; Arts; Economie; Histoire_Geo,sens de l'organisation; curiosité; gestion financière prévisionnelle; créativité,Gestion,s'intéresse à l'actualité économique et suit des chaînes d'information; a participé à un club de débat ou un simulacre de procès au lycée,Planificateur stratégique; Chef de projet,Bureau/Numérique,Droit et Techniques des Affaires,EMP,Économie et Management de Projet,False,
P01015,18,M,Boeny,Général,C,,12.04,15.4,11.9,9.2,11.7,9.8,13.2,12.1,11.5,11.2,14.6,12.6,11.3,Anglais; Arts; Histoire_Geo; Informatique; Mathematiques,"programmation multi-langages (Java, C#, PHP, JavaScript); aisance relationnelle; esprit d'analyse; gestion de projets informatiques; autonomie",Réseaux sociaux et numérique; Jeux vidéo; Musique,a participé à un club informatique ou de robotique au lycée; participe à des activités associatives ou de bénévolat,Architecte logiciel,Mixte/Itinérant,Informatique et Télécommunications,IGGLIA,"Informatique de Gestion, Génie Logiciel et Intelligence Artificielle",False,
P01016,19,F,Boeny,Professionnel et technique,TAMB,Industriel,10.54,10.1,11.9,9.1,10.8,10.3,11.1,10.6,10.9,11.5,8.0,13.0,9.2,Arts; Economie; Physique_Chimie,créativité; curiosité; esprit d'analyse; conception de produits touristiques; langues étrangères; sens de l'organisation,Langues étrangères; Voyage; Sport,aime cuisiner et découvrir des plats d'autres cultures; a occupé un petit job ou une activité rémunérée pendant les vacances,Organisateur d'événements (MICE); Manager d'agence de voyage,Mixte/Itinérant,Tourisme,TEH,"Tourisme, Environnement et Hôtellerie",False,
P01017,19,F,Analanjirofo,Général,S,,15.68,20,16.0,14.0,17.0,14.6,15.1,15.8,14.4,12.8,16.3,16.9,15.3,Arts; Francais; Informatique; Mathematiques,développement web et mobile multimédia; autonomie; aisance relationnelle; persévérance; créativité,Technologie; Robotique,a monté et dépanné des ordinateurs pour son entourage; a suivi un tutoriel en ligne de programmation et créé un petit site web personnel; a occupé un petit job ou une activité rémunérée pendant les vacances,Directeur artistique numérique / Motion Designer,Bureau/Numérique,Informatique et Télécommunications,IMTICIA,"Informatique Multimédia, Technologie de l'Information et de la Communication et Intelligence Artificielle",False,
P01018,19,F,Itasy,Professionnel et technique,DAMB,Industriel,12.47,15.2,14.5,14.4,9.8,12.3,8.3,12.8,11.7,14.0,13.7,11.3,11.6,Economie; Mathematiques; Physique_Chimie; SVT,esprit d'équipe; sens de l'organisation; rigueur; machine learning et deep learning,Jeux vidéo; Lecture,a participé à un club informatique ou de robotique au lycée; a monté et dépanné des ordinateurs pour son entourage; a occupé un petit job ou une activité rémunérée pendant les vacances,Analyste Big Data,Mixte/Itinérant,Informatique et Télécommunications,ISAIA,"Informatique, Statistique Appliquée et Intelligence Artificielle",False,
P01019,20,M,Alaotra-Mangoro,Général,S,,10.27,13.9,7.7,10.5,10.6,9.6,7.7,11.0,10.0,14.1,11.8,11.0,5.3,Arts; Economie; Histoire_Geo; Informatique; Mathematiques,rigueur; aisance relationnelle; esprit d'équipe; business intelligence,Robotique; Bénévolat associatif,a monté et dépanné des ordinateurs pour son entourage; a créé un compte de jeu vidéo compétitif et anime une petite communauté en ligne,Responsable Business Intelligence,Mixte/Itinérant,Informatique et Télécommunications,ISAIA,"Informatique, Statistique Appliquée et Intelligence Artificielle",False,
P01020,20,F,Atsimo-Atsinanana,Professionnel et technique,TPFM,Industriel,13.62,13.4,10.5,13.5,15.6,13.7,16.2,14.8,13.3,12.9,13.4,13.1,13.1,Anglais; Francais; Histoire_Geo; Malgache,sensibilisation au tourisme durable; esprit d'analyse; connaissance du patrimoine environnemental et culturel malgache; rigueur; persévérance,Cultures du monde; Bénévolat associatif,a effectué un stage d'observation dans un hôtel ou une agence de voyage; pratique un sport en club depuis plusieurs années,Chargé de valorisation touristique et environnementale; Professionnel du secteur du tourisme; travailler à l'international,Mixte/Itinérant,Tourisme,TEE,Tourisme et Environnement,False,
P01021,17,F,Boeny,Général,A2,,11.57,12.4,11.5,11.4,12.3,12.1,9.6,11.3,9.5,11.0,11.5,12.7,13.5,Arts; EPS; Mathematiques,exploitation minière et géologie; esprit d'équipe; raffinage et pétrochimie; sens de l'observation; curiosité; esprit d'analyse; formulation pharmaceutique,Environnement; Nature,aide régulièrement à l'entretien de véhicules en famille; a démonté et réparé des appareils électroménagers ou mécaniques par curiosité,Délégué médical; travailler à l'international,Terrain/Extérieur,Biotechnologie et Agronomie,PIP,Pharmacologie et Industries Pharmaceutiques,True,ICMP
P01022,18,M,Anosy,Professionnel et technique,MEMA,Industriel,13.53,13.0,15.5,12.5,13.0,11.5,12.6,15.4,15.2,10.0,17.8,12.8,13.0,Informatique; Mathematiques; Philosophie; Physique_Chimie,"persévérance; esprit d'équipe; programmation multi-langages (Java, C#, PHP, JavaScript); gestion de projets informatiques; notions d'intelligence artificielle; sens de l'observation; créativité",Robotique; Réseaux sociaux,a participé à un club informatique ou de robotique au lycée; pratique un sport en club depuis plusieurs années,Architecte logiciel,Bureau/Numérique,Informatique et Télécommunications,IGGLIA,"Informatique de Gestion, Génie Logiciel et Intelligence Artificielle",False,
P01023,17,F,Betsiboka,Professionnel et technique,DAMB,Industriel,11.88,10.2,11.0,11.0,13.6,13.0,12.7,8.3,10.1,15.5,16.1,11.8,9.2,Economie; Francais; Informatique; Malgache,aisance relationnelle; esprit d'équipe; curiosité; design UI/UX,Robotique; Bénévolat associatif,a participé à un club informatique ou de robotique au lycée; participe à des activités associatives ou de bénévolat,Développeur multimédia; UX/UI Designer,Bureau/Numérique,Informatique et Télécommunications,IMTICIA,"Informatique Multimédia, Technologie de l'Information et de la Communication et Intelligence Artificielle",False,
P01024,19,M,Menabe,Professionnel et technique,TEV,Agricole,4.92,5.4,4.0,7.0,4.5,6.1,4.3,5.0,3.1,6.5,2.8,3.4,6.9,EPS; Economie; Malgache; SVT,aisance relationnelle; esprit d'analyse; productions végétales et animales; esprit d'équipe; autonomie; agroécologie et agriculture biologique,Nature; Animaux,s'occupe d'un petit élevage ou d'un jardin potager,Responsable de production animale; Responsable de projet développement rural,Terrain/Extérieur,Biotechnologie et Agronomie,AEE,Agriculture et Élevage,False,
P01025,17,F,Boeny,Professionnel et technique,TMA,Industriel,13.64,18.7,12.7,14.0,11.4,14.5,13.2,12.5,11.9,13.7,16.7,15.0,9.4,Arts; Informatique; Mathematiques,business intelligence; rigueur; traitement de données massives (Big Data); autonomie,Robotique,a créé un compte de jeu vidéo compétitif et anime une petite communauté en ligne,Statisticien financier; Analyste Big Data; avoir un poste à responsabilités,Bureau/Numérique,Informatique et Télécommunications,ISAIA,"Informatique, Statistique Appliquée et Intelligence Artificielle",False,
P01026,18,F,Haute Matsiatra,Technologique,TTER,Tertiaire,13.76,12.6,13.1,13.6,17.4,14.3,16.8,15.0,10.2,13.6,12.6,12.7,13.2,Francais; Histoire_Geo; Malgache; SVT,autonomie; esprit d'analyse; conception de produits touristiques; aisance relationnelle,Hôtellerie; Bénévolat associatif,a organisé un voyage ou un événement pour son groupe d'amis,Manager d'agence de voyage; Directeur d'établissement hôtelier,Contact clientèle/Relationnel,Tourisme,TEH,"Tourisme, Environnement et Hôtellerie",False,
P01027,17,M,Melaky,Professionnel et technique,TMA,Industriel,11.82,10.5,10.2,12.3,11.2,12.1,11.4,9.9,11.5,12.6,11.7,16.5,11.9,Arts; Economie; SVT,esprit d'analyse; sens de l'observation; développement web et mobile multimédia; production et montage audiovisuel; communication digitale et PAO,Jeux vidéo; Technologie; Réseaux sociaux,a monté et dépanné des ordinateurs pour son entourage; a créé un compte de jeu vidéo compétitif et anime une petite communauté en ligne,Développeur multimédia; avoir un poste à responsabilités,Bureau/Numérique,Informatique et Télécommunications,IMTICIA,"Informatique Multimédia, Technologie de l'Information et de la Communication et Intelligence Artificielle",False,
P01028,17,M,Analamanga,Professionnel et technique,PCBTP,Génie civil / BTP,14.29,17.6,14.1,13.9,14.3,14.4,12.7,8.6,11.3,17.3,15.7,17.5,14.1,Economie; Mathematiques,gestion de trésorerie; aisance relationnelle; rigueur; fiscalité d'entreprise; comptabilité générale et analytique,Gestion; Débat et droit; Sport,s'intéresse à l'actualité économique et suit des chaînes d'information; a organisé une petite activité commerciale ou un projet associatif,Auditeur financier; Chef Comptable; travailler à l'international,Bureau/Numérique,Droit et Techniques des Affaires,FIC,Finances et Comptabilité,False,
P01029,20,F,Atsinanana,Professionnel et technique,TOM,Industriel,11.08,11.5,11.7,11.8,11.4,10.8,10.0,11.5,10.0,11.0,10.2,11.2,11.9,EPS; Physique_Chimie; SVT,"autonomie; conception assistée par ordinateur (AutoCAD); électronique de puissance; automatismes (Grafcet, automates); curiosité",Électronique; Technologie; Sport,a créé un compte de jeu vidéo compétitif et anime une petite communauté en ligne; pratique un sport en club depuis plusieurs années,Ingénieur en électrotechnique; créer sa propre entreprise,Atelier/Industriel,Génie Industriel,EMII,Électromécanique et Informatique Industrielle,True,ESIIA
P01030,17,F,Vatovavy,Professionnel et technique,TAG,Agricole,10.61,10.2,9.4,16.0,9.5,7.9,11.3,12.2,8.7,10.2,9.6,12.9,9.4,Arts; Histoire_Geo; SVT,agroécologie et agriculture biologique; productions végétales et animales; sens de l'observation; développement rural; sens de l'organisation; curiosité; rigueur,Environnement; Musique,a réalisé un exposé scolaire sur la santé ou la biologie; s'occupe d'un petit élevage ou d'un jardin potager; a occupé un petit job ou une activité rémunérée pendant les vacances,Responsable de production animale; Conseiller agricole,Terrain/Extérieur,Biotechnologie et Agronomie,AEE,Agriculture et Élevage,False,
P01031,18,F,Fitovinany,Professionnel et technique,ACTC,Tertiaire,14.66,14.9,13.4,14.4,15.6,17.0,13.6,14.3,12.2,18.5,13.4,14.0,14.6,Economie; Francais; Malgache; Mathematiques,gestion d'entreprise; persévérance; esprit d'équipe; créativité,Économie; Réseaux sociaux,gère les comptes d'une association d'élèves,Manager de PME/PMI,Bureau/Numérique,Droit et Techniques des Affaires,CAA,Commerce et Administration des Affaires,False,
P01032,19,F,Vatovavy,Professionnel et technique,TFFI,Industriel,12.57,11.5,12.7,10.3,12.5,12.8,12.0,13.1,11.1,12.7,15.9,16.9,9.4,Arts; Histoire_Geo; Informatique,développement web et mobile multimédia; persévérance; rigueur; curiosité; autonomie; production et montage audiovisuel,Réseaux sociaux et numérique; Bénévolat associatif,a créé un compte de jeu vidéo compétitif et anime une petite communauté en ligne; a suivi un tutoriel en ligne de programmation et créé un petit site web personnel,Spécialiste en communication digitale / Community Manager,Bureau/Numérique,Informatique et Télécommunications,IMTICIA,"Informatique Multimédia, Technologie de l'Information et de la Communication et Intelligence Artificielle",False,
P01033,18,F,Haute Matsiatra,Professionnel et technique,TMEL,Industriel,11.17,11.6,9.7,8.3,11.2,10.4,11.1,9.0,10.0,10.3,16.1,14.0,12.3,Arts; EPS; Francais; Informatique; Mathematiques,rigueur; production et montage audiovisuel; développement web et mobile multimédia; esprit d'analyse; sens de l'organisation; persévérance,Technologie; Jeux vidéo; Bénévolat associatif,a créé un compte de jeu vidéo compétitif et anime une petite communauté en ligne; pratique un sport en club depuis plusieurs années,Spécialiste en communication digitale / Community Manager,Mixte/Itinérant,Informatique et Télécommunications,IMTICIA,"Informatique Multimédia, Technologie de l'Information et de la Communication et Intelligence Artificielle",False,
P01034,20,M,Sava,Général,A2,,13.72,13.9,13.8,14.8,14.4,11.2,15.2,12.8,14.0,12.3,12.6,14.7,15.0,Arts; EPS; Francais; Philosophie; SVT,rigueur; hygiène sécurité environnement (HSE); sens de l'observation; persévérance; exploitation minière et géologie,Mécanique,a réalisé un exposé scolaire sur la santé ou la biologie; aide régulièrement dans l'exploitation agricole familiale,Responsable contrôle qualité; avoir un poste à responsabilités,Laboratoire/Recherche,Biotechnologie et Agronomie,PIP,Pharmacologie et Industries Pharmaceutiques,True,ICMP
P01035,18,M,Alaotra-Mangoro,Professionnel et technique,TMF,Industriel,10.69,8.9,8.5,10.6,14.3,9.6,12.7,10.2,10.6,10.1,9.3,12.8,10.7,Anglais; Arts; EPS; Philosophie; SVT,connaissance du patrimoine environnemental et culturel malgache; sensibilisation au tourisme durable; esprit d'équipe; sens de l'organisation; management hôtelier et restauration,Cultures du monde,pratique l'anglais ou une autre langue étrangère en autodidacte,Directeur d'établissement hôtelier; Organisateur d'événements (MICE); avoir un poste à responsabilités,Contact clientèle/Relationnel,Tourisme,TEH,"Tourisme, Environnement et Hôtellerie",True,TEE
P01036,20,F,Haute Matsiatra,Général,S,,12.14,8.7,10.7,16.4,12.3,11.5,11.4,14.1,10.5,12.1,13.3,10.8,13.9,EPS; Francais; Informatique; Philosophie; SVT,aisance relationnelle; productions végétales et animales; rigueur; zootechnie et pisciculture; développement rural,Agriculture; Lecture,a réalisé un exposé scolaire sur la santé ou la biologie; s'occupe d'un petit élevage ou d'un jardin potager; pratique un sport en club depuis plusieurs années,Consultant en agroécologie,Terrain/Extérieur,Biotechnologie et Agronomie,AEE,Agriculture et Élevage,False,
P01037,17,M,Betsiboka,Professionnel et technique,TPFM,Industriel,12.38,17.6,13.6,13.0,12.2,13.4,12.9,11.3,14.3,8.8,10.6,11.3,9.6,Arts; Malgache; Mathematiques; Physique_Chimie,hygiène sécurité environnement (HSE); persévérance; aisance relationnelle; créativité; rigueur; exploitation minière et géologie; analyses de laboratoire,Mécanique; Musique,a participé à un club de robotique ou de modélisme; a effectué un stage d'observation dans un atelier ou une usine,Ingénieur pétrolier; avoir un poste à responsabilités,Atelier/Industriel,Génie Industriel,ICMP,"Industries Chimiques, Minières et Pétrolières",False,
P01038,20,F,Analamanga,Professionnel et technique,SS,Tertiaire,12.12,12.4,11.7,7.9,15.0,11.4,13.1,14.6,10.3,17.0,12.6,8.4,11.0,Economie; Francais; Histoire_Geo,négociation et vente internationale; sens de l'organisation; esprit d'analyse; aisance relationnelle; gestion d'entreprise; esprit d'équipe,Gestion; Lecture,a organisé une petite activité commerciale ou un projet associatif; gère les comptes d'une association d'élèves,Manager de PME/PMI; Responsable commercial; créer sa propre entreprise,Contact clientèle/Relationnel,Droit et Techniques des Affaires,CAA,Commerce et Administration des Affaires,False,
P01039,18,F,Bongolava,Professionnel et technique,TMA,Industriel,12.55,15.6,13.4,11.2,13.1,11.5,12.3,13.4,11.0,11.7,13.2,13.4,10.8,Arts; Histoire_Geo; Informatique; Mathematiques; Physique_Chimie,esprit d'équipe; communication digitale et PAO; autonomie,Réseaux sociaux et numérique; Programmation; Sport,a monté et dépanné des ordinateurs pour son entourage; a occupé un petit job ou une activité rémunérée pendant les vacances,Webmaster,Bureau/Numérique,Informatique et Télécommunications,IMTICIA,"Informatique Multimédia, Technologie de l'Information et de la Communication et Intelligence Artificielle",False,
P01040,17,M,Betsiboka,Professionnel et technique,DAMB,Industriel,13.06,15.1,11.8,12.7,13.4,13.4,15.3,12.1,12.5,15.3,10.7,12.5,11.9,Anglais; Economie; Mathematiques,persévérance; comptabilité générale et analytique; aisance relationnelle,Débat et droit; Bénévolat associatif,gère les comptes d'une association d'élèves; a participé à un club de débat ou un simulacre de procès au lycée; participe à des activités associatives ou de bénévolat,Auditeur financier,Contact clientèle/Relationnel,Droit et Techniques des Affaires,FIC,Finances et Comptabilité,True,CAA
P01041,19,F,Fitovinany,Général,C,,10.82,12.5,9.3,10.9,11.8,9.9,11.4,11.9,11.5,11.7,10.1,9.3,9.5,Economie; Francais; Histoire_Geo; Mathematiques,gestion financière prévisionnelle; management stratégique; esprit d'analyse; autonomie; esprit d'équipe,Entrepreneuriat; Économie,gère les comptes d'une association d'élèves,Chef de projet; Planificateur stratégique,Contact clientèle/Relationnel,Droit et Techniques des Affaires,EMP,Économie et Management de Projet,False,
P01042,20,F,Vakinankaratra,Général,L,,13.22,16.8,13.1,14.3,11.6,12.3,15.4,14.2,10.2,15.9,10.3,12.5,12.1,Anglais; Economie; Histoire_Geo; Mathematiques; SVT,créativité; audit financier; gestion de trésorerie; esprit d'analyse; rigueur,Économie; Entrepreneuriat; Sport,a participé à un club de débat ou un simulacre de procès au lycée; participe à des activités associatives ou de bénévolat,Auditeur financier; Directeur Administratif et Financier,Contact clientèle/Relationnel,Droit et Techniques des Affaires,FIC,Finances et Comptabilité,False,
P01043,18,F,Vatovavy,Général,S,,12.03,11.3,13.7,15.4,12.0,9.7,14.1,11.1,12.7,11.4,9.7,12.3,10.9,Anglais; Physique_Chimie; SVT,transformation agroalimentaire; sécurité alimentaire; esprit d'équipe; sens de l'observation; persévérance,Nature,s'occupe d'un petit élevage ou d'un jardin potager; a réalisé un exposé scolaire sur la santé ou la biologie,Chef de production; créer sa propre entreprise,Terrain/Extérieur,Biotechnologie et Agronomie,IAA,Industries Agroalimentaires,False,
P01044,20,F,Menabe,Professionnel et technique,TEV,Agricole,12.82,14.4,12.1,14.1,12.1,12.9,12.3,12.0,11.5,13.2,13.6,14.2,11.4,Arts; Informatique; Mathematiques; SVT,esprit d'analyse; agroécologie et agriculture biologique; sens de l'observation,Animaux; Environnement,s'occupe d'un petit élevage ou d'un jardin potager; participe à des activités associatives ou de bénévolat,Expert en agri-business; contribuer au développement de Madagascar,Terrain/Extérieur,Biotechnologie et Agronomie,AEE,Agriculture et Élevage,False,
P01045,17,M,Alaotra-Mangoro,Technologique,TGI,Industriel,13.29,17.2,15.4,12.4,10.3,14.3,12.3,13.0,11.3,12.8,15.1,12.8,12.6,Histoire_Geo; Informatique; Malgache; Mathematiques; Physique_Chimie,curiosité; autonomie; créativité; sens de l'organisation; systèmes embarqués et IoT,Réseaux sociaux et numérique; Programmation; Bénévolat associatif,a suivi un tutoriel en ligne de programmation et créé un petit site web personnel,Expert en systèmes embarqués et IoT,Mixte/Itinérant,Informatique et Télécommunications,ESIIA,"Électronique, Systèmes Informatiques et Intelligence Artificielle",False,
P01046,20,M,Fitovinany,Technologique,TGI,Industriel,9.38,12.7,7.8,7.9,10.5,8.0,9.7,8.7,7.7,12.1,10.5,7.0,9.9,Francais; Mathematiques; SVT,pilotage et planification de projets; autonomie; stratégie marketing et commerciale; sens de l'observation; management stratégique,Actualité et politique; Entrepreneuriat,a organisé une petite activité commerciale ou un projet associatif; s'intéresse à l'actualité économique et suit des chaînes d'information; participe à des activités associatives ou de bénévolat,Gestionnaire administratif et financier,Bureau/Numérique,Droit et Techniques des Affaires,CAA,Commerce et Administration des Affaires,True,EMP
P01047,18,F,Diana,Technologique,TGC,Génie civil,13.21,11.7,12.2,12.7,10.5,13.1,14.6,12.2,12.9,15.9,14.9,14.2,13.6,Arts; Economie; Informatique; Mathematiques,créativité; fiscalité d'entreprise; esprit d'analyse,Économie; Lecture,s'intéresse à l'actualité économique et suit des chaînes d'information; a participé à un club de débat ou un simulacre de procès au lycée,Auditeur financier,Contact clientèle/Relationnel,Droit et Techniques des Affaires,FIC,Finances et Comptabilité,False,
P01048,19,M,Bongolava,Général,S,,11.07,9.5,10.7,10.0,11.9,11.3,11.9,12.3,12.1,10.7,10.9,12.7,8.9,Arts; Francais; Histoire_Geo; Philosophie,droit foncier et minier; persévérance; sens de l'organisation; créativité,Débat et droit,gère les comptes d'une association d'élèves; s'intéresse à l'actualité économique et suit des chaînes d'information; a occupé un petit job ou une activité rémunérée pendant les vacances,Juriste d'affaires,Bureau/Numérique,Droit et Techniques des Affaires,DTJA,Droit et Techniques Juridiques des Affaires,False,
P01049,20,M,Atsimo-Andrefana,Professionnel et technique,CCBTP,Génie civil / BTP,12.76,11.8,10.7,10.6,11.6,11.4,14.7,16.3,11.1,17.7,13.3,9.8,14.1,Anglais; EPS; Economie; Histoire_Geo; Informatique,esprit d'analyse; analyse économique et économétrie; gestion financière prévisionnelle; esprit d'équipe; pilotage et planification de projets; rigueur; sens de l'organisation,Entrepreneuriat,a participé à un club de débat ou un simulacre de procès au lycée,Planificateur stratégique,Bureau/Numérique,Droit et Techniques des Affaires,EMP,Économie et Management de Projet,False,
P01050,17,M,Alaotra-Mangoro,Technologique,TGI,Industriel,14.76,17.7,16.8,12.6,14.5,12.2,17.6,15.2,14.4,13.5,14.1,15.3,13.2,Anglais; Mathematiques; Physique_Chimie,persévérance; maintenance hardware et microcontrôleurs; autonomie; créativité; traitement du signal et automatique; rigueur,Programmation; Robotique; Sport,a suivi un tutoriel en ligne de programmation et créé un petit site web personnel,Expert en systèmes embarqués et IoT; Architecte Hardware; avoir un poste à responsabilités,Bureau/Numérique,Informatique et Télécommunications,ESIIA,"Électronique, Systèmes Informatiques et Intelligence Artificielle",False,
P01051,19,M,Menabe,Général,C,,12.41,11.7,10.1,18.6,13.4,9.6,14.3,12.3,11.5,12.7,9.9,11.5,13.3,Anglais; Economie; Francais; Mathematiques; SVT,phytochimie; autonomie; formulation pharmaceutique; rigueur; gestion de laboratoire d'analyses médicales; sens de l'organisation; esprit d'analyse,Agriculture; Santé; Musique,s'occupe d'un petit élevage ou d'un jardin potager; a participé à un club de sciences naturelles ou d'écologie; pratique un sport en club depuis plusieurs années,Responsable de production pharmaceutique; Responsable contrôle qualité,Terrain/Extérieur,Biotechnologie et Agronomie,PIP,Pharmacologie et Industries Pharmaceutiques,False,
P01052,17,M,Sofia,Professionnel et technique,TOM,Industriel,10.93,11.8,11.0,11.1,10.4,9.9,12.1,9.2,15.0,8.5,12.8,10.1,9.3,Anglais; Informatique; Malgache; Philosophie,curiosité; créativité; développement web et mobile multimédia; communication digitale et PAO; design UI/UX,Robotique; Technologie; Réseaux sociaux,a monté et dépanné des ordinateurs pour son entourage; pratique un sport en club depuis plusieurs années,Webmaster,Mixte/Itinérant,Informatique et Télécommunications,IMTICIA,"Informatique Multimédia, Technologie de l'Information et de la Communication et Intelligence Artificielle",False,
P01053,19,F,Sava,Technologique,TGI,Industriel,8.46,11.5,7.8,6.9,8.1,8.9,5.6,8.3,7.1,5.8,10.2,10.6,10.7,Arts; EPS; Mathematiques,"développement full-stack; esprit d'équipe; sens de l'organisation; programmation multi-langages (Java, C#, PHP, JavaScript); notions d'intelligence artificielle; aisance relationnelle",Jeux vidéo; Musique,a participé à un club informatique ou de robotique au lycée; a occupé un petit job ou une activité rémunérée pendant les vacances,Chef de projet informatique; Consultant en systèmes d'information et IA,Mixte/Itinérant,Informatique et Télécommunications,IGGLIA,"Informatique de Gestion, Génie Logiciel et Intelligence Artificielle",False,
P01054,18,M,Analamanga,Général,D,,12.95,10.7,15.9,13.2,12.8,14.7,11.9,11.0,14.1,12.5,13.2,12.9,12.5,Malgache; Philosophie; Physique_Chimie; SVT,sens de l'organisation; sens de l'observation; aisance relationnelle; maintenance industrielle pluridisciplinaire,Électronique; Sport,a effectué un stage d'observation dans un atelier ou une usine,Responsable de production en usine; créer sa propre entreprise,Terrain/Extérieur,Génie Industriel,EMII,Électromécanique et Informatique Industrielle,False,
P01055,19,F,Itasy,Professionnel et technique,TAG,Agricole,12.93,12.1,13.5,18.5,11.6,8.8,13.2,13.1,14.4,13.6,12.3,11.7,12.3,Economie; Malgache; Philosophie; Physique_Chimie,sens de l'organisation; agroécologie et agriculture biologique; curiosité; zootechnie et pisciculture; rigueur; aisance relationnelle; développement rural,Animaux; Santé; Sport,a participé à un club de sciences naturelles ou d'écologie; a occupé un petit job ou une activité rémunérée pendant les vacances,Conseiller agricole,Laboratoire/Recherche,Biotechnologie et Agronomie,AEE,Agriculture et Élevage,True,IAA
P01056,19,M,Diana,Technologique,TGI,Industriel,13.57,14.1,18.0,15.0,12.6,13.6,12.3,10.7,12.2,13.8,15.7,12.1,12.8,Informatique; Mathematiques; Physique_Chimie,rigueur; robotique et domotique; maintenance hardware et microcontrôleurs; traitement du signal et automatique; aisance relationnelle; sens de l'observation; créativité,Réseaux sociaux et numérique,a participé à un club informatique ou de robotique au lycée; a monté et dépanné des ordinateurs pour son entourage,Architecte Hardware; Spécialiste en maintenance de systèmes informatisés,Bureau/Numérique,Informatique et Télécommunications,ESIIA,"Électronique, Systèmes Informatiques et Intelligence Artificielle",False,
P01057,17,M,Boeny,Technologique,TTER,Tertiaire,10.17,9.1,7.1,11.6,11.1,11.1,12.6,10.0,13.7,9.1,10.6,7.5,8.5,Anglais; Francais; Informatique; Philosophie,aisance relationnelle; sens de l'observation; accueil et relation client; créativité; conception de produits touristiques; curiosité,Cultures du monde; Musique,aime cuisiner et découvrir des plats d'autres cultures; a effectué un stage d'observation dans un hôtel ou une agence de voyage,Gestionnaire de sites protégés; créer sa propre entreprise,Mixte/Itinérant,Tourisme,TEH,"Tourisme, Environnement et Hôtellerie",False,
P01058,20,F,Bongolava,Professionnel et technique,EN,Industriel,10.23,11.1,12.8,9.4,9.1,10.0,10.4,8.0,8.0,9.3,14.0,10.7,10.0,Mathematiques; Physique_Chimie; SVT,"développement full-stack; rigueur; autonomie; conception logicielle (UML, Merise)",Programmation; Robotique,a suivi un tutoriel en ligne de programmation et créé un petit site web personnel; participe à des activités associatives ou de bénévolat,Chef de projet informatique; Consultant en systèmes d'information et IA,Bureau/Numérique,Informatique et Télécommunications,IGGLIA,"Informatique de Gestion, Génie Logiciel et Intelligence Artificielle",False,
P01059,18,M,Diana,Professionnel et technique,TAMB,Industriel,9.48,7.4,12.1,6.6,13.3,10.4,9.9,12.2,7.7,8.5,10.6,9.4,5.7,Francais; Histoire_Geo; Informatique; Malgache; Physique_Chimie,accueil et relation client; gestion environnementale de sites touristiques; management hôtelier et restauration; rigueur; aisance relationnelle,Cultures du monde; Gastronomie,pratique l'anglais ou une autre langue étrangère en autodidacte,Directeur d'établissement hôtelier,Contact clientèle/Relationnel,Tourisme,TEH,"Tourisme, Environnement et Hôtellerie",False,
P01060,18,F,Vakinankaratra,Général,S,,8.88,8.5,8.7,12.4,8.3,9.6,9.4,10.5,6.5,10.5,5.2,8.8,8.1,Anglais; Economie; Histoire_Geo; Malgache; SVT,persévérance; créativité; formulation pharmaceutique; autonomie,Environnement; Animaux; Lecture,s'occupe d'un petit élevage ou d'un jardin potager; a participé à un club de sciences naturelles ou d'écologie; pratique un sport en club depuis plusieurs années,Responsable de production pharmaceutique; Responsable contrôle qualité; contribuer au développement de Madagascar,Terrain/Extérieur,Biotechnologie et Agronomie,PIP,Pharmacologie et Industries Pharmaceutiques,False,
P01061,20,F,Ihorombe,Professionnel et technique,TEV,Agricole,10.26,9.8,7.4,12.2,11.0,11.3,12.4,12.7,11.4,8.0,8.9,12.3,5.7,Anglais; Arts; Histoire_Geo,accueil et relation client; gestion environnementale de sites touristiques; sens de l'organisation; rigueur; aisance relationnelle,Gastronomie; Lecture,a organisé un voyage ou un événement pour son groupe d'amis; aime cuisiner et découvrir des plats d'autres cultures; participe à des activités associatives ou de bénévolat,Chargé de valorisation touristique et environnementale; Professionnel du secteur du tourisme; créer sa propre entreprise,Mixte/Itinérant,Tourisme,TEE,Tourisme et Environnement,True,TEH
P01062,18,M,Ihorombe,Professionnel et technique,TEV,Agricole,10.78,12.4,11.9,12.7,9.8,11.8,10.2,11.5,11.4,8.7,11.2,10.0,7.8,Malgache; Mathematiques; Physique_Chimie; SVT,esprit d'analyse; aisance relationnelle; sens de l'observation; gestion de laboratoire d'analyses médicales; créativité; pharmacologie,Animaux; Environnement; Lecture,aide régulièrement dans l'exploitation agricole familiale,Ingénieur de laboratoire médical; Responsable contrôle qualité,Terrain/Extérieur,Biotechnologie et Agronomie,PIP,Pharmacologie et Industries Pharmaceutiques,False,
P01063,20,F,Bongolava,Général,D,,9.94,10.5,10.3,9.2,10.1,9.4,8.1,7.9,10.1,13.4,9.8,11.4,9.1,Economie; Francais; Informatique; Mathematiques; Physique_Chimie,gestion de chantier; géotechnique; esprit d'analyse; sens de l'observation; rigueur; calcul de structures (RDM),Construction; Architecture; Réseaux sociaux,aime dessiner des plans de maisons ou des croquis d'aménagement; a visité un chantier de construction dans le cadre d'un stage d'observation; a occupé un petit job ou une activité rémunérée pendant les vacances,Conducteur de travaux; Architecte junior,Bureau d'études,Génie Civil et Architecture,GCA,Génie Civil et Architecture,False,
P01064,17,M,Melaky,Professionnel et technique,TOM,Industriel,10.74,13.9,7.3,10.7,10.1,9.9,10.1,9.4,11.8,12.8,12.2,8.7,12.0,EPS; Economie; Informatique; Mathematiques,esprit d'analyse; analyse statistique et probabilités appliquées; rigueur; machine learning et deep learning; aisance relationnelle; traitement de données massives (Big Data),Programmation; Jeux vidéo,a monté et dépanné des ordinateurs pour son entourage,Responsable Business Intelligence; Ingénieur Machine Learning; avoir un poste à responsabilités,Bureau/Numérique,Informatique et Télécommunications,ISAIA,"Informatique, Statistique Appliquée et Intelligence Artificielle",False,
P01065,17,M,Amoron'i Mania,Professionnel et technique,EN,Industriel,11.15,9.8,9.3,10.8,11.9,14.2,15.8,13.3,10.3,10.0,10.6,9.3,8.5,Anglais; Francais; Histoire_Geo; Physique_Chimie,connaissance du patrimoine environnemental et culturel malgache; curiosité; aisance relationnelle; gestion environnementale de sites touristiques; autonomie,Langues étrangères; Lecture,a organisé un voyage ou un événement pour son groupe d'amis,Chargé de valorisation touristique et environnementale,Contact clientèle/Relationnel,Tourisme,TEE,Tourisme et Environnement,True,TEH
P01066,20,M,Betsiboka,Professionnel et technique,MEMA,Industriel,12.32,14.6,14.6,12.6,11.5,11.5,11.8,9.0,11.5,13.9,14.1,12.7,10.0,Informatique; Mathematiques; Physique_Chimie,"sens de l'organisation; curiosité; esprit d'équipe; conception logicielle (UML, Merise); notions d'intelligence artificielle",Jeux vidéo; Lecture,a participé à un club informatique ou de robotique au lycée,Développeur Full-Stack (Web & Mobile),Bureau/Numérique,Informatique et Télécommunications,IGGLIA,"Informatique de Gestion, Génie Logiciel et Intelligence Artificielle",False,
P01067,17,M,Bongolava,Professionnel et technique,TPFM,Industriel,12.62,15.7,15.5,9.6,11.1,12.0,10.7,13.3,10.1,11.7,16.9,11.7,13.2,Histoire_Geo; Informatique; Mathematiques; Physique_Chimie,esprit d'équipe; persévérance; rigueur; traitement du signal et automatique; créativité,Programmation,a monté et dépanné des ordinateurs pour son entourage; participe à des activités associatives ou de bénévolat,Ingénieur système et réseau; avoir un poste à responsabilités,Bureau/Numérique,Informatique et Télécommunications,ESIIA,"Électronique, Systèmes Informatiques et Intelligence Artificielle",False,
P01068,19,M,Anosy,Général,S,,10.62,11.0,10.7,10.1,9.6,9.9,13.8,10.7,9.4,13.2,8.7,11.1,9.2,Anglais; Arts; Economie,curiosité; aisance relationnelle; sens de l'observation; négociation et vente internationale,Économie; Sport,gère les comptes d'une association d'élèves; a participé à un club de débat ou un simulacre de procès au lycée,Gestionnaire administratif et financier,Contact clientèle/Relationnel,Droit et Techniques des Affaires,CAA,Commerce et Administration des Affaires,False,
P01069,18,M,Analamanga,Général,S,,10.2,9.8,10.6,11.5,10.5,11.1,10.3,7.8,8.7,10.4,10.2,10.3,11.2,EPS; Francais; Malgache; Physique_Chimie; SVT,gestion de laboratoire d'analyses médicales; aisance relationnelle; curiosité; esprit d'équipe; formulation pharmaceutique,Environnement; Agriculture; Sport,aide régulièrement dans l'exploitation agricole familiale; a participé à un club de sciences naturelles ou d'écologie,Responsable de production pharmaceutique; Chercheur en phyto-médicaments,Laboratoire/Recherche,Biotechnologie et Agronomie,PIP,Pharmacologie et Industries Pharmaceutiques,False,
P01070,17,F,Anosy,Général,C,,10.22,12.8,13.5,11.0,8.3,8.3,10.4,9.4,9.4,11.2,9.0,8.7,10.6,Economie; Mathematiques; Physique_Chimie,rigueur; transformation agroalimentaire; biochimie et R&D; curiosité,Environnement; Musique,a participé à un club de sciences naturelles ou d'écologie; aide régulièrement dans l'exploitation agricole familiale; pratique un sport en club depuis plusieurs années,Chef de production; créer sa propre entreprise,Terrain/Extérieur,Biotechnologie et Agronomie,IAA,Industries Agroalimentaires,False,
P01071,18,F,Betsiboka,Technologique,TTER,Tertiaire,13.19,17.0,12.5,11.0,12.4,14.7,12.7,14.5,10.1,18.3,10.9,11.2,13.0,Economie; Malgache; Mathematiques,aisance relationnelle; persévérance; sens de l'organisation; comptabilité générale et analytique; autonomie,Gestion; Sport,a organisé une petite activité commerciale ou un projet associatif; gère les comptes d'une association d'élèves; participe à des activités associatives ou de bénévolat,Contrôleur de gestion; travailler à l'international,Contact clientèle/Relationnel,Droit et Techniques des Affaires,FIC,Finances et Comptabilité,False,
P01072,17,M,Sofia,Général,C,,7.83,8.7,12.3,6.9,7.6,6.1,4.5,8.1,9.6,7.8,8.5,6.3,7.5,Histoire_Geo; Informatique; Mathematiques; Physique_Chimie,systèmes embarqués et IoT; conception assistée par ordinateur (AutoCAD); curiosité; autonomie,Mécanique; Programmation; Lecture,a participé à un club de robotique ou de modélisme; a créé un compte de jeu vidéo compétitif et anime une petite communauté en ligne; participe à des activités associatives ou de bénévolat,Ingénieur en bureau d'études mécanique; Ingénieur en maintenance industrielle,Atelier/Industriel,Génie Industriel,EMII,Électromécanique et Informatique Industrielle,True,ESIIA
P01073,19,M,Amoron'i Mania,Professionnel et technique,TPFM,Industriel,10.68,15.4,15.9,10.7,8.8,9.7,11.5,8.5,8.8,10.1,9.0,8.9,10.8,Anglais; EPS; Mathematiques; Physique_Chimie,esprit d'équipe; robotique et domotique; traitement du signal et automatique; autonomie; curiosité,Jeux vidéo; Robotique; Musique,aide régulièrement à l'entretien de véhicules en famille; participe à des activités associatives ou de bénévolat,Ingénieur en bureau d'études mécanique; Ingénieur en maintenance industrielle,Mixte/Itinérant,Génie Industriel,EMII,Électromécanique et Informatique Industrielle,True,ESIIA
P01074,18,M,Androy,Professionnel et technique,TOM,Industriel,13.01,15.3,14.2,10.0,10.5,12.9,13.1,10.6,12.3,11.9,19.5,12.8,13.0,Anglais; Informatique; Mathematiques; Philosophie; Physique_Chimie,"rigueur; persévérance; programmation multi-langages (Java, C#, PHP, JavaScript)",Jeux vidéo; Technologie; Sport,a participé à un club informatique ou de robotique au lycée,Chef de projet informatique; Architecte logiciel,Bureau/Numérique,Informatique et Télécommunications,IGGLIA,"Informatique de Gestion, Génie Logiciel et Intelligence Artificielle",False,
P01075,17,M,Atsimo-Atsinanana,Professionnel et technique,TFFI,Industriel,12.24,14.1,11.1,13.3,9.3,14.6,10.4,12.5,11.7,13.2,14.8,12.1,9.8,Informatique; Malgache; Mathematiques,"gestion de projets informatiques; aisance relationnelle; sens de l'observation; conception logicielle (UML, Merise); créativité; autonomie",Programmation,a participé à un club informatique ou de robotique au lycée; a occupé un petit job ou une activité rémunérée pendant les vacances,Chef de projet informatique,Mixte/Itinérant,Informatique et Télécommunications,IGGLIA,"Informatique de Gestion, Génie Logiciel et Intelligence Artificielle",False,
P01076,20,F,Bongolava,Général,C,,6.83,6.3,5.8,5.4,8.6,5.5,10.2,5.4,8.5,9.1,6.3,5.7,5.1,Anglais; Economie; Francais; Philosophie,aisance relationnelle; curiosité; connaissance du patrimoine environnemental et culturel malgache; créativité,Hôtellerie,pratique l'anglais ou une autre langue étrangère en autodidacte; a occupé un petit job ou une activité rémunérée pendant les vacances,Chargé de valorisation touristique et environnementale; Professionnel du secteur du tourisme,Mixte/Itinérant,Tourisme,TEE,Tourisme et Environnement,False,
P01077,18,F,Ihorombe,Général,C,,11.2,14.2,11.2,8.5,11.8,9.8,12.7,11.9,11.1,15.3,8.5,9.1,10.3,Anglais; Economie; Francais; Histoire_Geo; Mathematiques,esprit d'équipe; créativité; esprit d'analyse; curiosité; audit financier; fiscalité d'entreprise; comptabilité générale et analytique,Gestion; Réseaux sociaux,s'intéresse à l'actualité économique et suit des chaînes d'information,Auditeur financier; Contrôleur de gestion,Contact clientèle/Relationnel,Droit et Techniques des Affaires,FIC,Finances et Comptabilité,False,
P01078,19,F,Atsimo-Atsinanana,Technologique,TTER,Tertiaire,13.63,13.4,13.7,12.6,15.3,14.9,15.3,16.0,12.6,13.1,13.0,13.0,10.7,Anglais; Francais; Histoire_Geo; Malgache; Physique_Chimie,sensibilisation au tourisme durable; sens de l'observation; esprit d'équipe; aisance relationnelle,Hôtellerie; Lecture,a effectué un stage d'observation dans un hôtel ou une agence de voyage,Chef de produit touristique,Contact clientèle/Relationnel,Tourisme,TEH,"Tourisme, Environnement et Hôtellerie",True,TEE
P01079,19,F,Sofia,Professionnel et technique,PCBTP,Génie civil / BTP,11.89,14.8,11.8,10.6,12.0,14.0,11.9,12.3,9.0,11.4,13.0,10.8,11.1,Histoire_Geo; Informatique; Malgache; Mathematiques,aisance relationnelle; sens de l'organisation; ingénierie des infrastructures routières et hydrauliques; calcul de structures (RDM); curiosité; persévérance,Architecture; Urbanisme,aime dessiner des plans de maisons ou des croquis d'aménagement; a occupé un petit job ou une activité rémunérée pendant les vacances,Ingénieur en Bureau d'Études; Ingénieur en génie civil,Chantier/BTP,Génie Civil et Architecture,GCA,Génie Civil et Architecture,False,
P01080,19,M,Atsimo-Atsinanana,Général,L,,14.02,14.6,13.0,13.4,13.9,14.7,17.4,15.0,13.6,12.4,11.7,13.0,15.5,Anglais; EPS; Histoire_Geo,gestion environnementale de sites touristiques; autonomie; accueil et relation client; conception de produits touristiques; sens de l'observation; aisance relationnelle,Voyage; Réseaux sociaux,a effectué un stage d'observation dans un hôtel ou une agence de voyage; pratique un sport en club depuis plusieurs années,Responsable écotourisme; Gestionnaire de sites protégés,Contact clientèle/Relationnel,Tourisme,TEH,"Tourisme, Environnement et Hôtellerie",False,
P01081,19,M,Haute Matsiatra,Général,S,,11.62,12.9,14.4,14.7,11.0,12.4,12.5,10.6,11.0,8.8,10.0,9.8,11.4,Anglais; Mathematiques; Physique_Chimie; SVT,esprit d'équipe; aisance relationnelle; persévérance; formulation pharmaceutique,Animaux,a participé à un club de sciences naturelles ou d'écologie; a réalisé un exposé scolaire sur la santé ou la biologie,Délégué médical; créer sa propre entreprise,Terrain/Extérieur,Biotechnologie et Agronomie,PIP,Pharmacologie et Industries Pharmaceutiques,False,
P01082,18,M,Amoron'i Mania,Général,A1,,11.82,12.1,11.5,11.2,11.6,10.4,14.2,14.6,12.9,11.6,10.7,11.7,9.3,Anglais; Histoire_Geo; Philosophie,esprit d'analyse; sens de l'observation; esprit d'équipe; accueil et relation client,Langues étrangères; Cultures du monde; Réseaux sociaux,a organisé un voyage ou un événement pour son groupe d'amis; participe à des activités associatives ou de bénévolat,Organisateur d'événements (MICE); Responsable écotourisme; avoir un poste à responsabilités,Mixte/Itinérant,Tourisme,TEH,"Tourisme, Environnement et Hôtellerie",False,
P01083,18,M,Analamanga,Professionnel et technique,TMEL,Industriel,13.18,20,13.2,9.8,9.7,11.5,14.9,10.7,11.6,16.3,17.0,13.3,10.2,Economie; Mathematiques,sens de l'observation; business intelligence; rigueur; traitement de données massives (Big Data); créativité; esprit d'analyse,Programmation; Jeux vidéo; Musique,a créé un compte de jeu vidéo compétitif et anime une petite communauté en ligne; a occupé un petit job ou une activité rémunérée pendant les vacances,Data Scientist,Mixte/Itinérant,Informatique et Télécommunications,ISAIA,"Informatique, Statistique Appliquée et Intelligence Artificielle",False,
P01084,17,F,Atsimo-Atsinanana,Professionnel et technique,TMEL,Industriel,10.15,11.8,8.7,6.7,9.6,13.3,12.6,8.1,10.7,7.9,12.9,11.7,7.8,Anglais; Arts; Informatique; Malgache; Mathematiques,communication digitale et PAO; aisance relationnelle; esprit d'équipe; sens de l'observation; production et montage audiovisuel; esprit d'analyse,Technologie; Réseaux sociaux et numérique,a monté et dépanné des ordinateurs pour son entourage; participe à des activités associatives ou de bénévolat,Spécialiste en communication digitale / Community Manager,Mixte/Itinérant,Informatique et Télécommunications,IMTICIA,"Informatique Multimédia, Technologie de l'Information et de la Communication et Intelligence Artificielle",False,
P01085,19,M,Androy,Général,S,,13.63,10.5,12.8,14.9,15.4,13.4,15.8,16.2,12.2,13.0,11.7,15.4,12.3,Anglais; Arts; Francais; Histoire_Geo; SVT,esprit d'équipe; management hôtelier et restauration; conception de produits touristiques; rigueur; accueil et relation client; autonomie; curiosité,Gastronomie; Langues étrangères,a organisé un voyage ou un événement pour son groupe d'amis; aime cuisiner et découvrir des plats d'autres cultures,Organisateur d'événements (MICE); Chef de produit touristique,Mixte/Itinérant,Tourisme,TEH,"Tourisme, Environnement et Hôtellerie",False,
P01086,19,M,Itasy,Professionnel et technique,TMF,Industriel,11.22,10.5,12.4,11.5,12.8,10.9,11.6,8.8,8.5,10.3,11.7,13.4,12.2,Arts; Francais; Informatique; Malgache; Physique_Chimie,sens de l'organisation; esprit d'équipe; développement web et mobile multimédia,Jeux vidéo; Bénévolat associatif,a monté et dépanné des ordinateurs pour son entourage; a créé un compte de jeu vidéo compétitif et anime une petite communauté en ligne,UX/UI Designer,Mixte/Itinérant,Informatique et Télécommunications,IMTICIA,"Informatique Multimédia, Technologie de l'Information et de la Communication et Intelligence Artificielle",False,
P01087,18,M,Ihorombe,Professionnel et technique,TAMB,Industriel,12.89,12.1,12.5,11.3,14.7,12.6,14.4,12.5,9.8,11.7,15.6,13.4,14.1,Anglais; EPS; Francais; Informatique,rigueur; esprit d'équipe; créativité; connaissance du patrimoine environnemental et culturel malgache,Cultures du monde,pratique l'anglais ou une autre langue étrangère en autodidacte; participe à des activités associatives ou de bénévolat,Chargé de valorisation touristique et environnementale; Professionnel du secteur du tourisme,Mixte/Itinérant,Tourisme,TEE,Tourisme et Environnement,False,
P01088,18,M,Sofia,Général,C,,9.74,9.7,11.6,13.6,10.5,7.2,8.2,7.3,8.5,12.9,8.0,10.7,8.7,Economie; Physique_Chimie; SVT,formulation pharmaceutique; génie des procédés chimiques; aisance relationnelle; analyses de laboratoire; créativité; esprit d'équipe,Bricolage; Environnement,a effectué un stage d'observation dans un atelier ou une usine; a réalisé un exposé scolaire sur la santé ou la biologie,Délégué médical; Ingénieur de laboratoire médical,Terrain/Extérieur,Biotechnologie et Agronomie,PIP,Pharmacologie et Industries Pharmaceutiques,True,ICMP
P01089,20,M,Alaotra-Mangoro,Général,S,,15.32,12.8,18.2,19.1,14.3,12.6,17.2,13.2,15.9,15.2,13.7,13.6,18.0,Anglais; EPS; Physique_Chimie; SVT,aisance relationnelle; esprit d'équipe; sécurité alimentaire; formulation pharmaceutique; rigueur; curiosité,Nature; Animaux; Musique,a participé à un club de sciences naturelles ou d'écologie; a réalisé un exposé scolaire sur la santé ou la biologie; participe à des activités associatives ou de bénévolat,Chef de production; créer sa propre entreprise,Laboratoire/Recherche,Biotechnologie et Agronomie,IAA,Industries Agroalimentaires,True,PIP
P01090,18,M,Analanjirofo,Professionnel et technique,EN,Industriel,17.64,18.8,19.2,16.8,19.0,14.8,17.7,16.3,19.1,17.5,19.8,18.6,14.1,Francais; Informatique; Philosophie; Physique_Chimie,management stratégique; autonomie; aisance relationnelle; analyse économique et économétrie,Actualité et politique; Entrepreneuriat,a participé à un club de débat ou un simulacre de procès au lycée; gère les comptes d'une association d'élèves,Responsable commercial,Contact clientèle/Relationnel,Droit et Techniques des Affaires,CAA,Commerce et Administration des Affaires,True,EMP
P01091,17,F,Menabe,Général,C,,9.07,7.3,7.7,13.5,12.2,7.8,7.7,9.4,8.6,10.7,8.5,6.9,8.6,Economie; Francais; SVT,zootechnie et pisciculture; productions végétales et animales; persévérance; autonomie,Agriculture; Sport,a participé à un club de sciences naturelles ou d'écologie; pratique un sport en club depuis plusieurs années,Consultant en agroécologie; Responsable de projet développement rural,Terrain/Extérieur,Biotechnologie et Agronomie,AEE,Agriculture et Élevage,False,
P01092,19,F,Alaotra-Mangoro,Général,A1,,13.38,14.0,12.3,13.3,13.3,9.9,14.6,13.3,15.6,17.9,12.4,12.4,11.5,Anglais; Economie; Mathematiques; Philosophie; SVT,curiosité; analyse financière et gestion budgétaire; pilotage et planification de projets; sens de l'organisation,Gestion; Débat et droit; Lecture,gère les comptes d'une association d'élèves; participe à des activités associatives ou de bénévolat,Analyste de marché; créer sa propre entreprise,Contact clientèle/Relationnel,Droit et Techniques des Affaires,CAA,Commerce et Administration des Affaires,True,EMP
P01093,18,M,Menabe,Général,D,,16.13,17.3,15.8,18.2,17.5,15.2,18.2,15.9,12.6,17.2,14.2,15.9,15.6,Anglais; Francais; SVT,analyses de laboratoire; esprit d'analyse; hygiène sécurité environnement (HSE); esprit d'équipe; raffinage et pétrochimie; sens de l'organisation,Industrie; Sport,aide régulièrement à l'entretien de véhicules en famille; a effectué un stage d'observation dans un atelier ou une usine,Ingénieur de laboratoire d'analyses; Ingénieur minier,Atelier/Industriel,Génie Industriel,ICMP,"Industries Chimiques, Minières et Pétrolières",False,
P01094,19,M,Atsimo-Andrefana,Général,D,,14.47,13.5,13.5,13.0,15.0,16.1,13.7,17.6,15.2,13.1,18.0,13.0,11.9,Francais; Histoire_Geo; Informatique; Malgache; Philosophie,rédaction d'actes juridiques; gestion des litiges commerciaux; sens de l'organisation; curiosité; créativité,Entrepreneuriat,s'intéresse à l'actualité économique et suit des chaînes d'information; a organisé une petite activité commerciale ou un projet associatif; a occupé un petit job ou une activité rémunérée pendant les vacances,Juriste d'affaires; créer sa propre entreprise,Bureau/Numérique,Droit et Techniques des Affaires,DTJA,Droit et Techniques Juridiques des Affaires,False,
P01095,20,F,Melaky,Technologique,TGC,Génie civil,13.72,15.4,13.7,13.4,12.4,14.8,10.7,13.6,14.6,15.0,13.9,14.2,13.0,Arts; Malgache; Mathematiques; Philosophie; SVT,fiscalité d'entreprise; comptabilité générale et analytique; rigueur; sens de l'observation; gestion de trésorerie,Économie; Débat et droit; Réseaux sociaux,s'intéresse à l'actualité économique et suit des chaînes d'information,Contrôleur de gestion; Chef Comptable,Bureau/Numérique,Droit et Techniques des Affaires,FIC,Finances et Comptabilité,False,
P01096,18,F,Atsimo-Atsinanana,Professionnel et technique,ACTC,Tertiaire,10.0,11.3,11.2,11.8,9.7,10.1,8.7,9.2,10.2,13.6,7.7,8.9,7.6,Economie; Mathematiques; Physique_Chimie; SVT,audit financier; gestion de trésorerie; rigueur; créativité,Actualité et politique,s'intéresse à l'actualité économique et suit des chaînes d'information; pratique un sport en club depuis plusieurs années,Trésorier d'entreprise; Chef Comptable; avoir un poste à responsabilités,Bureau/Numérique,Droit et Techniques des Affaires,FIC,Finances et Comptabilité,False,
P01097,18,M,Alaotra-Mangoro,Professionnel et technique,SS,Tertiaire,8.19,8.8,6.5,8.2,7.2,8.9,8.3,8.6,8.2,12.0,8.9,8.3,4.4,Economie; Informatique; Malgache; Mathematiques,curiosité; aisance relationnelle; fiscalité d'entreprise; négociation et vente internationale; gestion de trésorerie; créativité; autonomie,Économie; Gestion; Lecture,s'intéresse à l'actualité économique et suit des chaînes d'information; gère les comptes d'une association d'élèves,Chef Comptable; Directeur Administratif et Financier,Bureau/Numérique,Droit et Techniques des Affaires,FIC,Finances et Comptabilité,True,CAA
P01098,20,M,Betsiboka,Professionnel et technique,PCBTP,Génie civil / BTP,11.36,9.3,10.0,9.7,15.8,12.9,9.9,12.4,13.6,10.3,13.8,9.7,8.9,Francais; Informatique; Philosophie,sens de l'observation; persévérance; rédaction d'actes juridiques; gestion des litiges commerciaux,Économie; Actualité et politique; Lecture,gère les comptes d'une association d'élèves; a participé à un club de débat ou un simulacre de procès au lycée; pratique un sport en club depuis plusieurs années,Assistant juridique; Responsable des ressources humaines (volet juridique); avoir un poste à responsabilités,Contact clientèle/Relationnel,Droit et Techniques des Affaires,DTJA,Droit et Techniques Juridiques des Affaires,False,
P01099,18,F,Itasy,Professionnel et technique,DAMB,Industriel,10.44,9.8,11.3,10.3,13.2,11.9,10.0,10.7,10.8,9.9,10.6,7.9,8.9,Francais; Malgache; Philosophie; Physique_Chimie,aisance relationnelle; traitement de données massives (Big Data); sens de l'observation; curiosité; autonomie,Robotique,a participé à un club informatique ou de robotique au lycée,Ingénieur Machine Learning,Bureau/Numérique,Informatique et Télécommunications,ISAIA,"Informatique, Statistique Appliquée et Intelligence Artificielle",False,
P01100,20,M,Atsimo-Andrefana,Professionnel et technique,TFFI,Industriel,11.02,16.0,7.3,11.1,10.3,11.5,10.6,10.3,11.6,12.4,11.7,9.1,10.3,Economie; Informatique; Mathematiques,sens de l'organisation; machine learning et deep learning; aisance relationnelle,Robotique; Réseaux sociaux et numérique,a créé un compte de jeu vidéo compétitif et anime une petite communauté en ligne,Data Scientist,Bureau/Numérique,Informatique et Télécommunications,ISAIA,"Informatique, Statistique Appliquée et Intelligence Artificielle",True,IGGLIA
P01101,20,F,Betsiboka,Général,D,,12.44,15.4,9.5,11.7,10.0,11.2,9.7,11.8,12.7,16.5,15.1,14.3,11.4,Economie; Informatique; Mathematiques,aisance relationnelle; créativité; gestion de trésorerie; persévérance,Entrepreneuriat; Bénévolat associatif,s'intéresse à l'actualité économique et suit des chaînes d'information; pratique un sport en club depuis plusieurs années,Chef Comptable; Directeur Administratif et Financier; créer sa propre entreprise,Contact clientèle/Relationnel,Droit et Techniques des Affaires,FIC,Finances et Comptabilité,False,
P01102,20,F,Betsiboka,Professionnel et technique,TFFI,Industriel,11.01,13.8,10.3,12.8,11.0,9.0,7.1,9.9,10.8,14.9,11.4,10.6,10.5,Economie; Informatique; Mathematiques; SVT,comptabilité générale et analytique; esprit d'analyse; persévérance; autonomie,Gestion; Économie; Lecture,a participé à un club de débat ou un simulacre de procès au lycée; pratique un sport en club depuis plusieurs années,Auditeur financier; Trésorier d'entreprise; avoir un métier stable,Contact clientèle/Relationnel,Droit et Techniques des Affaires,FIC,Finances et Comptabilité,False,
P01103,19,M,Betsiboka,Général,C,,10.15,13.4,11.6,11.1,11.0,8.5,7.3,9.3,10.4,10.2,9.5,8.8,10.7,Mathematiques; Physique_Chimie; SVT,autonomie; esprit d'analyse; hygiène sécurité environnement (HSE); analyses de laboratoire,Électronique,a démonté et réparé des appareils électroménagers ou mécaniques par curiosité; aide régulièrement à l'entretien de véhicules en famille,Ingénieur pétrolier,Atelier/Industriel,Génie Industriel,ICMP,"Industries Chimiques, Minières et Pétrolières",False,
P01104,17,M,Atsimo-Atsinanana,Professionnel et technique,DAMB,Industriel,13.93,15.2,15.6,17.8,12.6,13.1,14.2,15.2,9.2,17.3,12.4,12.6,11.9,Economie; Physique_Chimie; SVT,sens de l'organisation; analyse économique et économétrie; persévérance; autonomie; esprit d'analyse,Économie; Gestion; Réseaux sociaux,a participé à un club de débat ou un simulacre de procès au lycée,Chef de projet; créer sa propre entreprise,Bureau/Numérique,Droit et Techniques des Affaires,EMP,Économie et Management de Projet,False,
P01105,20,F,Analamanga,Technologique,TGC,Génie civil,10.82,13.3,12.7,9.0,8.1,12.3,10.4,10.6,9.3,13.0,7.0,14.2,10.0,Arts; Economie; Mathematiques; Physique_Chimie,esprit d'analyse; créativité; gestion de chantier; curiosité; rigueur; géotechnique,Architecture; Urbanisme; Bénévolat associatif,a visité un chantier de construction dans le cadre d'un stage d'observation; a réalisé des maquettes ou des plans de construction pour un projet scolaire; a occupé un petit job ou une activité rémunérée pendant les vacances,Urbaniste; Ingénieur en Bureau d'Études,Bureau d'études,Génie Civil et Architecture,GCA,Génie Civil et Architecture,False,
P01106,17,M,Atsinanana,Technologique,TGC,Génie civil,9.52,12.9,11.5,8.9,9.2,8.4,7.6,10.5,9.1,5.0,10.3,11.3,9.5,Arts; Mathematiques; Physique_Chimie,gestion de chantier; conception architecturale (AutoCAD/ArchiCAD); sens de l'observation; esprit d'équipe; créativité; autonomie; ingénierie des infrastructures routières et hydrauliques,Dessin et design; Construction,a réalisé des maquettes ou des plans de construction pour un projet scolaire; a visité un chantier de construction dans le cadre d'un stage d'observation; a occupé un petit job ou une activité rémunérée pendant les vacances,Conducteur de travaux; Architecte junior; avoir un métier stable,Chantier/BTP,Génie Civil et Architecture,GCA,Génie Civil et Architecture,True,
P01107,20,M,Boeny,Technologique,TGI,Industriel,9.68,11.2,11.3,7.5,8.1,10.7,8.0,9.4,8.5,11.8,12.8,10.8,6.1,Economie; Informatique; Mathematiques; Physique_Chimie,"administration de bases de données; sens de l'observation; esprit d'équipe; persévérance; programmation multi-langages (Java, C#, PHP, JavaScript)",Réseaux sociaux et numérique,a monté et dépanné des ordinateurs pour son entourage; a occupé un petit job ou une activité rémunérée pendant les vacances,Expert en transformation digitale,Bureau/Numérique,Informatique et Télécommunications,IGGLIA,"Informatique de Gestion, Génie Logiciel et Intelligence Artificielle",False,
P01108,17,M,Melaky,Professionnel et technique,TEV,Agricole,11.48,11.8,12.2,16.5,8.5,8.6,12.3,13.7,9.1,10.5,11.5,11.2,11.9,Anglais; Histoire_Geo; SVT,sens de l'observation; rigueur; persévérance; biochimie et R&D; aisance relationnelle; sécurité alimentaire,Animaux; Environnement; Réseaux sociaux,s'occupe d'un petit élevage ou d'un jardin potager; pratique un sport en club depuis plusieurs années,Ingénieur de production en industrie agroalimentaire; Consultant qualité,Terrain/Extérieur,Biotechnologie et Agronomie,IAA,Industries Agroalimentaires,False,
P01109,17,F,Betsiboka,Professionnel et technique,TMA,Industriel,10.49,13.2,12.7,10.5,10.3,7.8,8.0,9.8,7.8,11.7,14.9,10.3,8.9,Economie; Informatique; Mathematiques; Physique_Chimie,traitement du signal et automatique; sens de l'observation; persévérance; systèmes embarqués et IoT,Programmation; Réseaux sociaux,a créé un compte de jeu vidéo compétitif et anime une petite communauté en ligne,Spécialiste en maintenance de systèmes informatisés,Mixte/Itinérant,Informatique et Télécommunications,ESIIA,"Électronique, Systèmes Informatiques et Intelligence Artificielle",False,
P01110,20,M,Fitovinany,Professionnel et technique,TAG,Agricole,12.11,14.1,12.1,14.0,9.8,12.5,8.8,10.4,12.7,13.4,13.2,13.5,10.8,Arts; Mathematiques; SVT,normes HACCP et microbiologie; esprit d'équipe; esprit d'analyse; transformation agroalimentaire; aisance relationnelle; sécurité alimentaire,Animaux,s'occupe d'un petit élevage ou d'un jardin potager; aide régulièrement dans l'exploitation agricole familiale; a occupé un petit job ou une activité rémunérée pendant les vacances,Ingénieur de production en industrie agroalimentaire; Consultant qualité,Laboratoire/Recherche,Biotechnologie et Agronomie,IAA,Industries Agroalimentaires,False,
P01111,17,F,Fitovinany,Général,S,,9.6,12.6,10.1,10.2,11.8,8.6,9.2,5.9,10.3,9.0,8.9,7.9,10.7,EPS; Francais; Mathematiques; Philosophie,aisance relationnelle; analyses de laboratoire; autonomie,Mécanique,aide régulièrement à l'entretien de véhicules en famille,Ingénieur de laboratoire d'analyses; Ingénieur minier; contribuer au développement de Madagascar,Atelier/Industriel,Génie Industriel,ICMP,"Industries Chimiques, Minières et Pétrolières",False,
P01112,20,M,Androy,Général,C,,11.82,15.5,14.0,11.5,11.2,12.2,11.2,14.2,8.2,10.0,10.8,12.4,10.6,Arts; Histoire_Geo; Malgache; Mathematiques; Physique_Chimie,autonomie; calcul de structures (RDM); sens de l'organisation; conception architecturale (AutoCAD/ArchiCAD); ingénierie des infrastructures routières et hydrauliques; esprit d'analyse,Urbanisme; Architecture; Musique,a visité un chantier de construction dans le cadre d'un stage d'observation; a réalisé des maquettes ou des plans de construction pour un projet scolaire,Entrepreneur en BTP,Chantier/BTP,Génie Civil et Architecture,GCA,Génie Civil et Architecture,False,
P01113,17,M,Vakinankaratra,Technologique,TGC,Génie civil,10.33,9.5,8.4,10.0,12.4,9.6,13.6,11.6,10.4,10.6,9.9,8.2,9.8,Anglais; Economie; Francais; Histoire_Geo,connaissance du patrimoine environnemental et culturel malgache; rigueur; créativité; autonomie; esprit d'analyse; sensibilisation au tourisme durable,Voyage; Réseaux sociaux,aime cuisiner et découvrir des plats d'autres cultures; pratique l'anglais ou une autre langue étrangère en autodidacte,Chargé de valorisation touristique et environnementale; Professionnel du secteur du tourisme,Contact clientèle/Relationnel,Tourisme,TEE,Tourisme et Environnement,False,
P01114,18,M,Amoron'i Mania,Professionnel et technique,TPFM,Industriel,14.66,12.4,13.4,16.6,15.7,15.1,13.2,13.7,15.7,14.8,15.6,18.1,11.6,Arts; Francais; Histoire_Geo; Philosophie; SVT,développement web et mobile multimédia; persévérance; communication digitale et PAO; esprit d'équipe; sens de l'observation; production et montage audiovisuel; rigueur,Robotique; Programmation; Bénévolat associatif,a participé à un club informatique ou de robotique au lycée,Développeur multimédia; UX/UI Designer; créer sa propre entreprise,Bureau/Numérique,Informatique et Télécommunications,IMTICIA,"Informatique Multimédia, Technologie de l'Information et de la Communication et Intelligence Artificielle",False,
P01115,19,M,Fitovinany,Général,S,,14.02,17.4,14.5,17.7,15.9,12.5,14.4,11.1,12.3,14.1,13.6,11.6,13.1,Francais; Mathematiques; Physique_Chimie; SVT,aisance relationnelle; esprit d'analyse; persévérance; sécurité alimentaire; rigueur; transformation agroalimentaire,Environnement; Santé; Musique,aide régulièrement dans l'exploitation agricole familiale; pratique un sport en club depuis plusieurs années,Chargé de R&D alimentaire; Responsable Qualité et Hygiène; contribuer au développement de Madagascar,Terrain/Extérieur,Biotechnologie et Agronomie,IAA,Industries Agroalimentaires,False,
P01116,17,F,Atsimo-Andrefana,Professionnel et technique,TEV,Agricole,13.74,11.0,15.2,18.0,11.0,14.1,11.6,12.7,16.8,13.9,13.9,14.0,12.7,Philosophie; Physique_Chimie; SVT,transformation agroalimentaire; aisance relationnelle; esprit d'équipe; autonomie; créativité; pharmacologie,Santé,s'occupe d'un petit élevage ou d'un jardin potager,Ingénieur de production en industrie agroalimentaire,Terrain/Extérieur,Biotechnologie et Agronomie,IAA,Industries Agroalimentaires,True,PIP
P01117,18,F,Bongolava,Professionnel et technique,TMF,Industriel,7.71,6.7,8.8,6.9,7.1,7.3,8.2,9.5,8.6,6.6,6.5,8.8,7.5,Economie; Histoire_Geo; Physique_Chimie,sens de l'observation; analyse statistique et probabilités appliquées; persévérance,Technologie; Bénévolat associatif,a participé à un club informatique ou de robotique au lycée,Ingénieur Machine Learning; Statisticien financier,Bureau/Numérique,Informatique et Télécommunications,ISAIA,"Informatique, Statistique Appliquée et Intelligence Artificielle",False,
P01118,17,M,Boeny,Professionnel et technique,PCBTP,Génie civil / BTP,9.72,13.3,11.3,9.5,10.8,10.9,6.9,8.7,6.7,8.5,10.3,11.1,8.7,Arts; Mathematiques; Physique_Chimie,conception architecturale (AutoCAD/ArchiCAD); esprit d'analyse; ingénierie des infrastructures routières et hydrauliques; calcul de structures (RDM); sens de l'observation,Urbanisme,a visité un chantier de construction dans le cadre d'un stage d'observation; aime dessiner des plans de maisons ou des croquis d'aménagement,Architecte junior; Entrepreneur en BTP,Bureau d'études,Génie Civil et Architecture,GCA,Génie Civil et Architecture,False,
P01119,20,F,Vakinankaratra,Général,D,,11.19,13.8,11.6,12.3,12.1,7.7,11.5,9.5,10.1,12.2,10.6,13.2,9.7,Arts; Economie; Mathematiques; SVT,sens de l'observation; biochimie et R&D; sécurité alimentaire; aisance relationnelle; transformation agroalimentaire,Nature; Sport,s'occupe d'un petit élevage ou d'un jardin potager; a participé à un club de sciences naturelles ou d'écologie; participe à des activités associatives ou de bénévolat,Consultant qualité; Chargé de R&D alimentaire,Terrain/Extérieur,Biotechnologie et Agronomie,IAA,Industries Agroalimentaires,False,
P01120,17,F,Vatovavy,Professionnel et technique,MEMA,Industriel,15.89,15.2,13.9,14.4,15.4,19.2,14.8,14.6,15.8,15.7,17.4,17.9,16.4,Arts; EPS; Informatique; Malgache; Philosophie,persévérance; développement web et mobile multimédia; aisance relationnelle; design UI/UX; communication digitale et PAO,Programmation; Jeux vidéo; Lecture,a monté et dépanné des ordinateurs pour son entourage; a occupé un petit job ou une activité rémunérée pendant les vacances,Développeur multimédia; Directeur artistique numérique / Motion Designer; avoir un métier stable,Mixte/Itinérant,Informatique et Télécommunications,IMTICIA,"Informatique Multimédia, Technologie de l'Information et de la Communication et Intelligence Artificielle",False,
P01121,20,F,Atsimo-Atsinanana,Général,C,,11.54,12.6,10.2,11.1,13.8,9.8,11.1,11.0,13.0,12.4,11.2,12.6,9.7,Arts; Francais; Mathematiques; Philosophie,gestion de trésorerie; rigueur; sens de l'organisation; fiscalité d'entreprise; autonomie; analyse financière et gestion budgétaire; esprit d'analyse,Débat et droit; Bénévolat associatif,a participé à un club de débat ou un simulacre de procès au lycée; gère les comptes d'une association d'élèves,Contrôleur de gestion; créer sa propre entreprise,Bureau/Numérique,Droit et Techniques des Affaires,FIC,Finances et Comptabilité,True,CAA
P01122,20,M,Amoron'i Mania,Professionnel et technique,TEV,Agricole,12.17,10.9,12.5,11.3,11.9,11.0,15.7,10.2,11.8,15.0,13.0,10.8,11.9,Anglais; Economie; Informatique; Physique_Chimie,sens de l'organisation; négociation et vente internationale; stratégie marketing et commerciale; curiosité; sens de l'observation; aisance relationnelle; gestion d'entreprise,Gestion; Entrepreneuriat; Sport,gère les comptes d'une association d'élèves; a occupé un petit job ou une activité rémunérée pendant les vacances,Responsable commercial; Responsable Marketing; créer sa propre entreprise,Bureau/Numérique,Droit et Techniques des Affaires,CAA,Commerce et Administration des Affaires,False,
P01123,20,F,Sofia,Général,C,,12.34,10.9,14.2,14.7,13.3,14.2,12.1,10.3,12.8,11.6,11.3,10.9,11.8,Francais; Malgache; Philosophie; Physique_Chimie; SVT,aisance relationnelle; esprit d'analyse; persévérance; biochimie et R&D; sens de l'observation,Santé; Animaux,a réalisé un exposé scolaire sur la santé ou la biologie; a participé à un club de sciences naturelles ou d'écologie,Chef de production; Chargé de R&D alimentaire,Terrain/Extérieur,Biotechnologie et Agronomie,IAA,Industries Agroalimentaires,False,
P01124,20,F,Anosy,Général,C,,13.26,12.9,13.5,14.5,10.3,12.3,14.8,13.8,12.6,10.8,17.0,15.8,10.8,Anglais; Arts; Histoire_Geo; Informatique,aisance relationnelle; esprit d'équipe; persévérance; production et montage audiovisuel; rigueur; design UI/UX,Robotique; Réseaux sociaux et numérique,a participé à un club informatique ou de robotique au lycée; participe à des activités associatives ou de bénévolat,UX/UI Designer; Développeur multimédia,Bureau/Numérique,Informatique et Télécommunications,IMTICIA,"Informatique Multimédia, Technologie de l'Information et de la Communication et Intelligence Artificielle",False,
P01125,17,M,Vakinankaratra,Professionnel et technique,TAMB,Industriel,11.25,10.4,9.9,10.8,10.5,11.4,9.3,10.2,11.7,11.6,13.5,12.4,13.3,Arts; EPS; Informatique,"persévérance; esprit d'équipe; développement full-stack; programmation multi-langages (Java, C#, PHP, JavaScript); rigueur; conception logicielle (UML, Merise); esprit d'analyse",Réseaux sociaux et numérique; Jeux vidéo; Lecture,a suivi un tutoriel en ligne de programmation et créé un petit site web personnel,Administrateur de bases de données,Bureau/Numérique,Informatique et Télécommunications,IGGLIA,"Informatique de Gestion, Génie Logiciel et Intelligence Artificielle",False,
P01126,17,M,Haute Matsiatra,Professionnel et technique,CCBTP,Génie civil / BTP,15.86,19.6,17.7,12.4,16.1,15.1,14.3,16.4,16.6,15.7,15.5,16.0,14.9,Histoire_Geo; Mathematiques; Philosophie; Physique_Chimie,persévérance; créativité; autonomie; ingénierie des infrastructures routières et hydrauliques,Architecture; Construction; Musique,a visité un chantier de construction dans le cadre d'un stage d'observation; aime dessiner des plans de maisons ou des croquis d'aménagement,Conducteur de travaux; Entrepreneur en BTP; contribuer au développement de Madagascar,Chantier/BTP,Génie Civil et Architecture,GCA,Génie Civil et Architecture,True,
P01127,19,F,Atsimo-Atsinanana,Général,S,,12.61,11.0,11.7,10.8,13.7,12.3,13.9,12.1,10.7,17.2,11.9,12.4,13.6,EPS; Economie; Francais; Malgache,stratégie marketing et commerciale; esprit d'équipe; analyse économique et économétrie; curiosité; sens de l'observation,Actualité et politique; Gestion,a organisé une petite activité commerciale ou un projet associatif,Gestionnaire administratif et financier; Analyste de marché,Bureau/Numérique,Droit et Techniques des Affaires,CAA,Commerce et Administration des Affaires,True,EMP
P01128,20,M,Fitovinany,Général,C,,14.28,11.8,17.1,14.5,13.0,15.8,14.0,15.7,14.2,12.8,17.2,13.4,11.8,Histoire_Geo; Informatique; Malgache; Physique_Chimie,sens de l'observation; électronique de puissance; esprit d'équipe; traitement du signal et automatique; persévérance,Robotique; Musique,a démonté et réparé des appareils électroménagers ou mécaniques par curiosité,Ingénieur système et réseau,Bureau/Numérique,Informatique et Télécommunications,ESIIA,"Électronique, Systèmes Informatiques et Intelligence Artificielle",True,EMII
P01129,20,M,Atsinanana,Professionnel et technique,TEV,Agricole,14.6,13.9,14.3,18.5,14.8,15.4,15.0,13.9,13.0,13.5,13.6,15.5,13.8,Anglais; Arts; Malgache; SVT,persévérance; esprit d'équipe; pharmacologie,Nature,a réalisé un exposé scolaire sur la santé ou la biologie; a occupé un petit job ou une activité rémunérée pendant les vacances,Ingénieur de laboratoire médical,Terrain/Extérieur,Biotechnologie et Agronomie,PIP,Pharmacologie et Industries Pharmaceutiques,False,
P01130,19,M,Melaky,Professionnel et technique,TOM,Industriel,13.3,14.1,12.7,13.3,12.6,13.9,13.3,13.6,13.5,12.4,14.1,12.1,14.0,EPS; Histoire_Geo; Informatique; Malgache; Mathematiques,développement web et mobile multimédia; design UI/UX; communication digitale et PAO; aisance relationnelle; esprit d'équipe; sens de l'organisation,Réseaux sociaux et numérique; Technologie; Réseaux sociaux,a créé un compte de jeu vidéo compétitif et anime une petite communauté en ligne; a suivi un tutoriel en ligne de programmation et créé un petit site web personnel,Ingénieur en technologies de la communication,Bureau/Numérique,Informatique et Télécommunications,IMTICIA,"Informatique Multimédia, Technologie de l'Information et de la Communication et Intelligence Artificielle",False,
P01131,19,F,Alaotra-Mangoro,Professionnel et technique,TMF,Industriel,11.18,14.5,13.7,8.3,10.8,8.8,11.5,12.0,9.4,15.3,9.8,12.3,7.7,Anglais; Economie; Physique_Chimie,esprit d'analyse; audit financier; aisance relationnelle,Actualité et politique,s'intéresse à l'actualité économique et suit des chaînes d'information,Chef Comptable; Directeur Administratif et Financier; créer sa propre entreprise,Contact clientèle/Relationnel,Droit et Techniques des Affaires,FIC,Finances et Comptabilité,False,
P01132,19,M,Atsimo-Andrefana,Général,C,,13.3,13.4,11.8,11.2,12.6,14.2,14.1,13.4,17.9,12.6,12.5,14.0,11.9,Anglais; Arts; Malgache; Mathematiques; Philosophie,formulation pharmaceutique; gestion de laboratoire d'analyses médicales; phytochimie; esprit d'équipe; persévérance,Agriculture; Lecture,a participé à un club de sciences naturelles ou d'écologie; aide régulièrement dans l'exploitation agricole familiale,Ingénieur de laboratoire médical,Terrain/Extérieur,Biotechnologie et Agronomie,PIP,Pharmacologie et Industries Pharmaceutiques,False,
P01133,17,F,Atsinanana,Général,A2,,10.89,12.9,8.3,7.9,11.9,9.9,13.8,12.2,12.5,7.8,12.8,10.8,9.9,Anglais; Informatique; Mathematiques,créativité; sens de l'observation; connaissance du patrimoine environnemental et culturel malgache; sensibilisation au tourisme durable; esprit d'analyse,Langues étrangères,a effectué un stage d'observation dans un hôtel ou une agence de voyage; a occupé un petit job ou une activité rémunérée pendant les vacances,Professionnel du secteur du tourisme; Chargé de valorisation touristique et environnementale,Mixte/Itinérant,Tourisme,TEE,Tourisme et Environnement,False,
P01134,18,F,Fitovinany,Professionnel et technique,DAMB,Industriel,11.81,8.3,11.8,9.9,10.2,13.5,11.4,13.3,10.7,11.4,14.6,14.9,11.7,Arts; Histoire_Geo; Informatique; Malgache,créativité; développement full-stack; curiosité; esprit d'équipe; rigueur; production et montage audiovisuel,Réseaux sociaux et numérique; Programmation,a monté et dépanné des ordinateurs pour son entourage; a suivi un tutoriel en ligne de programmation et créé un petit site web personnel,Webmaster; Ingénieur en technologies de la communication; travailler à l'international,Bureau/Numérique,Informatique et Télécommunications,IMTICIA,"Informatique Multimédia, Technologie de l'Information et de la Communication et Intelligence Artificielle",True,IGGLIA
P01135,18,F,Itasy,Professionnel et technique,TFFI,Industriel,9.23,11.1,9.8,6.9,10.2,5.6,8.9,10.3,8.0,7.0,15.1,10.3,7.6,Arts; Histoire_Geo; Informatique; Mathematiques,"rigueur; gestion de projets informatiques; conception logicielle (UML, Merise); esprit d'analyse; persévérance; autonomie",Robotique; Jeux vidéo; Lecture,a suivi un tutoriel en ligne de programmation et créé un petit site web personnel,Architecte logiciel,Bureau/Numérique,Informatique et Télécommunications,IGGLIA,"Informatique de Gestion, Génie Logiciel et Intelligence Artificielle",False,
P01136,20,M,Sofia,Professionnel et technique,TAG,Agricole,11.89,13.0,12.6,16.9,11.0,9.5,10.8,14.0,13.1,10.0,11.3,11.5,9.0,Mathematiques; Philosophie; Physique_Chimie; SVT,normes HACCP et microbiologie; sens de l'organisation; curiosité,Agriculture; Lecture,a réalisé un exposé scolaire sur la santé ou la biologie; aide régulièrement dans l'exploitation agricole familiale; a occupé un petit job ou une activité rémunérée pendant les vacances,Chargé de R&D alimentaire; Responsable Qualité et Hygiène; créer sa propre entreprise,Terrain/Extérieur,Biotechnologie et Agronomie,IAA,Industries Agroalimentaires,False,
P01137,19,M,Vakinankaratra,Professionnel et technique,CCBTP,Génie civil / BTP,13.34,13.9,13.0,13.0,13.8,12.1,12.3,14.1,11.2,16.9,12.5,15.0,12.3,Arts; Economie; Francais; Histoire_Geo; Mathematiques,gestion financière prévisionnelle; sens de l'organisation; autonomie; curiosité; esprit d'analyse,Économie; Entrepreneuriat,a organisé une petite activité commerciale ou un projet associatif; pratique un sport en club depuis plusieurs années,Chef de projet; travailler à l'international,Contact clientèle/Relationnel,Droit et Techniques des Affaires,EMP,Économie et Management de Projet,False,
P01138,18,M,Haute Matsiatra,Professionnel et technique,MEMA,Industriel,12.31,15.5,13.4,10.0,12.4,11.4,14.4,11.8,9.2,13.4,11.3,11.9,13.0,Anglais; EPS; Economie; Mathematiques; Physique_Chimie,esprit d'équipe; traitement de données massives (Big Data); analyse statistique et probabilités appliquées; sens de l'organisation; autonomie; business intelligence,Robotique; Jeux vidéo,a monté et dépanné des ordinateurs pour son entourage; a occupé un petit job ou une activité rémunérée pendant les vacances,Statisticien financier,Bureau/Numérique,Informatique et Télécommunications,ISAIA,"Informatique, Statistique Appliquée et Intelligence Artificielle",False,
P01139,20,M,Androy,Professionnel et technique,TMEL,Industriel,9.18,8.5,8.1,10.6,11.2,8.4,10.3,9.6,9.7,10.6,7.0,7.8,8.3,Economie; Francais; Philosophie; SVT,traitement de données massives (Big Data); analyse statistique et probabilités appliquées; machine learning et deep learning; sens de l'organisation; esprit d'équipe; persévérance,Technologie; Réseaux sociaux et numérique,a monté et dépanné des ordinateurs pour son entourage,Ingénieur Machine Learning; Statisticien financier,Mixte/Itinérant,Informatique et Télécommunications,ISAIA,"Informatique, Statistique Appliquée et Intelligence Artificielle",False,
P01140,20,M,Analanjirofo,Général,S,,10.85,10.6,11.9,11.8,10.7,11.1,10.1,12.0,11.8,10.3,11.5,8.7,9.7,Histoire_Geo; Informatique; Philosophie; Physique_Chimie; SVT,créativité; sensibilisation au tourisme durable; connaissance du patrimoine environnemental et culturel malgache; autonomie; esprit d'analyse,Langues étrangères,a effectué un stage d'observation dans un hôtel ou une agence de voyage; pratique un sport en club depuis plusieurs années,Chargé de valorisation touristique et environnementale; Professionnel du secteur du tourisme,Mixte/Itinérant,Tourisme,TEE,Tourisme et Environnement,False,
P01141,18,M,Vakinankaratra,Professionnel et technique,TAG,Agricole,13.79,17.1,13.7,11.6,12.1,14.3,12.8,16.5,14.5,14.1,13.0,13.0,12.8,Histoire_Geo; Malgache; Mathematiques; Philosophie,pilotage et planification de projets; esprit d'équipe; aisance relationnelle; sens de l'observation; rigueur; analyse économique et économétrie,Actualité et politique,a participé à un club de débat ou un simulacre de procès au lycée; s'intéresse à l'actualité économique et suit des chaînes d'information,Chef de projet; Planificateur stratégique,Contact clientèle/Relationnel,Droit et Techniques des Affaires,EMP,Économie et Management de Projet,False,
P01142,17,M,Haute Matsiatra,Professionnel et technique,PCBTP,Génie civil / BTP,11.9,8.6,12.7,9.7,12.9,11.4,10.0,11.5,15.0,13.1,11.5,13.1,13.3,Arts; EPS; Economie; Francais; Philosophie,autonomie; ingénierie des infrastructures routières et hydrauliques; esprit d'analyse; rigueur; aisance relationnelle; calcul de structures (RDM); gestion de chantier,Urbanisme; Sport,a réalisé des maquettes ou des plans de construction pour un projet scolaire; pratique un sport en club depuis plusieurs années,Ingénieur en Bureau d'Études,Bureau d'études,Génie Civil et Architecture,GCA,Génie Civil et Architecture,True,
P01143,19,M,Analamanga,Professionnel et technique,TMA,Industriel,13.61,13.0,10.1,11.6,15.6,12.3,15.6,13.8,11.4,20,12.3,13.8,13.8,Anglais; Economie; Francais,curiosité; stratégie marketing et commerciale; créativité; sens de l'organisation; gestion d'entreprise; négociation et vente internationale,Gestion; Économie; Lecture,gère les comptes d'une association d'élèves; s'intéresse à l'actualité économique et suit des chaînes d'information; participe à des activités associatives ou de bénévolat,Responsable export,Bureau/Numérique,Droit et Techniques des Affaires,CAA,Commerce et Administration des Affaires,False,
P01144,20,M,Androy,Général,L,,12.97,18.4,13.4,12.4,12.3,14.7,9.0,12.0,10.9,14.4,11.0,13.5,13.7,Arts; EPS; Economie; Malgache; Mathematiques,rigueur; sens de l'observation; comptabilité générale et analytique; esprit d'analyse; sens de l'organisation,Actualité et politique; Sport,a organisé une petite activité commerciale ou un projet associatif,Contrôleur de gestion; avoir un poste à responsabilités,Contact clientèle/Relationnel,Droit et Techniques des Affaires,FIC,Finances et Comptabilité,False,
P01145,17,M,Atsinanana,Professionnel et technique,TMEL,Industriel,12.6,16.6,14.8,12.8,11.1,11.4,12.4,10.8,12.6,14.5,12.8,11.0,10.4,Economie; Informatique; Mathematiques; Physique_Chimie; SVT,curiosité; esprit d'analyse; pilotage et planification de projets; analyse économique et économétrie; créativité; management stratégique,Actualité et politique; Débat et droit,a organisé une petite activité commerciale ou un projet associatif; s'intéresse à l'actualité économique et suit des chaînes d'information; a occupé un petit job ou une activité rémunérée pendant les vacances,Consultant en management; contribuer au développement de Madagascar,Contact clientèle/Relationnel,Droit et Techniques des Affaires,EMP,Économie et Management de Projet,False,
P01146,20,F,Sava,Professionnel et technique,CG,Tertiaire,10.47,12.0,10.5,12.7,10.4,12.1,8.1,9.2,8.8,9.1,11.4,11.4,10.0,Malgache; Mathematiques; SVT,rédaction d'actes juridiques; esprit d'analyse; esprit d'équipe; droit foncier et minier,Entrepreneuriat; Économie,a organisé une petite activité commerciale ou un projet associatif; gère les comptes d'une association d'élèves; pratique un sport en club depuis plusieurs années,Expert en contentieux d'affaires; Assistant juridique,Contact clientèle/Relationnel,Droit et Techniques des Affaires,DTJA,Droit et Techniques Juridiques des Affaires,False,
P01147,17,F,Analanjirofo,Technologique,TGI,Industriel,12.47,12.5,11.9,11.8,11.8,12.8,12.7,11.2,7.8,13.6,15.8,14.9,12.8,Arts; Economie; Informatique; Malgache,créativité; design UI/UX; sens de l'organisation; rigueur,Jeux vidéo; Lecture,a monté et dépanné des ordinateurs pour son entourage; participe à des activités associatives ou de bénévolat,Ingénieur en technologies de la communication; Spécialiste en communication digitale / Community Manager; travailler à l'international,Mixte/Itinérant,Informatique et Télécommunications,IMTICIA,"Informatique Multimédia, Technologie de l'Information et de la Communication et Intelligence Artificielle",False,
P01148,19,M,Menabe,Professionnel et technique,TMEL,Industriel,15.78,17.1,15.7,17.2,13.7,14.1,15.0,16.8,12.8,16.0,19.6,15.0,16.3,Informatique; Mathematiques; SVT,persévérance; design UI/UX; autonomie; sens de l'observation,Technologie; Robotique; Bénévolat associatif,a monté et dépanné des ordinateurs pour son entourage; participe à des activités associatives ou de bénévolat,Ingénieur en génie logiciel; contribuer au développement de Madagascar,Bureau/Numérique,Informatique et Télécommunications,IGGLIA,"Informatique de Gestion, Génie Logiciel et Intelligence Artificielle",True,IMTICIA
P01149,17,F,Vatovavy,Professionnel et technique,CCBTP,Génie civil / BTP,9.99,13.0,11.6,11.8,8.7,8.3,10.8,7.6,9.9,12.6,7.6,11.3,6.7,Economie; Mathematiques; SVT,calcul de structures (RDM); curiosité; autonomie; persévérance; esprit d'analyse,Urbanisme; Bénévolat associatif,a visité un chantier de construction dans le cadre d'un stage d'observation,Architecte junior; Conducteur de travaux,Chantier/BTP,Génie Civil et Architecture,GCA,Génie Civil et Architecture,True,
P01150,19,M,Sava,Professionnel et technique,PCBTP,Génie civil / BTP,9.73,9.6,8.4,9.6,13.1,9.5,12.4,10.4,5.6,13.7,8.4,7.2,8.9,Anglais; Economie; Francais,analyse financière et gestion budgétaire; négociation et vente internationale; curiosité; persévérance; stratégie marketing et commerciale; autonomie,Entrepreneuriat; Économie; Lecture,gère les comptes d'une association d'élèves; a organisé une petite activité commerciale ou un projet associatif,Responsable export; Responsable commercial; contribuer au développement de Madagascar,Bureau/Numérique,Droit et Techniques des Affaires,CAA,Commerce et Administration des Affaires,False,
P01151,19,F,Sava,Général,S,,9.75,9.6,7.6,10.2,9.6,9.0,11.7,11.7,9.4,8.3,9.2,10.0,10.7,Anglais; Arts; EPS; Histoire_Geo; SVT,sens de l'observation; créativité; sens de l'organisation; analyses de laboratoire,Électronique; Bénévolat associatif,aide régulièrement dans l'exploitation agricole familiale; a réalisé un exposé scolaire sur la santé ou la biologie; pratique un sport en club depuis plusieurs années,Délégué médical,Laboratoire/Recherche,Biotechnologie et Agronomie,PIP,Pharmacologie et Industries Pharmaceutiques,True,ICMP
P01152,17,F,Atsinanana,Professionnel et technique,MEMA,Industriel,13.12,16.2,13.8,11.2,10.6,16.4,10.3,10.9,13.3,12.5,17.4,13.1,11.7,Informatique; Malgache; Mathematiques,"autonomie; aisance relationnelle; notions d'intelligence artificielle; programmation multi-langages (Java, C#, PHP, JavaScript); conception logicielle (UML, Merise); esprit d'équipe",Réseaux sociaux et numérique; Robotique; Réseaux sociaux,a monté et dépanné des ordinateurs pour son entourage; a créé un compte de jeu vidéo compétitif et anime une petite communauté en ligne,Expert en transformation digitale; Architecte logiciel,Bureau/Numérique,Informatique et Télécommunications,IGGLIA,"Informatique de Gestion, Génie Logiciel et Intelligence Artificielle",False,
P01153,17,M,Alaotra-Mangoro,Général,A1,,11.94,11.0,11.1,10.4,12.6,15.0,13.2,12.7,11.4,9.6,11.9,13.1,11.3,Anglais; Arts; Histoire_Geo; Malgache,langues étrangères; persévérance; rigueur; créativité; accueil et relation client,Langues étrangères; Voyage,a organisé un voyage ou un événement pour son groupe d'amis,Manager d'agence de voyage; Gestionnaire de sites protégés; créer sa propre entreprise,Mixte/Itinérant,Tourisme,TEH,"Tourisme, Environnement et Hôtellerie",False,
P01154,19,F,Atsinanana,Général,A2,,13.9,17.2,16.9,13.1,15.6,9.8,14.7,11.6,11.8,16.6,13.7,13.9,11.9,Anglais; Economie; Francais; Mathematiques,sens de l'observation; créativité; aisance relationnelle; analyse financière et gestion budgétaire,Entrepreneuriat; Actualité et politique,a participé à un club de débat ou un simulacre de procès au lycée,Analyste de marché; Manager de PME/PMI,Bureau/Numérique,Droit et Techniques des Affaires,CAA,Commerce et Administration des Affaires,False,
P01155,17,F,Haute Matsiatra,Professionnel et technique,CCBTP,Génie civil / BTP,10.9,11.9,12.7,9.7,7.9,11.5,10.7,10.3,10.3,10.0,12.2,12.2,11.4,Arts; Informatique; Mathematiques; Physique_Chimie,calcul de structures (RDM); gestion de chantier; esprit d'analyse; sens de l'observation; curiosité; conception architecturale (AutoCAD/ArchiCAD),Architecture; Musique,aime dessiner des plans de maisons ou des croquis d'aménagement; a réalisé des maquettes ou des plans de construction pour un projet scolaire,Entrepreneur en BTP; Conducteur de travaux,Bureau d'études,Génie Civil et Architecture,GCA,Génie Civil et Architecture,False,
P01156,20,F,Menabe,Général,S,,12.16,11.6,13.6,16.4,13.0,10.6,12.4,13.4,12.4,10.3,11.7,8.8,11.7,Histoire_Geo; Physique_Chimie; SVT,agroécologie et agriculture biologique; rigueur; créativité; autonomie; biochimie et R&D,Agriculture; Réseaux sociaux,a réalisé un exposé scolaire sur la santé ou la biologie; a participé à un club de sciences naturelles ou d'écologie,Conseiller agricole; Ingénieur Agronome; avoir un poste à responsabilités,Laboratoire/Recherche,Biotechnologie et Agronomie,AEE,Agriculture et Élevage,True,IAA
P01157,18,M,Fitovinany,Professionnel et technique,TMF,Industriel,11.66,12.2,9.8,12.2,9.6,11.3,9.4,9.5,13.6,15.3,12.3,12.3,12.4,EPS; Economie; Philosophie,créativité; audit financier; comptabilité générale et analytique; esprit d'équipe; autonomie,Gestion; Entrepreneuriat,s'intéresse à l'actualité économique et suit des chaînes d'information; a organisé une petite activité commerciale ou un projet associatif,Auditeur financier; Contrôleur de gestion,Bureau/Numérique,Droit et Techniques des Affaires,FIC,Finances et Comptabilité,False,
P01158,18,F,Menabe,Général,D,,10.91,11.3,7.8,12.1,13.2,10.3,9.5,9.7,11.7,11.8,13.2,8.9,11.4,Economie; Francais; Informatique; SVT,esprit d'analyse; curiosité; agroécologie et agriculture biologique,Agriculture; Nature; Lecture,s'occupe d'un petit élevage ou d'un jardin potager; a occupé un petit job ou une activité rémunérée pendant les vacances,Responsable de projet développement rural; avoir un poste à responsabilités,Terrain/Extérieur,Biotechnologie et Agronomie,AEE,Agriculture et Élevage,False,
P01159,19,M,Sofia,Général,S,,11.64,12.0,13.3,14.5,12.0,12.0,10.2,10.4,9.9,11.6,11.3,11.9,10.6,EPS; Francais; Malgache; Mathematiques; SVT,esprit d'équipe; transformation agroalimentaire; aisance relationnelle; normes HACCP et microbiologie,Agriculture; Réseaux sociaux,a réalisé un exposé scolaire sur la santé ou la biologie; participe à des activités associatives ou de bénévolat,Chef de production,Terrain/Extérieur,Biotechnologie et Agronomie,IAA,Industries Agroalimentaires,False,
P01160,19,F,Itasy,Général,C,,10.37,12.2,10.2,10.7,11.3,10.0,10.4,10.8,9.3,12.5,8.5,8.6,9.9,Economie; Francais; Histoire_Geo; Mathematiques; SVT,autonomie; gestion financière prévisionnelle; créativité; persévérance; management stratégique; sens de l'observation,Débat et droit; Économie; Sport,a organisé une petite activité commerciale ou un projet associatif; pratique un sport en club depuis plusieurs années,Consultant en management; Chef de projet,Contact clientèle/Relationnel,Droit et Techniques des Affaires,EMP,Économie et Management de Projet,False,
P01161,19,F,Analamanga,Professionnel et technique,TAG,Agricole,13.62,13.7,14.9,18.3,13.7,13.2,10.7,13.4,12.2,12.5,12.0,14.1,14.8,EPS; Physique_Chimie; SVT,autonomie; transformation agroalimentaire; curiosité; aisance relationnelle; esprit d'analyse,Santé; Environnement,a participé à un club de sciences naturelles ou d'écologie; participe à des activités associatives ou de bénévolat,Ingénieur de production en industrie agroalimentaire; Consultant qualité,Terrain/Extérieur,Biotechnologie et Agronomie,IAA,Industries Agroalimentaires,False,
P01162,18,F,Analanjirofo,Professionnel et technique,DAMB,Industriel,9.18,9.1,11.3,7.9,9.2,12.4,9.7,7.9,9.3,6.4,7.1,10.8,9.0,Anglais; Arts; Malgache; Physique_Chimie,"aisance relationnelle; conception logicielle (UML, Merise); développement full-stack; sens de l'organisation",Technologie,a suivi un tutoriel en ligne de programmation et créé un petit site web personnel,Consultant en systèmes d'information et IA,Mixte/Itinérant,Informatique et Télécommunications,IGGLIA,"Informatique de Gestion, Génie Logiciel et Intelligence Artificielle",False,
P01163,20,F,Haute Matsiatra,Professionnel et technique,TEV,Agricole,11.27,14.5,9.8,10.7,12.7,10.1,9.8,10.9,11.0,14.6,9.8,12.1,9.2,Arts; Economie; Francais; SVT,sens de l'observation; gestion financière prévisionnelle; aisance relationnelle; analyse économique et économétrie,Actualité et politique; Entrepreneuriat; Bénévolat associatif,gère les comptes d'une association d'élèves; pratique un sport en club depuis plusieurs années,Responsable suivi-évaluation de projets; travailler à l'international,Bureau/Numérique,Droit et Techniques des Affaires,EMP,Économie et Management de Projet,False,
P01164,17,F,Androy,Professionnel et technique,TMEL,Industriel,6.88,7.6,7.0,9.4,4.8,5.2,8.1,3.7,7.1,8.1,6.3,7.2,8.1,Anglais; EPS; Economie; SVT,génie des procédés chimiques; esprit d'analyse; hygiène sécurité environnement (HSE); sens de l'organisation; rigueur,Automobile et aéronautique,a démonté et réparé des appareils électroménagers ou mécaniques par curiosité; a effectué un stage d'observation dans un atelier ou une usine; pratique un sport en club depuis plusieurs années,Ingénieur minier; Ingénieur en génie des procédés chimiques,Atelier/Industriel,Génie Industriel,ICMP,"Industries Chimiques, Minières et Pétrolières",False,
P01165,18,M,Analamanga,Général,S,,11.25,11.8,14.3,11.9,10.6,12.5,12.0,10.5,9.7,12.5,8.8,10.8,9.6,Anglais; Economie; Malgache,rigueur; persévérance; normes HACCP et microbiologie,Animaux; Environnement; Lecture,aide régulièrement dans l'exploitation agricole familiale,Ingénieur de production en industrie agroalimentaire,Terrain/Extérieur,Biotechnologie et Agronomie,IAA,Industries Agroalimentaires,False,
P01166,19,F,Atsimo-Atsinanana,Technologique,TGI,Industriel,14.52,14.9,19.1,13.6,12.1,14.7,15.0,13.8,14.7,13.5,16.1,14.8,11.9,Anglais; Informatique; Physique_Chimie,"esprit d'équipe; maintenance hardware et microcontrôleurs; rigueur; curiosité; persévérance; administration de réseaux (GSM, TCP/IP)",Technologie; Robotique; Musique,a participé à un club informatique ou de robotique au lycée; participe à des activités associatives ou de bénévolat,Expert en systèmes embarqués et IoT,Bureau/Numérique,Informatique et Télécommunications,ESIIA,"Électronique, Systèmes Informatiques et Intelligence Artificielle",False,
P01167,19,F,Haute Matsiatra,Professionnel et technique,EN,Industriel,11.7,11.8,11.2,9.7,8.3,13.9,9.9,13.2,12.8,15.7,12.7,13.7,7.5,Arts; EPS; Economie; Histoire_Geo,analyse économique et économétrie; pilotage et planification de projets; sens de l'observation; esprit d'analyse; gestion financière prévisionnelle,Débat et droit,a organisé une petite activité commerciale ou un projet associatif; pratique un sport en club depuis plusieurs années,Chef de projet; Analyste économique,Bureau/Numérique,Droit et Techniques des Affaires,EMP,Économie et Management de Projet,False,
P01168,19,M,Atsimo-Andrefana,Professionnel et technique,DAMB,Industriel,13.05,18.2,14.2,10.9,10.9,14.8,10.1,13.4,14.7,13.5,12.7,14.2,9.0,Malgache; Mathematiques; Philosophie; Physique_Chimie,traitement de données massives (Big Data); curiosité; machine learning et deep learning; sens de l'observation; business intelligence; esprit d'équipe,Technologie,a participé à un club informatique ou de robotique au lycée; pratique un sport en club depuis plusieurs années,Analyste Big Data; Responsable Business Intelligence,Mixte/Itinérant,Informatique et Télécommunications,ISAIA,"Informatique, Statistique Appliquée et Intelligence Artificielle",False,
P01169,20,F,Atsimo-Andrefana,Général,C,,15.36,14.4,11.8,19.8,15.8,15.7,17.0,17.6,14.2,16.0,13.6,14.2,14.2,Anglais; Economie; Francais; Histoire_Geo; SVT,curiosité; sens de l'organisation; agroécologie et agriculture biologique; zootechnie et pisciculture,Animaux; Nature; Sport,s'occupe d'un petit élevage ou d'un jardin potager; a occupé un petit job ou une activité rémunérée pendant les vacances,Responsable de production animale; Conseiller agricole,Laboratoire/Recherche,Biotechnologie et Agronomie,AEE,Agriculture et Élevage,True,IAA
P01170,17,F,Anosy,Professionnel et technique,TAMB,Industriel,10.07,9.2,9.6,8.3,10.2,10.8,9.6,10.1,9.7,8.9,10.2,12.1,12.1,EPS; Malgache; Mathematiques,communication digitale et PAO; persévérance; design UI/UX; sens de l'organisation; aisance relationnelle; production et montage audiovisuel; autonomie,Jeux vidéo; Musique,a monté et dépanné des ordinateurs pour son entourage,Webmaster; avoir un poste à responsabilités,Mixte/Itinérant,Informatique et Télécommunications,IMTICIA,"Informatique Multimédia, Technologie de l'Information et de la Communication et Intelligence Artificielle",False,
P01171,18,M,Alaotra-Mangoro,Général,OSE,,6.72,4.8,4.9,5.9,6.5,7.7,7.0,6.6,5.9,10.2,8.6,7.1,5.4,Anglais; Arts; Economie; Informatique; Malgache,négociation et vente internationale; analyse financière et gestion budgétaire; persévérance; aisance relationnelle; rigueur; curiosité,Débat et droit; Actualité et politique; Bénévolat associatif,a organisé une petite activité commerciale ou un projet associatif; pratique un sport en club depuis plusieurs années,Manager de PME/PMI; Analyste de marché,Bureau/Numérique,Droit et Techniques des Affaires,CAA,Commerce et Administration des Affaires,True,EMP
P01172,17,F,Fitovinany,Professionnel et technique,TAG,Agricole,12.18,13.4,14.2,13.3,12.9,12.5,10.6,12.6,14.6,7.3,9.4,14.0,11.3,Arts; Mathematiques; Philosophie; Physique_Chimie; SVT,phytochimie; aisance relationnelle; formulation pharmaceutique; rigueur,Santé; Musique,a participé à un club de sciences naturelles ou d'écologie; a réalisé un exposé scolaire sur la santé ou la biologie; a occupé un petit job ou une activité rémunérée pendant les vacances,Chercheur en phyto-médicaments,Terrain/Extérieur,Biotechnologie et Agronomie,PIP,Pharmacologie et Industries Pharmaceutiques,False,
P01173,20,F,Androy,Professionnel et technique,TOM,Industriel,15.46,15.9,15.4,14.9,16.7,17.4,16.4,16.7,15.1,12.6,12.9,15.0,16.5,Francais; Histoire_Geo; Malgache,gestion environnementale de sites touristiques; aisance relationnelle; esprit d'équipe,Voyage; Bénévolat associatif,pratique l'anglais ou une autre langue étrangère en autodidacte; a occupé un petit job ou une activité rémunérée pendant les vacances,Chef de produit touristique; Responsable écotourisme; travailler à l'international,Contact clientèle/Relationnel,Tourisme,TEH,"Tourisme, Environnement et Hôtellerie",False,
P01174,20,F,Atsimo-Andrefana,Professionnel et technique,TMF,Industriel,7.86,9.3,11.8,6.7,8.4,3.2,7.4,8.8,8.7,8.3,6.5,6.4,8.8,Histoire_Geo; Mathematiques; Physique_Chimie,conception assistée par ordinateur (AutoCAD); maintenance industrielle pluridisciplinaire; persévérance; autonomie; électronique de puissance,Automobile et aéronautique; Sport,a démonté et réparé des appareils électroménagers ou mécaniques par curiosité; participe à des activités associatives ou de bénévolat,Ingénieur en électrotechnique; travailler à l'international,Atelier/Industriel,Génie Industriel,EMII,Électromécanique et Informatique Industrielle,False,
P01175,20,F,Diana,Général,L,,11.43,11.1,10.0,10.2,12.5,12.0,14.2,13.1,10.6,12.1,11.1,9.1,11.2,Anglais; Economie; Francais; Histoire_Geo; Malgache,sensibilisation au tourisme durable; esprit d'équipe; autonomie; curiosité; connaissance du patrimoine environnemental et culturel malgache; sens de l'organisation,Voyage; Langues étrangères,a effectué un stage d'observation dans un hôtel ou une agence de voyage; pratique un sport en club depuis plusieurs années,Professionnel du secteur du tourisme,Contact clientèle/Relationnel,Tourisme,TEE,Tourisme et Environnement,False,
P01176,19,F,Boeny,Professionnel et technique,TOM,Industriel,10.44,8.7,7.0,10.7,13.5,12.4,10.4,11.3,10.7,9.5,10.9,9.4,10.8,EPS; Francais; Histoire_Geo; Informatique; Malgache,management hôtelier et restauration; langues étrangères; autonomie; esprit d'équipe,Langues étrangères; Sport,a organisé un voyage ou un événement pour son groupe d'amis; a effectué un stage d'observation dans un hôtel ou une agence de voyage; a occupé un petit job ou une activité rémunérée pendant les vacances,Manager d'agence de voyage,Contact clientèle/Relationnel,Tourisme,TEH,"Tourisme, Environnement et Hôtellerie",False,
P01177,20,F,Melaky,Professionnel et technique,TFFI,Industriel,11.82,14.7,12.5,11.0,11.1,10.3,11.4,8.7,10.8,13.8,15.3,10.9,11.4,Economie; Informatique; Mathematiques; Physique_Chimie,"programmation multi-langages (Java, C#, PHP, JavaScript); sens de l'organisation; curiosité",Jeux vidéo,a monté et dépanné des ordinateurs pour son entourage; a suivi un tutoriel en ligne de programmation et créé un petit site web personnel; participe à des activités associatives ou de bénévolat,Expert en transformation digitale,Bureau/Numérique,Informatique et Télécommunications,IGGLIA,"Informatique de Gestion, Génie Logiciel et Intelligence Artificielle",False,
P01178,18,F,Analamanga,Professionnel et technique,TMEL,Industriel,11.69,12.3,11.6,12.0,10.9,10.6,9.2,9.0,13.1,17.1,10.7,14.4,9.4,Arts; Economie; Mathematiques; Philosophie; SVT,management stratégique; esprit d'analyse; créativité; stratégie marketing et commerciale; esprit d'équipe; négociation et vente internationale,Gestion; Actualité et politique,gère les comptes d'une association d'élèves; participe à des activités associatives ou de bénévolat,Chef de projet; Analyste économique,Contact clientèle/Relationnel,Droit et Techniques des Affaires,EMP,Économie et Management de Projet,True,CAA
P01179,17,M,Vakinankaratra,Professionnel et technique,MEMA,Industriel,11.54,12.5,12.8,13.8,10.6,11.5,8.6,11.9,11.7,11.6,11.5,11.5,10.5,Histoire_Geo; Mathematiques; Philosophie; Physique_Chimie; SVT,raffinage et pétrochimie; esprit d'équipe; persévérance; curiosité; esprit d'analyse,Électronique; Sport,a démonté et réparé des appareils électroménagers ou mécaniques par curiosité; a effectué un stage d'observation dans un atelier ou une usine,Ingénieur pétrolier; avoir un poste à responsabilités,Terrain/Extérieur,Génie Industriel,ICMP,"Industries Chimiques, Minières et Pétrolières",False,
P01180,20,M,Atsimo-Andrefana,Professionnel et technique,TEV,Agricole,11.34,11.0,11.5,9.2,12.6,10.9,9.8,13.9,10.9,12.0,10.6,12.4,11.3,Arts; Francais; Histoire_Geo,créativité; transformation agroalimentaire; persévérance,Environnement; Sport,aide régulièrement dans l'exploitation agricole familiale; participe à des activités associatives ou de bénévolat,Consultant qualité; Chargé de R&D alimentaire,Terrain/Extérieur,Biotechnologie et Agronomie,IAA,Industries Agroalimentaires,False,
P01181,17,M,Diana,Général,A2,,10.47,13.0,7.9,11.1,11.0,11.3,9.7,10.0,10.0,7.5,11.4,10.5,12.3,EPS; Informatique; Mathematiques,sens de l'organisation; productions végétales et animales; curiosité; créativité; esprit d'analyse,Environnement; Animaux; Musique,s'occupe d'un petit élevage ou d'un jardin potager; a réalisé un exposé scolaire sur la santé ou la biologie,Expert en agri-business,Terrain/Extérieur,Biotechnologie et Agronomie,AEE,Agriculture et Élevage,False,
P01182,19,F,Fitovinany,Général,D,,12.63,13.6,14.4,15.0,11.5,11.8,10.6,11.8,13.5,10.5,13.0,14.2,11.7,Arts; Physique_Chimie; SVT,électronique de puissance; aisance relationnelle; rigueur; persévérance,Électronique; Lecture,a démonté et réparé des appareils électroménagers ou mécaniques par curiosité; a effectué un stage d'observation dans un atelier ou une usine,Ingénieur en automatisation et robotique industrielle; Concepteur de systèmes IoT industriels,Terrain/Extérieur,Génie Industriel,EMII,Électromécanique et Informatique Industrielle,False,
P01183,18,F,Betsiboka,Technologique,TGI,Industriel,14.66,16.8,16.0,15.4,16.0,12.1,16.2,15.0,14.6,13.6,14.9,11.1,14.2,Anglais; Mathematiques; Physique_Chimie,créativité; analyses de laboratoire; sens de l'organisation; curiosité,Agriculture,aide régulièrement à l'entretien de véhicules en famille; a participé à un club de robotique ou de modélisme; a occupé un petit job ou une activité rémunérée pendant les vacances,Ingénieur pétrolier; travailler à l'international,Terrain/Extérieur,Génie Industriel,ICMP,"Industries Chimiques, Minières et Pétrolières",True,IAA
P01184,17,M,Sava,Général,D,,8.55,8.9,6.8,15.2,7.1,10.9,8.5,6.0,11.1,6.5,8.7,5.0,7.9,Malgache; Philosophie; SVT,curiosité; esprit d'équipe; biochimie et R&D; autonomie,Nature,a réalisé un exposé scolaire sur la santé ou la biologie; pratique un sport en club depuis plusieurs années,Chef de production; Consultant qualité; avoir un métier stable,Terrain/Extérieur,Biotechnologie et Agronomie,IAA,Industries Agroalimentaires,False,
P01185,20,F,Itasy,Professionnel et technique,DAMB,Industriel,12.56,9.7,13.1,11.5,16.4,12.1,13.8,10.4,13.1,16.4,13.1,9.6,11.5,Anglais; Economie; Francais; Physique_Chimie,esprit d'équipe; stratégie marketing et commerciale; autonomie,Gestion,a participé à un club de débat ou un simulacre de procès au lycée; s'intéresse à l'actualité économique et suit des chaînes d'information; a occupé un petit job ou une activité rémunérée pendant les vacances,Manager de PME/PMI,Contact clientèle/Relationnel,Droit et Techniques des Affaires,CAA,Commerce et Administration des Affaires,True,EMP
P01186,19,M,Diana,Professionnel et technique,TMEL,Industriel,11.3,12.5,10.1,11.9,10.2,12.0,10.9,12.2,9.9,11.7,11.7,12.3,10.2,Arts; Histoire_Geo; Malgache; Mathematiques; SVT,sens de l'organisation; comptabilité générale et analytique; sens de l'observation,Gestion; Économie,gère les comptes d'une association d'élèves; a participé à un club de débat ou un simulacre de procès au lycée,Responsable suivi-évaluation de projets; Consultant en management,Contact clientèle/Relationnel,Droit et Techniques des Affaires,EMP,Économie et Management de Projet,True,FIC
P01187,20,F,Boeny,Professionnel et technique,TAG,Agricole,14.43,15.3,14.5,18.9,13.1,13.6,13.4,15.9,12.8,13.3,14.8,13.9,13.6,Mathematiques; Philosophie; SVT,zootechnie et pisciculture; développement rural; productions végétales et animales; sens de l'observation; esprit d'équipe; sens de l'organisation; autonomie,Agriculture; Animaux,a participé à un club de sciences naturelles ou d'écologie; a occupé un petit job ou une activité rémunérée pendant les vacances,Conseiller agricole; Expert en agri-business,Terrain/Extérieur,Biotechnologie et Agronomie,AEE,Agriculture et Élevage,False,
P01188,20,M,Diana,Technologique,TGI,Industriel,13.05,11.7,11.0,11.1,14.3,12.3,13.3,14.4,11.6,14.8,12.7,16.3,13.1,Economie; Histoire_Geo,curiosité; aisance relationnelle; accueil et relation client; autonomie,Voyage; Lecture,pratique l'anglais ou une autre langue étrangère en autodidacte,Gestionnaire de sites protégés,Mixte/Itinérant,Tourisme,TEH,"Tourisme, Environnement et Hôtellerie",False,
P01189,20,M,Amoron'i Mania,Professionnel et technique,TMF,Industriel,13.36,11.1,11.2,12.5,17.2,15.9,11.1,15.1,18.0,13.4,9.8,12.6,12.4,Francais; Malgache; Philosophie,sens de l'observation; droit des contrats et des sociétés; curiosité; rédaction d'actes juridiques; gestion des litiges commerciaux,Actualité et politique; Entrepreneuriat,s'intéresse à l'actualité économique et suit des chaînes d'information; gère les comptes d'une association d'élèves; pratique un sport en club depuis plusieurs années,Juriste d'affaires; Expert en contentieux d'affaires,Bureau/Numérique,Droit et Techniques des Affaires,DTJA,Droit et Techniques Juridiques des Affaires,False,
P01190,19,M,Bongolava,Professionnel et technique,TAMB,Industriel,9.77,13.7,8.3,10.8,10.0,8.4,8.9,10.0,9.5,8.5,12.9,9.1,7.1,Francais; Informatique; Mathematiques; SVT,créativité; esprit d'analyse; sens de l'organisation; administration de bases de données; autonomie,Réseaux sociaux et numérique,a créé un compte de jeu vidéo compétitif et anime une petite communauté en ligne; a occupé un petit job ou une activité rémunérée pendant les vacances,Chef de projet informatique; Expert en transformation digitale; avoir un poste à responsabilités,Mixte/Itinérant,Informatique et Télécommunications,IGGLIA,"Informatique de Gestion, Génie Logiciel et Intelligence Artificielle",False,
P01191,20,M,Bongolava,Professionnel et technique,PCBTP,Génie civil / BTP,8.7,8.9,8.7,10.1,10.8,5.1,7.7,8.0,6.6,12.9,9.0,7.6,9.0,EPS; Economie; Francais; Informatique; SVT,gestion d'entreprise; sens de l'observation; stratégie marketing et commerciale; négociation et vente internationale; rigueur; curiosité,Débat et droit; Lecture,a participé à un club de débat ou un simulacre de procès au lycée; s'intéresse à l'actualité économique et suit des chaînes d'information; participe à des activités associatives ou de bénévolat,Gestionnaire administratif et financier; Responsable Marketing; avoir un poste à responsabilités,Contact clientèle/Relationnel,Droit et Techniques des Affaires,CAA,Commerce et Administration des Affaires,False,
P01192,18,M,Analamanga,Général,D,,11.69,13.4,11.3,9.9,10.7,12.8,10.1,12.4,12.2,12.5,12.6,11.9,10.5,Informatique; Malgache; Mathematiques,autonomie; comptabilité générale et analytique; curiosité; aisance relationnelle; audit financier,Gestion,s'intéresse à l'actualité économique et suit des chaînes d'information; a participé à un club de débat ou un simulacre de procès au lycée; a occupé un petit job ou une activité rémunérée pendant les vacances,Chef Comptable; créer sa propre entreprise,Contact clientèle/Relationnel,Droit et Techniques des Affaires,FIC,Finances et Comptabilité,False,
P01193,19,M,Atsimo-Atsinanana,Technologique,TGI,Industriel,9.59,11.8,9.4,9.8,11.2,7.4,7.8,9.4,7.9,7.8,14.8,9.3,8.5,Francais; Informatique; Mathematiques; SVT,"persévérance; sens de l'observation; aisance relationnelle; sens de l'organisation; développement full-stack; conception logicielle (UML, Merise)",Réseaux sociaux et numérique; Programmation; Musique,a participé à un club informatique ou de robotique au lycée; a suivi un tutoriel en ligne de programmation et créé un petit site web personnel,Architecte logiciel,Bureau/Numérique,Informatique et Télécommunications,IGGLIA,"Informatique de Gestion, Génie Logiciel et Intelligence Artificielle",False,
P01194,18,M,Atsinanana,Professionnel et technique,TMEL,Industriel,13.71,12.8,11.9,13.3,16.5,14.4,16.4,17.1,11.7,10.7,13.3,13.4,13.0,Anglais; Arts; Francais; Histoire_Geo; Malgache,autonomie; rigueur; esprit d'équipe; persévérance; gestion environnementale de sites touristiques; accueil et relation client,Cultures du monde; Voyage,a effectué un stage d'observation dans un hôtel ou une agence de voyage; participe à des activités associatives ou de bénévolat,Chef de produit touristique; Organisateur d'événements (MICE),Mixte/Itinérant,Tourisme,TEH,"Tourisme, Environnement et Hôtellerie",False,
P01195,18,M,Vakinankaratra,Général,A2,,11.12,11.3,10.7,10.7,11.7,11.1,12.3,14.4,8.8,10.5,8.9,13.1,10.0,Anglais; Arts; Histoire_Geo,accueil et relation client; esprit d'analyse; rigueur; conception de produits touristiques,Hôtellerie,aime cuisiner et découvrir des plats d'autres cultures; participe à des activités associatives ou de bénévolat,Chef de produit touristique; Organisateur d'événements (MICE); avoir un poste à responsabilités,Mixte/Itinérant,Tourisme,TEH,"Tourisme, Environnement et Hôtellerie",False,
P01196,17,F,Analanjirofo,Général,D,,9.2,10.1,10.7,14.3,7.4,9.8,8.4,8.1,7.4,8.9,10.1,7.1,8.1,Informatique; Malgache; Mathematiques; Physique_Chimie; SVT,esprit d'analyse; rigueur; formulation pharmaceutique; persévérance; sens de l'organisation; gestion de laboratoire d'analyses médicales; pharmacologie,Animaux; Nature; Réseaux sociaux,a réalisé un exposé scolaire sur la santé ou la biologie; pratique un sport en club depuis plusieurs années,Responsable de production pharmaceutique; Responsable contrôle qualité,Terrain/Extérieur,Biotechnologie et Agronomie,PIP,Pharmacologie et Industries Pharmaceutiques,False,
P01197,20,F,Anosy,Professionnel et technique,TAG,Agricole,9.56,11.0,9.5,12.7,10.1,6.5,9.8,10.1,8.6,10.5,9.5,7.9,8.5,Economie; Francais; Mathematiques; SVT,créativité; rigueur; aisance relationnelle; transformation agroalimentaire,Nature; Animaux,aide régulièrement dans l'exploitation agricole familiale,Chargé de R&D alimentaire; travailler à l'international,Laboratoire/Recherche,Biotechnologie et Agronomie,IAA,Industries Agroalimentaires,False,
P01198,19,F,Fitovinany,Général,D,,10.28,10.7,12.3,9.7,10.2,9.2,13.6,8.7,10.8,12.3,8.1,9.4,8.3,Anglais; Economie; Mathematiques; Philosophie; Physique_Chimie,stratégie marketing et commerciale; créativité; autonomie,Débat et droit; Bénévolat associatif,a organisé une petite activité commerciale ou un projet associatif,Analyste de marché,Bureau/Numérique,Droit et Techniques des Affaires,CAA,Commerce et Administration des Affaires,False,
P01199,20,F,Amoron'i Mania,Professionnel et technique,SS,Tertiaire,9.24,9.6,9.7,10.5,11.1,8.7,11.5,11.8,9.3,9.2,6.9,9.7,2.9,Anglais; Francais; Histoire_Geo; Physique_Chimie; SVT,autonomie; persévérance; management hôtelier et restauration; sens de l'organisation,Hôtellerie; Cultures du monde,a effectué un stage d'observation dans un hôtel ou une agence de voyage,Responsable écotourisme; contribuer au développement de Madagascar,Mixte/Itinérant,Tourisme,TEH,"Tourisme, Environnement et Hôtellerie",True,TEE
P01200,18,F,Melaky,Professionnel et technique,TEV,Agricole,14.29,14.9,17.0,14.7,15.0,12.2,16.8,12.2,11.9,15.5,15.2,12.6,13.5,Anglais; Economie; Physique_Chimie,analyse financière et gestion budgétaire; sens de l'organisation; stratégie marketing et commerciale; sens de l'observation; gestion d'entreprise,Économie,a participé à un club de débat ou un simulacre de procès au lycée,Responsable Marketing; Analyste de marché,Bureau/Numérique,Droit et Techniques des Affaires,CAA,Commerce et Administration des Affaires,False,
P01201,20,F,Anosy,Professionnel et technique,TEV,Agricole,15.09,14.6,18.4,18.9,17.4,12.7,13.7,16.6,13.3,13.7,15.1,14.1,12.6,Francais; Histoire_Geo; Physique_Chimie; SVT,formulation pharmaceutique; curiosité; esprit d'analyse; aisance relationnelle; persévérance,Bricolage,aide régulièrement dans l'exploitation agricole familiale; a démonté et réparé des appareils électroménagers ou mécaniques par curiosité; participe à des activités associatives ou de bénévolat,Responsable contrôle qualité,Laboratoire/Recherche,Biotechnologie et Agronomie,PIP,Pharmacologie et Industries Pharmaceutiques,True,ICMP
P01202,20,F,Analanjirofo,Technologique,TGI,Industriel,13.03,14.8,13.3,12.8,12.7,10.8,12.8,12.1,13.9,12.7,16.3,11.5,12.6,Informatique; Mathematiques; Philosophie; Physique_Chimie,"sens de l'observation; persévérance; curiosité; programmation multi-langages (Java, C#, PHP, JavaScript); autonomie",Programmation; Réseaux sociaux et numérique; Lecture,a créé un compte de jeu vidéo compétitif et anime une petite communauté en ligne; a participé à un club informatique ou de robotique au lycée,Architecte logiciel; avoir un poste à responsabilités,Mixte/Itinérant,Informatique et Télécommunications,IGGLIA,"Informatique de Gestion, Génie Logiciel et Intelligence Artificielle",False,
P01203,19,F,Betsiboka,Général,A2,,12.18,12.1,12.5,14.3,11.4,11.1,12.9,9.1,10.2,17.1,12.7,11.3,11.4,Anglais; Economie; Informatique; Physique_Chimie; SVT,esprit d'équipe; stratégie marketing et commerciale; créativité; esprit d'analyse; persévérance,Gestion; Entrepreneuriat; Réseaux sociaux,a organisé une petite activité commerciale ou un projet associatif; participe à des activités associatives ou de bénévolat,Responsable export,Bureau/Numérique,Droit et Techniques des Affaires,CAA,Commerce et Administration des Affaires,False,
P01204,17,F,Alaotra-Mangoro,Général,C,,12.19,15.5,13.5,13.5,11.2,11.1,12.4,12.4,11.2,10.3,12.7,10.2,12.3,Mathematiques; Physique_Chimie; SVT,"rigueur; administration de réseaux (GSM, TCP/IP); esprit d'analyse",Réseaux sociaux et numérique; Technologie; Sport,a suivi un tutoriel en ligne de programmation et créé un petit site web personnel,Spécialiste en robotique et domotique,Bureau/Numérique,Informatique et Télécommunications,ESIIA,"Électronique, Systèmes Informatiques et Intelligence Artificielle",False,
P01205,17,M,Fitovinany,Professionnel et technique,TPFM,Industriel,13.98,14.1,15.7,13.8,14.2,14.4,12.0,11.6,14.7,13.0,16.6,14.5,13.2,Arts; Informatique; Malgache; Philosophie; Physique_Chimie,"aisance relationnelle; esprit d'équipe; automatismes (Grafcet, automates); sens de l'observation",Automobile et aéronautique; Industrie,a participé à un club de robotique ou de modélisme,Concepteur de systèmes IoT industriels,Atelier/Industriel,Génie Industriel,EMII,Électromécanique et Informatique Industrielle,False,
P01206,18,M,Ihorombe,Technologique,TTER,Tertiaire,7.32,5.9,8.1,5.3,8.3,8.7,8.1,8.5,6.9,5.9,8.1,7.5,6.5,Arts; Francais; Histoire_Geo; Malgache; Physique_Chimie,gestion environnementale de sites touristiques; curiosité; accueil et relation client; sens de l'organisation; sens de l'observation,Gastronomie; Hôtellerie; Réseaux sociaux,a organisé un voyage ou un événement pour son groupe d'amis,Directeur d'établissement hôtelier; Organisateur d'événements (MICE),Contact clientèle/Relationnel,Tourisme,TEH,"Tourisme, Environnement et Hôtellerie",False,
P01207,19,M,Diana,Professionnel et technique,TMA,Industriel,12.62,12.3,12.4,13.9,14.1,12.9,13.8,11.4,10.5,16.3,12.9,10.7,10.2,Economie; Francais; SVT,créativité; esprit d'analyse; analyse financière et gestion budgétaire; autonomie; stratégie marketing et commerciale,Gestion; Entrepreneuriat,a participé à un club de débat ou un simulacre de procès au lycée,Analyste de marché,Contact clientèle/Relationnel,Droit et Techniques des Affaires,CAA,Commerce et Administration des Affaires,False,
P01208,17,M,Androy,Professionnel et technique,MEMA,Industriel,13.37,12.4,17.9,14.2,13.1,13.0,15.1,14.4,12.8,12.0,13.2,11.8,10.5,Anglais; Histoire_Geo; Physique_Chimie,sens de l'organisation; électronique de puissance; gestion de production industrielle; créativité; maintenance industrielle pluridisciplinaire; sens de l'observation,Automobile et aéronautique,aide régulièrement à l'entretien de véhicules en famille; a participé à un club de robotique ou de modélisme; a occupé un petit job ou une activité rémunérée pendant les vacances,Ingénieur en électrotechnique; Responsable de production en usine,Terrain/Extérieur,Génie Industriel,EMII,Électromécanique et Informatique Industrielle,False,
P01209,20,F,Menabe,Professionnel et technique,TFFI,Industriel,12.68,15.5,16.6,9.7,14.1,12.7,14.8,14.2,10.3,10.2,13.6,8.2,12.2,Anglais; Francais; Histoire_Geo; Mathematiques; Physique_Chimie,"automatismes (Grafcet, automates); aisance relationnelle; autonomie",Mécanique; Automobile et aéronautique,aide régulièrement à l'entretien de véhicules en famille; pratique un sport en club depuis plusieurs années,Responsable de production en usine,Terrain/Extérieur,Génie Industriel,EMII,Électromécanique et Informatique Industrielle,False,
P01210,19,F,Atsimo-Andrefana,Général,C,,12.07,14.1,12.7,17.4,12.6,9.0,9.6,12.6,11.6,12.4,12.1,9.7,11.0,Francais; Mathematiques; Physique_Chimie; SVT,sens de l'observation; esprit d'équipe; phytochimie; autonomie; gestion de laboratoire d'analyses médicales; formulation pharmaceutique,Santé; Nature,aide régulièrement dans l'exploitation agricole familiale,Ingénieur de laboratoire médical; Responsable de production pharmaceutique,Terrain/Extérieur,Biotechnologie et Agronomie,PIP,Pharmacologie et Industries Pharmaceutiques,False,
P01211,17,M,Bongolava,Général,C,,13.53,15.0,13.4,14.5,12.4,11.1,12.6,14.2,13.9,16.4,11.3,15.7,11.9,Arts; Economie; Mathematiques,curiosité; fiscalité d'entreprise; esprit d'équipe; pilotage et planification de projets; persévérance,Actualité et politique,gère les comptes d'une association d'élèves,Planificateur stratégique; Responsable suivi-évaluation de projets; avoir un poste à responsabilités,Bureau/Numérique,Droit et Techniques des Affaires,EMP,Économie et Management de Projet,True,FIC
P01212,20,M,Analanjirofo,Professionnel et technique,CCBTP,Génie civil / BTP,14.85,15.4,14.2,13.8,20.0,14.1,15.6,13.7,14.1,20,11.8,12.5,13.0,Anglais; Francais; Physique_Chimie,autonomie; stratégie marketing et commerciale; persévérance; esprit d'analyse,Débat et droit; Économie,a participé à un club de débat ou un simulacre de procès au lycée,Responsable Marketing; Analyste de marché; contribuer au développement de Madagascar,Bureau/Numérique,Droit et Techniques des Affaires,CAA,Commerce et Administration des Affaires,False,
P01213,17,F,Melaky,Professionnel et technique,DAMB,Industriel,9.95,11.2,9.7,8.8,8.6,9.0,10.6,8.3,6.9,11.7,13.3,11.0,10.3,Anglais; Arts; Economie; Informatique; Mathematiques,curiosité; esprit d'analyse; analyse statistique et probabilités appliquées,Réseaux sociaux et numérique; Lecture,a créé un compte de jeu vidéo compétitif et anime une petite communauté en ligne; pratique un sport en club depuis plusieurs années,Statisticien financier; Responsable Business Intelligence; avoir un poste à responsabilités,Bureau/Numérique,Informatique et Télécommunications,ISAIA,"Informatique, Statistique Appliquée et Intelligence Artificielle",False,
P01214,20,F,Fitovinany,Professionnel et technique,EN,Industriel,11.19,8.8,11.2,11.6,10.4,11.4,15.1,10.5,11.5,10.7,9.4,12.1,11.6,Anglais; Arts; EPS; Philosophie; SVT,"persévérance; administration de bases de données; sens de l'observation; rigueur; sens de l'organisation; développement full-stack; programmation multi-langages (Java, C#, PHP, JavaScript)",Programmation; Réseaux sociaux,a suivi un tutoriel en ligne de programmation et créé un petit site web personnel,Développeur Full-Stack (Web & Mobile); avoir un poste à responsabilités,Bureau/Numérique,Informatique et Télécommunications,IGGLIA,"Informatique de Gestion, Génie Logiciel et Intelligence Artificielle",False,
P01215,19,F,Haute Matsiatra,Général,L,,12.35,14.3,8.4,10.9,10.7,14.3,14.4,10.6,10.3,14.1,11.8,15.3,13.1,Anglais; Arts; Mathematiques,sens de l'organisation; autonomie; esprit d'analyse; gestion d'entreprise; aisance relationnelle; stratégie marketing et commerciale; gestion de trésorerie,Débat et droit; Actualité et politique,gère les comptes d'une association d'élèves; a participé à un club de débat ou un simulacre de procès au lycée; pratique un sport en club depuis plusieurs années,Contrôleur de gestion; Auditeur financier; travailler à l'international,Bureau/Numérique,Droit et Techniques des Affaires,FIC,Finances et Comptabilité,True,CAA
P01216,17,M,Boeny,Professionnel et technique,EN,Industriel,15.71,18.0,14.7,14.1,17.5,15.6,17.1,14.4,14.3,16.3,17.3,15.2,14.0,Francais; Informatique; Mathematiques,"aisance relationnelle; esprit d'équipe; gestion de projets informatiques; notions d'intelligence artificielle; sens de l'observation; programmation multi-langages (Java, C#, PHP, JavaScript)",Technologie; Programmation; Lecture,a suivi un tutoriel en ligne de programmation et créé un petit site web personnel,Architecte logiciel; créer sa propre entreprise,Mixte/Itinérant,Informatique et Télécommunications,IGGLIA,"Informatique de Gestion, Génie Logiciel et Intelligence Artificielle",False,
P01217,18,F,Menabe,Professionnel et technique,TPFM,Industriel,10.03,9.5,11.1,9.9,8.3,10.0,10.8,10.8,11.1,11.9,10.4,6.1,10.4,Economie; Philosophie; Physique_Chimie,rigueur; autonomie; esprit d'analyse; sens de l'organisation; droit foncier et minier,Économie,a participé à un club de débat ou un simulacre de procès au lycée; a organisé une petite activité commerciale ou un projet associatif,Expert en contentieux d'affaires; Juriste d'affaires; créer sa propre entreprise,Contact clientèle/Relationnel,Droit et Techniques des Affaires,DTJA,Droit et Techniques Juridiques des Affaires,False,
P01218,18,M,Sofia,Professionnel et technique,CG,Tertiaire,14.21,13.5,13.2,13.1,16.6,16.2,10.1,16.2,18.0,14.0,12.9,12.2,14.5,EPS; Francais; Histoire_Geo; Malgache; Philosophie,esprit d'analyse; rigueur; créativité; gestion des litiges commerciaux; droit foncier et minier; droit des contrats et des sociétés,Débat et droit; Économie; Bénévolat associatif,s'intéresse à l'actualité économique et suit des chaînes d'information; participe à des activités associatives ou de bénévolat,Expert en contentieux d'affaires,Bureau/Numérique,Droit et Techniques des Affaires,DTJA,Droit et Techniques Juridiques des Affaires,False,
P01219,19,M,Analanjirofo,Professionnel et technique,MEMA,Industriel,14.4,19.0,12.4,12.9,11.4,15.1,15.0,15.4,11.8,15.8,18.8,14.2,11.0,Economie; Informatique; Mathematiques,créativité; rigueur; développement full-stack; curiosité; esprit d'analyse,Robotique,a suivi un tutoriel en ligne de programmation et créé un petit site web personnel; a occupé un petit job ou une activité rémunérée pendant les vacances,Analyste Big Data; Ingénieur Machine Learning,Bureau/Numérique,Informatique et Télécommunications,ISAIA,"Informatique, Statistique Appliquée et Intelligence Artificielle",True,IGGLIA
P01220,19,M,Itasy,Professionnel et technique,TFFI,Industriel,9.68,7.8,9.0,6.8,11.1,8.3,10.7,7.8,13.5,12.9,9.8,10.8,7.6,Economie; Francais; Philosophie,business intelligence; rigueur; esprit d'équipe; créativité; sens de l'organisation; traitement de données massives (Big Data),Robotique; Bénévolat associatif,a monté et dépanné des ordinateurs pour son entourage,Responsable Business Intelligence,Bureau/Numérique,Informatique et Télécommunications,ISAIA,"Informatique, Statistique Appliquée et Intelligence Artificielle",False,
P01221,19,F,Analanjirofo,Professionnel et technique,EN,Industriel,14.07,13.7,16.4,12.2,13.0,11.7,14.1,16.5,15.2,12.8,15.1,14.4,13.7,Histoire_Geo; Philosophie; Physique_Chimie,"aisance relationnelle; notions d'intelligence artificielle; programmation multi-langages (Java, C#, PHP, JavaScript); autonomie; développement full-stack; sens de l'observation; esprit d'analyse",Jeux vidéo; Bénévolat associatif,a monté et dépanné des ordinateurs pour son entourage; a créé un compte de jeu vidéo compétitif et anime une petite communauté en ligne; pratique un sport en club depuis plusieurs années,Webmaster,Bureau/Numérique,Informatique et Télécommunications,IMTICIA,"Informatique Multimédia, Technologie de l'Information et de la Communication et Intelligence Artificielle",True,IGGLIA
P01222,19,F,Vatovavy,Professionnel et technique,TFFI,Industriel,12.07,13.4,12.9,14.0,10.1,13.4,11.9,10.9,11.5,12.4,10.9,9.9,13.6,EPS; Malgache; Mathematiques; Physique_Chimie; SVT,"aisance relationnelle; conception logicielle (UML, Merise); autonomie; créativité; gestion de projets informatiques; programmation multi-langages (Java, C#, PHP, JavaScript); persévérance",Jeux vidéo; Réseaux sociaux,a participé à un club informatique ou de robotique au lycée; a suivi un tutoriel en ligne de programmation et créé un petit site web personnel,Chef de projet informatique; Développeur Full-Stack (Web & Mobile); avoir un métier stable,Mixte/Itinérant,Informatique et Télécommunications,IGGLIA,"Informatique de Gestion, Génie Logiciel et Intelligence Artificielle",False,
P01223,18,F,Ihorombe,Professionnel et technique,SS,Tertiaire,11.69,12.1,11.8,11.3,14.0,15.7,11.2,12.2,11.6,11.4,10.3,8.7,10.0,Arts; Francais; Histoire_Geo; Mathematiques,rigueur; autonomie; droit des contrats et des sociétés; curiosité; créativité; stratégie marketing et commerciale,Économie; Gestion,a participé à un club de débat ou un simulacre de procès au lycée; a organisé une petite activité commerciale ou un projet associatif,Responsable des ressources humaines (volet juridique); Expert en contentieux d'affaires; travailler à l'international,Contact clientèle/Relationnel,Droit et Techniques des Affaires,DTJA,Droit et Techniques Juridiques des Affaires,True,CAA
P01224,20,F,Alaotra-Mangoro,Général,L,,13.15,13.4,13.4,13.4,12.0,10.0,15.3,11.7,13.7,15.8,15.1,12.4,11.6,Anglais; Economie; Informatique; Philosophie,négociation et vente internationale; stratégie marketing et commerciale; gestion d'entreprise; rigueur; autonomie,Débat et droit,s'intéresse à l'actualité économique et suit des chaînes d'information,Gestionnaire administratif et financier,Bureau/Numérique,Droit et Techniques des Affaires,CAA,Commerce et Administration des Affaires,False,
P01225,20,M,Fitovinany,Professionnel et technique,TPFM,Industriel,14.89,17.6,19.4,12.5,15.1,15.7,11.6,15.8,15.4,12.8,13.6,14.9,14.3,Mathematiques; Physique_Chimie; SVT,conception assistée par ordinateur (AutoCAD); esprit d'équipe; autonomie; aisance relationnelle; électronique de puissance,Automobile et aéronautique; Électronique,a effectué un stage d'observation dans un atelier ou une usine; a démonté et réparé des appareils électroménagers ou mécaniques par curiosité,Responsable de production en usine,Terrain/Extérieur,Génie Industriel,EMII,Électromécanique et Informatique Industrielle,False,
P01226,17,M,Bongolava,Professionnel et technique,TOM,Industriel,12.58,14.9,12.5,11.8,10.7,13.8,12.7,11.7,11.5,11.7,16.1,12.5,11.1,Informatique; Malgache; Mathematiques,"gestion de projets informatiques; persévérance; sens de l'organisation; développement full-stack; conception logicielle (UML, Merise); curiosité",Technologie,a suivi un tutoriel en ligne de programmation et créé un petit site web personnel,Administrateur de bases de données; Chef de projet informatique,Bureau/Numérique,Informatique et Télécommunications,IGGLIA,"Informatique de Gestion, Génie Logiciel et Intelligence Artificielle",False,
P01227,20,F,Haute Matsiatra,Général,D,,18.86,20,20,20,18.4,16.4,18.1,19.0,20,18.7,16.4,20,19.3,Anglais; Mathematiques; Philosophie; SVT,ingénierie des infrastructures routières et hydrauliques; autonomie; esprit d'équipe,Urbanisme; Réseaux sociaux,a réalisé des maquettes ou des plans de construction pour un projet scolaire; participe à des activités associatives ou de bénévolat,Architecte junior; travailler à l'international,Chantier/BTP,Génie Civil et Architecture,GCA,Génie Civil et Architecture,False,
P01228,17,M,Diana,Technologique,TGC,Génie civil,11.18,16.5,11.8,11.5,9.3,10.1,11.8,10.9,7.9,14.1,9.4,8.2,12.7,EPS; Economie; Mathematiques; Physique_Chimie,sens de l'organisation; aisance relationnelle; gestion de trésorerie,Économie; Lecture,gère les comptes d'une association d'élèves,Trésorier d'entreprise,Contact clientèle/Relationnel,Droit et Techniques des Affaires,FIC,Finances et Comptabilité,False,
P01229,18,F,Atsimo-Andrefana,Professionnel et technique,TFFI,Industriel,12.87,12.4,11.4,14.2,14.5,13.4,12.8,9.5,11.6,13.6,13.4,15.5,12.1,Arts; Economie; SVT,"autonomie; sens de l'organisation; gestion de projets informatiques; programmation multi-langages (Java, C#, PHP, JavaScript); production et montage audiovisuel",Programmation; Robotique,a participé à un club informatique ou de robotique au lycée,Développeur multimédia; Webmaster; avoir un poste à responsabilités,Bureau/Numérique,Informatique et Télécommunications,IMTICIA,"Informatique Multimédia, Technologie de l'Information et de la Communication et Intelligence Artificielle",True,IGGLIA
P01230,20,F,Bongolava,Professionnel et technique,MEMA,Industriel,12.91,12.8,11.9,11.9,14.1,14.4,14.7,14.0,11.1,11.3,13.7,12.0,13.0,Anglais; Francais; Malgache,management hôtelier et restauration; esprit d'analyse; rigueur; autonomie,Langues étrangères; Voyage,a effectué un stage d'observation dans un hôtel ou une agence de voyage; pratique l'anglais ou une autre langue étrangère en autodidacte; a occupé un petit job ou une activité rémunérée pendant les vacances,Manager d'agence de voyage,Contact clientèle/Relationnel,Tourisme,TEH,"Tourisme, Environnement et Hôtellerie",False,
P01231,18,F,Analamanga,Technologique,TTER,Tertiaire,13.4,13.3,12.4,14.5,13.8,14.7,13.3,11.2,15.0,11.8,16.0,12.3,12.5,Informatique; Malgache; Philosophie,conception de produits touristiques; créativité; sensibilisation au tourisme durable; connaissance du patrimoine environnemental et culturel malgache; rigueur; persévérance; sens de l'organisation,Voyage; Musique,a organisé un voyage ou un événement pour son groupe d'amis; a occupé un petit job ou une activité rémunérée pendant les vacances,Professionnel du secteur du tourisme,Mixte/Itinérant,Tourisme,TEE,Tourisme et Environnement,True,TEH
P01232,18,F,Ihorombe,Professionnel et technique,TMA,Industriel,10.81,13.1,12.4,11.2,11.2,7.6,11.3,9.8,9.3,10.9,12.7,8.9,11.3,Anglais; EPS; Informatique; Mathematiques; Physique_Chimie,raffinage et pétrochimie; rigueur; esprit d'analyse; esprit d'équipe; persévérance,Santé,a réalisé un exposé scolaire sur la santé ou la biologie; a effectué un stage d'observation dans un atelier ou une usine; participe à des activités associatives ou de bénévolat,Ingénieur en génie des procédés chimiques; Ingénieur pétrolier,Atelier/Industriel,Génie Industriel,ICMP,"Industries Chimiques, Minières et Pétrolières",True,IAA
P01233,17,F,Androy,Général,A2,,15.48,16.5,15.3,17.8,15.3,16.8,13.2,16.0,15.5,15.7,15.5,15.3,12.9,Malgache; SVT,transformation agroalimentaire; normes HACCP et microbiologie; sens de l'observation; persévérance; sécurité alimentaire; esprit d'équipe,Santé; Environnement; Lecture,a participé à un club de sciences naturelles ou d'écologie,Conseiller agricole; Responsable de production animale,Laboratoire/Recherche,Biotechnologie et Agronomie,AEE,Agriculture et Élevage,True,IAA
P01234,19,M,Bongolava,Professionnel et technique,EN,Industriel,11.53,12.3,11.7,10.3,10.8,12.0,10.9,10.3,12.0,8.5,13.5,13.0,13.1,Arts; EPS; Informatique; Malgache; Mathematiques,esprit d'analyse; analyse statistique et probabilités appliquées; traitement de données massives (Big Data); esprit d'équipe; machine learning et deep learning,Technologie,a suivi un tutoriel en ligne de programmation et créé un petit site web personnel; a créé un compte de jeu vidéo compétitif et anime une petite communauté en ligne,Ingénieur Machine Learning,Bureau/Numérique,Informatique et Télécommunications,ISAIA,"Informatique, Statistique Appliquée et Intelligence Artificielle",False,
P01235,19,F,Ihorombe,Professionnel et technique,MEMA,Industriel,12.95,12.5,14.3,14.2,14.0,10.2,13.0,12.3,14.5,12.1,14.7,13.2,10.4,Informatique; Philosophie; Physique_Chimie,design UI/UX; développement web et mobile multimédia; aisance relationnelle; rigueur,Technologie; Réseaux sociaux et numérique; Musique,a monté et dépanné des ordinateurs pour son entourage; a participé à un club informatique ou de robotique au lycée,Webmaster; Développeur multimédia,Mixte/Itinérant,Informatique et Télécommunications,IMTICIA,"Informatique Multimédia, Technologie de l'Information et de la Communication et Intelligence Artificielle",False,
P01236,20,M,Atsimo-Andrefana,Professionnel et technique,CCBTP,Génie civil / BTP,12.84,14.0,10.6,11.5,13.1,13.6,13.6,12.1,12.7,18.3,8.1,13.8,12.7,Anglais; Economie; Malgache; Mathematiques,pilotage et planification de projets; esprit d'analyse; aisance relationnelle; sens de l'organisation; analyse économique et économétrie; sens de l'observation,Économie,a organisé une petite activité commerciale ou un projet associatif; s'intéresse à l'actualité économique et suit des chaînes d'information; pratique un sport en club depuis plusieurs années,Planificateur stratégique; Analyste économique; avoir un poste à responsabilités,Bureau/Numérique,Droit et Techniques des Affaires,EMP,Économie et Management de Projet,False,
P01237,18,F,Menabe,Professionnel et technique,TMEL,Industriel,13.8,15.1,15.8,13.1,15.2,11.1,13.1,11.0,14.2,11.5,19.1,13.3,13.1,Francais; Informatique; Physique_Chimie,rigueur; gestion de projets informatiques; administration de bases de données; persévérance,Robotique; Programmation; Réseaux sociaux,a suivi un tutoriel en ligne de programmation et créé un petit site web personnel; a monté et dépanné des ordinateurs pour son entourage; pratique un sport en club depuis plusieurs années,Développeur Full-Stack (Web & Mobile); créer sa propre entreprise,Bureau/Numérique,Informatique et Télécommunications,IGGLIA,"Informatique de Gestion, Génie Logiciel et Intelligence Artificielle",False,
P01238,18,F,Analanjirofo,Professionnel et technique,TMEL,Industriel,10.62,13.2,13.6,9.6,11.2,9.7,10.2,8.3,9.9,8.5,13.1,9.8,10.3,Informatique; Mathematiques; Physique_Chimie,aisance relationnelle; maintenance hardware et microcontrôleurs; traitement du signal et automatique; rigueur,Technologie; Réseaux sociaux,a monté et dépanné des ordinateurs pour son entourage; a participé à un club informatique ou de robotique au lycée; participe à des activités associatives ou de bénévolat,Expert en systèmes embarqués et IoT; Ingénieur système et réseau,Mixte/Itinérant,Informatique et Télécommunications,ESIIA,"Électronique, Systèmes Informatiques et Intelligence Artificielle",False,
P01239,17,F,Alaotra-Mangoro,Professionnel et technique,MEMA,Industriel,13.57,18.3,12.0,14.6,11.3,12.9,12.3,13.4,15.6,12.8,12.4,13.8,13.4,Arts; Mathematiques; Philosophie; SVT,fiscalité d'entreprise; persévérance; créativité; sens de l'observation; audit financier,Économie; Actualité et politique,s'intéresse à l'actualité économique et suit des chaînes d'information,Contrôleur de gestion; créer sa propre entreprise,Contact clientèle/Relationnel,Droit et Techniques des Affaires,FIC,Finances et Comptabilité,False,
P01240,20,M,Menabe,Professionnel et technique,TMF,Industriel,13.17,16.6,13.8,14.2,13.2,13.0,16.4,12.6,10.7,16.2,12.7,8.1,10.5,Anglais; Economie; Mathematiques; Physique_Chimie; SVT,persévérance; aisance relationnelle; autonomie; sensibilisation au tourisme durable; curiosité,Cultures du monde; Langues étrangères; Bénévolat associatif,a organisé un voyage ou un événement pour son groupe d'amis; pratique l'anglais ou une autre langue étrangère en autodidacte; participe à des activités associatives ou de bénévolat,Professionnel du secteur du tourisme; Chargé de valorisation touristique et environnementale; avoir un poste à responsabilités,Mixte/Itinérant,Tourisme,TEE,Tourisme et Environnement,False,
P01241,17,M,Fitovinany,Professionnel et technique,PCBTP,Génie civil / BTP,11.78,14.5,14.5,10.5,11.2,11.5,9.0,10.1,12.6,14.0,10.1,12.9,10.5,Arts; Economie; Mathematiques; Physique_Chimie,persévérance; géotechnique; curiosité; conception architecturale (AutoCAD/ArchiCAD); calcul de structures (RDM); sens de l'observation; esprit d'équipe,Dessin et design; Bénévolat associatif,aime dessiner des plans de maisons ou des croquis d'aménagement; a visité un chantier de construction dans le cadre d'un stage d'observation; participe à des activités associatives ou de bénévolat,Urbaniste; contribuer au développement de Madagascar,Bureau d'études,Génie Civil et Architecture,GCA,Génie Civil et Architecture,False,
P01242,19,F,Itasy,Général,S,,13.72,15.4,15.1,13.6,13.5,13.0,13.5,13.7,12.9,15.6,12.2,11.1,15.0,Economie; Mathematiques; Physique_Chimie,curiosité; aisance relationnelle; raffinage et pétrochimie; sens de l'organisation; esprit d'analyse; hygiène sécurité environnement (HSE),Mécanique; Sport,a participé à un club de robotique ou de modélisme,Ingénieur minier,Terrain/Extérieur,Génie Industriel,ICMP,"Industries Chimiques, Minières et Pétrolières",False,
P01243,18,F,Anosy,Général,L,,12.11,12.8,13.1,10.4,13.0,10.8,12.2,11.8,11.7,14.0,8.0,14.3,13.2,Anglais; Arts; Economie; Francais; Physique_Chimie,persévérance; gestion d'entreprise; aisance relationnelle; management stratégique; sens de l'organisation; négociation et vente internationale; rigueur,Actualité et politique; Entrepreneuriat; Lecture,gère les comptes d'une association d'élèves; a occupé un petit job ou une activité rémunérée pendant les vacances,Manager de PME/PMI; Responsable export; créer sa propre entreprise,Contact clientèle/Relationnel,Droit et Techniques des Affaires,CAA,Commerce et Administration des Affaires,True,EMP
P01244,20,F,Melaky,Général,D,,10.62,10.5,9.0,8.4,13.2,10.4,12.3,10.5,9.4,13.6,10.5,10.4,9.2,Anglais; Economie; Francais; Mathematiques,aisance relationnelle; gestion d'entreprise; sens de l'observation; créativité,Gestion,a participé à un club de débat ou un simulacre de procès au lycée,Responsable export; Analyste de marché,Bureau/Numérique,Droit et Techniques des Affaires,CAA,Commerce et Administration des Affaires,True,EMP
P01245,19,M,Ihorombe,Général,C,,13.49,14.4,12.2,17.3,10.0,15.6,12.6,13.7,13.4,13.4,15.1,10.7,13.5,Informatique; Mathematiques; Philosophie; SVT,rigueur; productions végétales et animales; développement rural; esprit d'analyse; sens de l'organisation; zootechnie et pisciculture,Agriculture; Réseaux sociaux,s'occupe d'un petit élevage ou d'un jardin potager,Consultant en agroécologie; travailler à l'international,Terrain/Extérieur,Biotechnologie et Agronomie,AEE,Agriculture et Élevage,False,
P01246,18,F,Itasy,Général,S,,9.39,10.2,9.2,8.7,9.4,8.7,8.7,12.1,8.6,10.5,7.1,11.4,8.1,Economie; Histoire_Geo; SVT,"créativité; sens de l'organisation; administration de réseaux (GSM, TCP/IP); automatismes (Grafcet, automates)",Électronique; Musique,a effectué un stage d'observation dans un atelier ou une usine,Ingénieur en automatisation et robotique industrielle; Ingénieur en bureau d'études mécanique; avoir un poste à responsabilités,Atelier/Industriel,Génie Industriel,EMII,Électromécanique et Informatique Industrielle,True,ESIIA
P01247,20,F,Androy,Professionnel et technique,DAMB,Industriel,11.18,14.1,12.2,10.2,9.6,9.3,10.6,9.3,13.4,9.6,15.6,11.2,9.1,Malgache; Mathematiques; Philosophie; Physique_Chimie,"notions d'intelligence artificielle; esprit d'analyse; programmation multi-langages (Java, C#, PHP, JavaScript); sens de l'observation; gestion de projets informatiques; sens de l'organisation",Programmation; Lecture,a participé à un club informatique ou de robotique au lycée,Expert en transformation digitale; Développeur Full-Stack (Web & Mobile),Bureau/Numérique,Informatique et Télécommunications,IGGLIA,"Informatique de Gestion, Génie Logiciel et Intelligence Artificielle",False,
P01248,19,M,Itasy,Professionnel et technique,TFFI,Industriel,9.42,11.8,8.2,10.5,8.4,8.2,8.3,11.0,7.8,14.7,7.6,6.5,10.0,Economie; Histoire_Geo; Mathematiques,pilotage et planification de projets; gestion financière prévisionnelle; créativité; aisance relationnelle; analyse économique et économétrie,Entrepreneuriat; Réseaux sociaux,a organisé une petite activité commerciale ou un projet associatif; a participé à un club de débat ou un simulacre de procès au lycée; a occupé un petit job ou une activité rémunérée pendant les vacances,Responsable suivi-évaluation de projets; Planificateur stratégique,Bureau/Numérique,Droit et Techniques des Affaires,EMP,Économie et Management de Projet,False,
P01249,18,M,Androy,Technologique,TGC,Génie civil,14.25,18.1,18.2,13.8,12.2,13.9,15.1,13.7,12.5,12.6,13.2,16.0,11.7,EPS; Mathematiques; Physique_Chimie,conception architecturale (AutoCAD/ArchiCAD); esprit d'équipe; aisance relationnelle,Urbanisme; Architecture; Lecture,a réalisé des maquettes ou des plans de construction pour un projet scolaire; aime dessiner des plans de maisons ou des croquis d'aménagement; participe à des activités associatives ou de bénévolat,Ingénieur en génie civil; Conducteur de travaux,Chantier/BTP,Génie Civil et Architecture,GCA,Génie Civil et Architecture,False,
P01250,18,F,Vatovavy,Professionnel et technique,PCBTP,Génie civil / BTP,12.09,12.7,11.9,11.2,10.6,11.6,12.4,8.9,12.3,16.0,10.3,12.4,14.8,Anglais; Arts; EPS; Economie; Mathematiques,analyse financière et gestion budgétaire; sens de l'observation; autonomie,Actualité et politique,a participé à un club de débat ou un simulacre de procès au lycée,Responsable Marketing,Bureau/Numérique,Droit et Techniques des Affaires,CAA,Commerce et Administration des Affaires,False,
P01251,17,M,Fitovinany,Professionnel et technique,TEV,Agricole,12.11,10.3,14.2,13.6,10.5,11.9,12.9,13.4,9.9,13.2,11.8,10.4,13.2,Economie; Histoire_Geo; Physique_Chimie; SVT,esprit d'analyse; sens de l'observation; biochimie et R&D; transformation agroalimentaire; esprit d'équipe; persévérance; sécurité alimentaire,Agriculture; Nature,aide régulièrement dans l'exploitation agricole familiale; a participé à un club de sciences naturelles ou d'écologie; participe à des activités associatives ou de bénévolat,Consultant qualité; Chef de production,Laboratoire/Recherche,Biotechnologie et Agronomie,IAA,Industries Agroalimentaires,False,
P01252,19,F,Analanjirofo,Professionnel et technique,SS,Tertiaire,9.62,9.9,8.3,9.9,8.0,8.2,10.1,8.3,11.3,12.3,9.5,10.6,9.0,Anglais; Arts; Economie; Mathematiques; Philosophie,comptabilité générale et analytique; esprit d'analyse; esprit d'équipe; sens de l'observation,Entrepreneuriat; Économie,s'intéresse à l'actualité économique et suit des chaînes d'information; a occupé un petit job ou une activité rémunérée pendant les vacances,Directeur Administratif et Financier; Trésorier d'entreprise; créer sa propre entreprise,Contact clientèle/Relationnel,Droit et Techniques des Affaires,FIC,Finances et Comptabilité,False,
P01253,20,M,Atsimo-Atsinanana,Général,C,,11.0,7.5,11.4,12.1,12.6,10.4,13.6,9.8,12.2,9.2,10.3,13.1,9.8,Anglais; Arts; Francais; Philosophie; SVT,persévérance; sensibilisation au tourisme durable; connaissance du patrimoine environnemental et culturel malgache; esprit d'équipe; autonomie,Cultures du monde; Langues étrangères,aime cuisiner et découvrir des plats d'autres cultures; pratique l'anglais ou une autre langue étrangère en autodidacte,Chargé de valorisation touristique et environnementale,Contact clientèle/Relationnel,Tourisme,TEE,Tourisme et Environnement,False,
P01254,17,M,Atsimo-Atsinanana,Professionnel et technique,TMF,Industriel,10.32,14.5,8.2,8.6,10.3,9.1,14.1,10.6,8.1,9.8,11.1,9.2,10.3,Anglais; Histoire_Geo; Informatique; Mathematiques; Physique_Chimie,analyse statistique et probabilités appliquées; rigueur; esprit d'équipe,Technologie,a créé un compte de jeu vidéo compétitif et anime une petite communauté en ligne; a occupé un petit job ou une activité rémunérée pendant les vacances,Data Scientist; Analyste Big Data,Mixte/Itinérant,Informatique et Télécommunications,ISAIA,"Informatique, Statistique Appliquée et Intelligence Artificielle",False,
P01255,20,F,Ihorombe,Professionnel et technique,PCBTP,Génie civil / BTP,10.53,14.4,11.0,10.7,9.6,9.6,7.1,11.6,8.3,11.7,9.9,12.5,10.0,Arts; Economie; Histoire_Geo; Mathematiques; Physique_Chimie,autonomie; persévérance; management stratégique; esprit d'équipe; analyse économique et économétrie; gestion financière prévisionnelle,Gestion; Actualité et politique; Sport,a organisé une petite activité commerciale ou un projet associatif; s'intéresse à l'actualité économique et suit des chaînes d'information; a occupé un petit job ou une activité rémunérée pendant les vacances,Analyste économique,Bureau/Numérique,Droit et Techniques des Affaires,EMP,Économie et Management de Projet,False,
P01256,17,M,Haute Matsiatra,Professionnel et technique,TEV,Agricole,10.17,11.1,9.4,10.1,8.0,9.1,9.3,10.8,9.8,14.7,10.3,8.8,10.6,EPS; Economie; Histoire_Geo,sens de l'organisation; aisance relationnelle; fiscalité d'entreprise; créativité; autonomie,Entrepreneuriat; Débat et droit,gère les comptes d'une association d'élèves; pratique un sport en club depuis plusieurs années,Auditeur financier,Bureau/Numérique,Droit et Techniques des Affaires,FIC,Finances et Comptabilité,True,CAA
P01257,18,M,Amoron'i Mania,Professionnel et technique,TAMB,Industriel,11.93,13.6,13.2,12.9,11.7,11.6,12.1,10.0,7.9,12.4,13.8,9.3,14.7,EPS; Informatique; Mathematiques; Physique_Chimie; SVT,"conception logicielle (UML, Merise); administration de bases de données; curiosité; esprit d'équipe",Technologie; Programmation; Réseaux sociaux,a monté et dépanné des ordinateurs pour son entourage,Chef de projet informatique; avoir un poste à responsabilités,Mixte/Itinérant,Informatique et Télécommunications,IGGLIA,"Informatique de Gestion, Génie Logiciel et Intelligence Artificielle",False,
P01258,19,F,Analanjirofo,Professionnel et technique,TEV,Agricole,13.2,10.8,14.5,10.7,17.2,13.3,16.8,13.3,13.1,11.5,10.4,15.9,10.9,Anglais; Arts; Francais,gestion environnementale de sites touristiques; esprit d'analyse; conception de produits touristiques; autonomie; esprit d'équipe; persévérance,Langues étrangères,pratique l'anglais ou une autre langue étrangère en autodidacte,Organisateur d'événements (MICE); travailler à l'international,Mixte/Itinérant,Tourisme,TEH,"Tourisme, Environnement et Hôtellerie",False,
P01259,20,M,Analamanga,Général,A1,,11.92,12.6,10.7,9.9,13.0,12.1,13.4,13.0,12.2,15.2,10.2,10.3,10.4,Anglais; Francais; Histoire_Geo,persévérance; sens de l'observation; gestion d'entreprise; analyse financière et gestion budgétaire; rigueur,Entrepreneuriat; Gestion,s'intéresse à l'actualité économique et suit des chaînes d'information; a occupé un petit job ou une activité rémunérée pendant les vacances,Gestionnaire administratif et financier,Contact clientèle/Relationnel,Droit et Techniques des Affaires,CAA,Commerce et Administration des Affaires,False,
P01260,18,F,Menabe,Professionnel et technique,CCBTP,Génie civil / BTP,12.43,15.0,12.0,8.9,11.8,10.5,12.7,14.4,12.0,15.6,10.4,10.3,15.6,EPS; Economie; Mathematiques,créativité; stratégie marketing et commerciale; persévérance; gestion d'entreprise; négociation et vente internationale,Gestion; Débat et droit; Réseaux sociaux,a organisé une petite activité commerciale ou un projet associatif; participe à des activités associatives ou de bénévolat,Responsable Marketing; Responsable export; travailler à l'international,Bureau/Numérique,Droit et Techniques des Affaires,CAA,Commerce et Administration des Affaires,False,
P01261,17,F,Haute Matsiatra,Professionnel et technique,TPFM,Industriel,11.69,12.5,16.7,13.8,14.5,12.4,8.2,10.1,10.4,11.7,10.3,8.9,10.8,Anglais; Francais; Physique_Chimie; SVT,persévérance; esprit d'équipe; gestion de production industrielle; conception assistée par ordinateur (AutoCAD),Automobile et aéronautique; Sport,aide régulièrement à l'entretien de véhicules en famille; participe à des activités associatives ou de bénévolat,Ingénieur en électrotechnique; Ingénieur en bureau d'études mécanique; contribuer au développement de Madagascar,Terrain/Extérieur,Génie Industriel,EMII,Électromécanique et Informatique Industrielle,False,
P01262,19,F,Anosy,Professionnel et technique,TPFM,Industriel,14.78,20,12.4,13.1,14.9,12.4,14.2,13.8,15.7,18.1,12.3,13.5,17.0,EPS; Economie; Mathematiques; Philosophie,aisance relationnelle; gestion de trésorerie; persévérance; comptabilité générale et analytique; autonomie; curiosité,Entrepreneuriat; Débat et droit; Réseaux sociaux,a organisé une petite activité commerciale ou un projet associatif,Contrôleur de gestion,Bureau/Numérique,Droit et Techniques des Affaires,FIC,Finances et Comptabilité,False,
P01263,18,F,Atsimo-Atsinanana,Professionnel et technique,MEMA,Industriel,12.38,15.3,12.1,9.0,14.7,10.2,15.5,12.6,10.5,12.3,16.1,8.6,11.7,Anglais; Informatique; Mathematiques,"aisance relationnelle; programmation multi-langages (Java, C#, PHP, JavaScript); esprit d'équipe; développement full-stack; sens de l'observation; esprit d'analyse",Programmation; Lecture,a monté et dépanné des ordinateurs pour son entourage; participe à des activités associatives ou de bénévolat,Ingénieur en génie logiciel,Bureau/Numérique,Informatique et Télécommunications,IGGLIA,"Informatique de Gestion, Génie Logiciel et Intelligence Artificielle",False,
P01264,17,M,Androy,Professionnel et technique,MEMA,Industriel,13.43,14.3,13.5,14.1,14.7,12.8,13.7,11.6,12.6,11.8,13.2,13.2,15.6,EPS; Francais; Mathematiques; SVT,persévérance; développement web et mobile multimédia; sens de l'observation; production et montage audiovisuel,Jeux vidéo; Réseaux sociaux,a monté et dépanné des ordinateurs pour son entourage,Webmaster; Ingénieur en technologies de la communication; avoir un poste à responsabilités,Bureau/Numérique,Informatique et Télécommunications,IMTICIA,"Informatique Multimédia, Technologie de l'Information et de la Communication et Intelligence Artificielle",False,
P01265,19,M,Diana,Professionnel et technique,ACTC,Tertiaire,11.42,8.1,10.5,12.2,11.3,10.7,14.4,13.7,11.6,10.9,11.4,9.3,12.9,Anglais; EPS; Histoire_Geo,esprit d'équipe; autonomie; gestion environnementale de sites touristiques; langues étrangères; persévérance,Cultures du monde,a organisé un voyage ou un événement pour son groupe d'amis,Responsable écotourisme,Mixte/Itinérant,Tourisme,TEH,"Tourisme, Environnement et Hôtellerie",True,TEE
P01266,18,M,Vatovavy,Général,S,,12.11,10.2,9.9,13.1,12.9,11.4,14.1,10.7,13.4,11.9,12.8,13.2,11.7,Anglais; Arts; Philosophie,communication digitale et PAO; curiosité; esprit d'analyse; rigueur; persévérance,Robotique; Lecture,a suivi un tutoriel en ligne de programmation et créé un petit site web personnel; a occupé un petit job ou une activité rémunérée pendant les vacances,UX/UI Designer,Mixte/Itinérant,Informatique et Télécommunications,IMTICIA,"Informatique Multimédia, Technologie de l'Information et de la Communication et Intelligence Artificielle",False,
P01267,17,M,Boeny,Professionnel et technique,TAG,Agricole,13.84,14.0,10.5,15.6,14.5,13.8,11.6,15.3,11.5,17.0,15.8,12.2,14.3,Economie; Informatique; SVT,pilotage et planification de projets; rigueur; créativité,Débat et droit; Bénévolat associatif,gère les comptes d'une association d'élèves,Analyste économique,Bureau/Numérique,Droit et Techniques des Affaires,EMP,Économie et Management de Projet,False,
P01268,20,F,Anosy,Professionnel et technique,TFFI,Industriel,11.45,12.5,11.3,11.4,11.5,12.3,11.6,10.0,11.7,13.1,14.1,10.2,7.7,Economie; Informatique; Mathematiques,esprit d'équipe; persévérance; négociation et vente internationale; autonomie; fiscalité d'entreprise; analyse financière et gestion budgétaire,Gestion; Bénévolat associatif,s'intéresse à l'actualité économique et suit des chaînes d'information,Auditeur financier; Contrôleur de gestion; créer sa propre entreprise,Contact clientèle/Relationnel,Droit et Techniques des Affaires,FIC,Finances et Comptabilité,True,CAA
P01269,17,M,Diana,Professionnel et technique,TEV,Agricole,11.75,12.6,8.5,10.3,10.5,9.7,10.7,14.0,11.0,16.2,11.0,13.2,13.3,EPS; Economie; Histoire_Geo,analyse économique et économétrie; aisance relationnelle; créativité; esprit d'analyse,Gestion; Bénévolat associatif,a participé à un club de débat ou un simulacre de procès au lycée; participe à des activités associatives ou de bénévolat,Consultant en management,Contact clientèle/Relationnel,Droit et Techniques des Affaires,EMP,Économie et Management de Projet,False,
P01270,19,F,Menabe,Professionnel et technique,EN,Industriel,12.97,17.0,11.4,13.3,12.1,13.2,11.7,8.7,12.5,15.2,13.7,14.0,12.8,Arts; Economie; Informatique; Mathematiques,rigueur; autonomie; esprit d'équipe; curiosité; machine learning et deep learning,Jeux vidéo; Sport,a participé à un club informatique ou de robotique au lycée,Responsable Business Intelligence,Bureau/Numérique,Informatique et Télécommunications,ISAIA,"Informatique, Statistique Appliquée et Intelligence Artificielle",False,
P01271,19,F,Sava,Professionnel et technique,PCBTP,Génie civil / BTP,10.47,12.8,8.7,9.9,8.9,10.0,10.6,11.9,8.7,14.5,9.3,11.2,9.1,Economie; Histoire_Geo; Mathematiques,pilotage et planification de projets; créativité; gestion de trésorerie; aisance relationnelle; esprit d'analyse; autonomie,Entrepreneuriat,a organisé une petite activité commerciale ou un projet associatif; pratique un sport en club depuis plusieurs années,Analyste économique; Planificateur stratégique,Bureau/Numérique,Droit et Techniques des Affaires,EMP,Économie et Management de Projet,True,FIC
P01272,20,F,Diana,Professionnel et technique,TFFI,Industriel,9.29,7.5,7.0,11.2,10.4,9.1,12.2,11.1,6.8,8.1,8.8,10.8,8.5,Anglais; Histoire_Geo; SVT,créativité; aisance relationnelle; gestion environnementale de sites touristiques; sens de l'organisation,Gastronomie; Hôtellerie; Bénévolat associatif,a effectué un stage d'observation dans un hôtel ou une agence de voyage; aime cuisiner et découvrir des plats d'autres cultures; participe à des activités associatives ou de bénévolat,Responsable écotourisme; Organisateur d'événements (MICE),Mixte/Itinérant,Tourisme,TEH,"Tourisme, Environnement et Hôtellerie",False,
P01273,18,M,Menabe,Professionnel et technique,TEV,Agricole,13.34,14.2,13.2,17.1,12.2,14.6,13.9,13.7,13.3,10.7,11.6,11.3,14.3,EPS; Malgache; Mathematiques; SVT,aisance relationnelle; hygiène sécurité environnement (HSE); pharmacologie; curiosité; formulation pharmaceutique,Mécanique; Agriculture; Lecture,a effectué un stage d'observation dans un atelier ou une usine,Responsable de production pharmaceutique; Responsable contrôle qualité,Laboratoire/Recherche,Biotechnologie et Agronomie,PIP,Pharmacologie et Industries Pharmaceutiques,True,ICMP
P01274,19,F,Analanjirofo,Général,C,,13.4,13.6,12.6,14.4,11.2,14.7,12.1,12.5,12.3,11.6,18.6,13.3,13.9,EPS; Informatique; Malgache; SVT,"aisance relationnelle; production et montage audiovisuel; sens de l'observation; créativité; conception logicielle (UML, Merise)",Réseaux sociaux et numérique,a créé un compte de jeu vidéo compétitif et anime une petite communauté en ligne; a suivi un tutoriel en ligne de programmation et créé un petit site web personnel,Consultant en systèmes d'information et IA; créer sa propre entreprise,Bureau/Numérique,Informatique et Télécommunications,IGGLIA,"Informatique de Gestion, Génie Logiciel et Intelligence Artificielle",True,IMTICIA
P01275,19,F,Analamanga,Professionnel et technique,TEV,Agricole,15.43,18.6,15.1,20,15.6,15.6,16.0,12.4,15.3,16.2,13.0,13.3,14.1,Anglais; EPS; Economie; Mathematiques,formulation pharmaceutique; créativité; autonomie; sens de l'organisation,Nature; Bénévolat associatif,a réalisé un exposé scolaire sur la santé ou la biologie; participe à des activités associatives ou de bénévolat,Chargé de R&D alimentaire; Consultant qualité,Laboratoire/Recherche,Biotechnologie et Agronomie,IAA,Industries Agroalimentaires,True,PIP
P01276,20,M,Atsinanana,Général,C,,10.08,8.1,12.7,13.6,10.2,9.3,9.7,10.6,9.2,8.6,8.0,11.3,9.7,Arts; EPS; Physique_Chimie; SVT,curiosité; agroécologie et agriculture biologique; sens de l'organisation,Nature; Lecture,a réalisé un exposé scolaire sur la santé ou la biologie,Expert en agri-business,Laboratoire/Recherche,Biotechnologie et Agronomie,AEE,Agriculture et Élevage,False,
P01277,20,M,Androy,Professionnel et technique,ACTC,Tertiaire,11.74,17.6,10.6,9.9,10.9,12.6,11.9,12.3,10.7,11.4,11.2,10.8,11.0,Anglais; EPS; Histoire_Geo; Mathematiques,audit financier; fiscalité d'entreprise; rigueur; gestion de trésorerie; curiosité; autonomie,Économie,a organisé une petite activité commerciale ou un projet associatif; a occupé un petit job ou une activité rémunérée pendant les vacances,Auditeur financier; Directeur Administratif et Financier,Contact clientèle/Relationnel,Droit et Techniques des Affaires,FIC,Finances et Comptabilité,False,
P01278,20,F,Anosy,Professionnel et technique,DAMB,Industriel,12.32,14.1,16.7,11.1,9.9,10.9,14.0,10.2,11.6,11.6,15.4,11.7,10.7,Informatique; Mathematiques; Physique_Chimie,maintenance hardware et microcontrôleurs; persévérance; esprit d'analyse,Programmation; Technologie; Réseaux sociaux,a créé un compte de jeu vidéo compétitif et anime une petite communauté en ligne; a suivi un tutoriel en ligne de programmation et créé un petit site web personnel; participe à des activités associatives ou de bénévolat,Expert en systèmes embarqués et IoT,Bureau/Numérique,Informatique et Télécommunications,ESIIA,"Électronique, Systèmes Informatiques et Intelligence Artificielle",False,
P01279,18,F,Vatovavy,Général,A2,,13.48,13.0,14.3,13.4,14.7,13.7,12.2,13.9,15.3,12.1,13.6,14.1,11.5,Arts; Francais; Histoire_Geo; Philosophie; Physique_Chimie,créativité; aisance relationnelle; rigueur; gestion des litiges commerciaux,Débat et droit; Entrepreneuriat; Bénévolat associatif,s'intéresse à l'actualité économique et suit des chaînes d'information; gère les comptes d'une association d'élèves; pratique un sport en club depuis plusieurs années,Assistant juridique; Expert en contentieux d'affaires,Contact clientèle/Relationnel,Droit et Techniques des Affaires,DTJA,Droit et Techniques Juridiques des Affaires,False,
P01280,20,M,Sava,Général,D,,16.36,17.1,17.4,19.6,13.9,15.8,13.5,16.2,17.8,15.6,18.7,15.1,15.6,Informatique; Philosophie; Physique_Chimie; SVT,phytochimie; sens de l'organisation; persévérance,Animaux,aide régulièrement dans l'exploitation agricole familiale; a participé à un club de sciences naturelles ou d'écologie,Responsable contrôle qualité,Terrain/Extérieur,Biotechnologie et Agronomie,PIP,Pharmacologie et Industries Pharmaceutiques,False,
P01281,19,M,Diana,Professionnel et technique,EN,Industriel,12.12,14.2,10.3,9.6,12.0,10.7,12.8,10.4,13.2,12.8,15.7,10.1,13.6,EPS; Histoire_Geo; Informatique; Philosophie,curiosité; aisance relationnelle; esprit d'équipe; notions d'intelligence artificielle; rigueur; administration de bases de données,Robotique; Programmation; Réseaux sociaux,a participé à un club informatique ou de robotique au lycée; a occupé un petit job ou une activité rémunérée pendant les vacances,Administrateur de bases de données; Développeur Full-Stack (Web & Mobile); avoir un poste à responsabilités,Bureau/Numérique,Informatique et Télécommunications,IGGLIA,"Informatique de Gestion, Génie Logiciel et Intelligence Artificielle",False,
P01282,18,F,Betsiboka,Professionnel et technique,TMEL,Industriel,13.45,14.9,13.2,11.8,14.7,11.4,14.6,10.2,13.6,10.6,17.2,16.3,12.9,Arts; Informatique; Mathematiques; Philosophie,esprit d'équipe; aisance relationnelle; persévérance; production et montage audiovisuel; communication digitale et PAO; esprit d'analyse; développement web et mobile multimédia,Jeux vidéo; Robotique,a suivi un tutoriel en ligne de programmation et créé un petit site web personnel,Développeur multimédia,Bureau/Numérique,Informatique et Télécommunications,IMTICIA,"Informatique Multimédia, Technologie de l'Information et de la Communication et Intelligence Artificielle",False,
P01283,17,F,Diana,Professionnel et technique,CCBTP,Génie civil / BTP,10.43,12.4,11.2,7.7,5.8,11.4,11.7,8.1,10.1,14.1,10.6,10.3,11.7,Anglais; EPS; Economie; Malgache; Mathematiques,analyse économique et économétrie; pilotage et planification de projets; gestion financière prévisionnelle; rigueur; sens de l'organisation; autonomie; aisance relationnelle,Actualité et politique; Économie; Réseaux sociaux,gère les comptes d'une association d'élèves; s'intéresse à l'actualité économique et suit des chaînes d'information,Responsable suivi-évaluation de projets; contribuer au développement de Madagascar,Bureau/Numérique,Droit et Techniques des Affaires,EMP,Économie et Management de Projet,False,
P01284,17,F,Bongolava,Général,D,,13.02,14.9,17.7,13.5,13.9,11.8,10.4,14.1,11.6,11.1,11.5,12.9,12.8,Francais; Histoire_Geo; Mathematiques; Physique_Chimie,"automatismes (Grafcet, automates); esprit d'équipe; rigueur; persévérance; autonomie",Bricolage,a participé à un club informatique ou de robotique au lycée; a occupé un petit job ou une activité rémunérée pendant les vacances,Ingénieur en électrotechnique; Ingénieur en automatisation et robotique industrielle,Mixte/Itinérant,Génie Industriel,EMII,Électromécanique et Informatique Industrielle,True,ESIIA
P01285,18,F,Bongolava,Général,S,,9.47,10.2,12.8,10.6,9.9,7.1,8.1,11.3,6.2,7.2,8.5,11.5,10.2,Arts; Histoire_Geo; Mathematiques; Physique_Chimie; SVT,électronique de puissance; autonomie; conception assistée par ordinateur (AutoCAD); curiosité; persévérance,Bricolage; Réseaux sociaux,a démonté et réparé des appareils électroménagers ou mécaniques par curiosité; a participé à un club de robotique ou de modélisme,Ingénieur en automatisation et robotique industrielle; contribuer au développement de Madagascar,Atelier/Industriel,Génie Industriel,EMII,Électromécanique et Informatique Industrielle,False,
P01286,18,M,Itasy,Technologique,TGC,Génie civil,9.77,9.3,13.6,9.9,10.4,9.9,13.5,6.7,9.4,7.4,10.1,6.6,10.4,Anglais; EPS; Francais; Informatique; Physique_Chimie,curiosité; géotechnique; ingénierie des infrastructures routières et hydrauliques; rigueur,Urbanisme; Dessin et design,a visité un chantier de construction dans le cadre d'un stage d'observation,Urbaniste; Ingénieur en Bureau d'Études; contribuer au développement de Madagascar,Bureau d'études,Génie Civil et Architecture,GCA,Génie Civil et Architecture,False,
P01287,18,M,Alaotra-Mangoro,Technologique,TGI,Industriel,13.78,15.4,16.8,13.0,15.0,15.2,13.9,11.0,13.3,13.4,12.4,10.9,15.0,Malgache; Mathematiques; Physique_Chimie,sens de l'observation; électronique de puissance; gestion de production industrielle; esprit d'équipe; maintenance industrielle pluridisciplinaire; esprit d'analyse,Automobile et aéronautique; Mécanique,a démonté et réparé des appareils électroménagers ou mécaniques par curiosité; a participé à un club de robotique ou de modélisme; participe à des activités associatives ou de bénévolat,Concepteur de systèmes IoT industriels; Ingénieur en bureau d'études mécanique; travailler à l'international,Atelier/Industriel,Génie Industriel,EMII,Électromécanique et Informatique Industrielle,False,
P01288,18,F,Anosy,Professionnel et technique,TMF,Industriel,9.72,10.4,8.5,9.0,10.8,7.9,11.1,9.7,8.6,10.4,11.9,9.3,9.0,Anglais; Francais; Informatique,créativité; esprit d'équipe; audit financier; comptabilité générale et analytique,Gestion; Entrepreneuriat; Sport,a participé à un club de débat ou un simulacre de procès au lycée; participe à des activités associatives ou de bénévolat,Trésorier d'entreprise; Directeur Administratif et Financier,Contact clientèle/Relationnel,Droit et Techniques des Affaires,FIC,Finances et Comptabilité,False,
P01289,17,M,Fitovinany,Technologique,TGI,Industriel,11.8,12.7,13.0,10.1,9.7,9.8,12.9,12.4,13.2,12.1,14.3,9.9,11.5,Anglais; Informatique; Philosophie; Physique_Chimie,persévérance; pilotage et planification de projets; esprit d'analyse,Débat et droit; Lecture,a participé à un club de débat ou un simulacre de procès au lycée,Chef de projet; avoir un métier stable,Bureau/Numérique,Droit et Techniques des Affaires,EMP,Économie et Management de Projet,False,
P01290,19,M,Haute Matsiatra,Général,C,,9.38,11.0,9.7,7.1,9.3,9.1,4.7,11.1,8.1,11.5,12.0,8.2,10.8,Economie; Histoire_Geo; Informatique,management stratégique; gestion financière prévisionnelle; autonomie; pilotage et planification de projets; créativité; persévérance; rigueur,Entrepreneuriat,s'intéresse à l'actualité économique et suit des chaînes d'information,Planificateur stratégique; Analyste économique,Bureau/Numérique,Droit et Techniques des Affaires,EMP,Économie et Management de Projet,False,
P01291,18,F,Analamanga,Professionnel et technique,TMEL,Industriel,9.81,8.5,9.8,10.3,11.2,10.4,12.0,12.5,8.6,7.8,9.1,7.9,9.6,Anglais; Francais; Histoire_Geo; Malgache; SVT,"administration de bases de données; sens de l'organisation; persévérance; conception logicielle (UML, Merise)",Jeux vidéo; Robotique; Lecture,a monté et dépanné des ordinateurs pour son entourage,Ingénieur en génie logiciel; Administrateur de bases de données,Mixte/Itinérant,Informatique et Télécommunications,IGGLIA,"Informatique de Gestion, Génie Logiciel et Intelligence Artificielle",False,
P01292,18,F,Betsiboka,Professionnel et technique,TAMB,Industriel,14.34,14.8,15.4,14.2,13.8,15.1,14.8,14.1,14.8,14.8,14.5,13.1,12.7,Malgache; Physique_Chimie; SVT,curiosité; aisance relationnelle; machine learning et deep learning; traitement de données massives (Big Data),Jeux vidéo; Programmation,a monté et dépanné des ordinateurs pour son entourage; a suivi un tutoriel en ligne de programmation et créé un petit site web personnel,Statisticien financier; Responsable Business Intelligence,Mixte/Itinérant,Informatique et Télécommunications,ISAIA,"Informatique, Statistique Appliquée et Intelligence Artificielle",False,
P01293,17,F,Alaotra-Mangoro,Général,S,,11.36,9.9,13.5,17.5,12.2,12.2,9.3,12.5,7.4,10.2,9.5,9.9,12.2,Francais; Histoire_Geo; Malgache; Physique_Chimie; SVT,sens de l'organisation; esprit d'analyse; rigueur; exploitation minière et géologie; créativité,Industrie; Santé,aide régulièrement dans l'exploitation agricole familiale; a réalisé un exposé scolaire sur la santé ou la biologie,Responsable de production pharmaceutique; contribuer au développement de Madagascar,Terrain/Extérieur,Biotechnologie et Agronomie,PIP,Pharmacologie et Industries Pharmaceutiques,True,ICMP
P01294,17,M,Menabe,Professionnel et technique,TOM,Industriel,11.03,15.8,10.9,9.0,8.6,10.2,10.0,10.5,10.3,12.4,15.3,10.6,8.8,Arts; Economie; Informatique; Mathematiques; Physique_Chimie,persévérance; machine learning et deep learning; traitement de données massives (Big Data); esprit d'analyse,Jeux vidéo,a suivi un tutoriel en ligne de programmation et créé un petit site web personnel; a créé un compte de jeu vidéo compétitif et anime une petite communauté en ligne,Data Scientist; contribuer au développement de Madagascar,Bureau/Numérique,Informatique et Télécommunications,ISAIA,"Informatique, Statistique Appliquée et Intelligence Artificielle",False,
P01295,18,F,Melaky,Professionnel et technique,TMEL,Industriel,10.62,13.0,12.2,7.4,8.7,10.9,9.0,8.1,10.9,9.0,16.8,8.3,13.1,EPS; Informatique; Mathematiques; Physique_Chimie,"créativité; conception logicielle (UML, Merise); gestion de projets informatiques; sens de l'observation",Réseaux sociaux et numérique; Technologie,a monté et dépanné des ordinateurs pour son entourage,Administrateur de bases de données; Consultant en systèmes d'information et IA; contribuer au développement de Madagascar,Mixte/Itinérant,Informatique et Télécommunications,IGGLIA,"Informatique de Gestion, Génie Logiciel et Intelligence Artificielle",False,
P01296,19,F,Haute Matsiatra,Technologique,TGI,Industriel,10.29,16.6,10.9,10.6,13.0,8.5,7.5,9.4,8.2,12.6,12.3,7.7,6.2,Economie; Francais; Mathematiques,autonomie; analyse statistique et probabilités appliquées; sens de l'observation; business intelligence; persévérance; sens de l'organisation,Jeux vidéo; Réseaux sociaux,a créé un compte de jeu vidéo compétitif et anime une petite communauté en ligne,Ingénieur Machine Learning; Statisticien financier,Bureau/Numérique,Informatique et Télécommunications,ISAIA,"Informatique, Statistique Appliquée et Intelligence Artificielle",False,
P01297,19,M,Boeny,Technologique,TTER,Tertiaire,14.93,14.1,12.6,15.3,16.4,17.6,14.9,13.9,17.6,13.3,13.5,13.7,16.3,Francais; Malgache; Philosophie,curiosité; stratégie marketing et commerciale; autonomie; droit des contrats et des sociétés; esprit d'analyse; analyse financière et gestion budgétaire,Actualité et politique; Bénévolat associatif,a organisé une petite activité commerciale ou un projet associatif; gère les comptes d'une association d'élèves,Juriste d'affaires,Bureau/Numérique,Droit et Techniques des Affaires,DTJA,Droit et Techniques Juridiques des Affaires,True,CAA
P01298,20,M,Androy,Général,D,,8.66,10.8,10.5,7.4,6.0,8.3,8.9,8.1,10.1,13.2,5.5,8.5,6.6,Anglais; Economie; Mathematiques; Philosophie; Physique_Chimie,persévérance; audit financier; sens de l'organisation; rigueur,Actualité et politique; Économie; Lecture,a organisé une petite activité commerciale ou un projet associatif; a occupé un petit job ou une activité rémunérée pendant les vacances,Auditeur financier; Chef Comptable,Contact clientèle/Relationnel,Droit et Techniques des Affaires,FIC,Finances et Comptabilité,False,
P01299,19,F,Diana,Professionnel et technique,MEMA,Industriel,10.81,11.8,13.7,12.8,11.6,10.9,8.9,7.9,10.8,11.3,10.8,11.9,7.3,Francais; Malgache; Mathematiques; Physique_Chimie; SVT,persévérance; curiosité; hygiène sécurité environnement (HSE); exploitation minière et géologie; créativité,Mécanique; Électronique,a démonté et réparé des appareils électroménagers ou mécaniques par curiosité; a participé à un club de robotique ou de modélisme,Ingénieur pétrolier; créer sa propre entreprise,Atelier/Industriel,Génie Industriel,ICMP,"Industries Chimiques, Minières et Pétrolières",False,
P01300,18,F,Atsimo-Atsinanana,Général,A1,,10.01,7.4,8.1,10.5,9.4,8.2,11.3,9.8,11.6,14.3,8.9,11.5,9.1,Arts; Philosophie,sens de l'organisation; aisance relationnelle; autonomie; analyse financière et gestion budgétaire; persévérance,Gestion; Débat et droit; Bénévolat associatif,a organisé une petite activité commerciale ou un projet associatif,Responsable commercial,Contact clientèle/Relationnel,Droit et Techniques des Affaires,CAA,Commerce et Administration des Affaires,False,
P01301,17,M,Vatovavy,Professionnel et technique,TAMB,Industriel,11.62,17.8,14.6,9.0,11.5,11.1,8.1,11.0,9.5,12.7,12.6,11.1,10.4,Economie; Francais; Informatique; Mathematiques; Physique_Chimie,esprit d'équipe; esprit d'analyse; gestion de projets informatiques,Jeux vidéo; Robotique; Musique,a créé un compte de jeu vidéo compétitif et anime une petite communauté en ligne; a monté et dépanné des ordinateurs pour son entourage,Responsable Business Intelligence,Mixte/Itinérant,Informatique et Télécommunications,ISAIA,"Informatique, Statistique Appliquée et Intelligence Artificielle",True,IGGLIA
P01302,19,M,Sofia,Général,S,,13.74,16.3,17.0,12.6,9.9,11.1,12.5,12.2,15.5,14.9,15.4,14.2,13.3,Mathematiques; Philosophie; Physique_Chimie,calcul de structures (RDM); sens de l'observation; créativité; rigueur; géotechnique; autonomie; conception architecturale (AutoCAD/ArchiCAD),Construction; Architecture; Réseaux sociaux,aime dessiner des plans de maisons ou des croquis d'aménagement; a occupé un petit job ou une activité rémunérée pendant les vacances,Entrepreneur en BTP; Ingénieur en Bureau d'Études,Chantier/BTP,Génie Civil et Architecture,GCA,Génie Civil et Architecture,True,
P01303,19,M,Atsimo-Andrefana,Professionnel et technique,DAMB,Industriel,14.27,12.0,15.1,10.9,15.4,14.9,15.3,13.5,15.3,14.7,15.6,15.0,13.5,Anglais; Francais; Philosophie; Physique_Chimie; SVT,créativité; analyse financière et gestion budgétaire; aisance relationnelle; curiosité; négociation et vente internationale; sens de l'observation,Débat et droit; Économie,s'intéresse à l'actualité économique et suit des chaînes d'information,Gestionnaire administratif et financier,Bureau/Numérique,Droit et Techniques des Affaires,CAA,Commerce et Administration des Affaires,False,
P01304,19,F,Bongolava,Professionnel et technique,TPFM,Industriel,12.75,11.9,12.0,13.2,15.0,10.8,13.3,12.8,11.5,17.5,12.1,11.6,11.3,Anglais; Economie; Francais,curiosité; analyse financière et gestion budgétaire; sens de l'observation; créativité,Économie; Entrepreneuriat; Bénévolat associatif,a organisé une petite activité commerciale ou un projet associatif; a occupé un petit job ou une activité rémunérée pendant les vacances,Analyste de marché,Bureau/Numérique,Droit et Techniques des Affaires,CAA,Commerce et Administration des Affaires,False,
P01305,19,F,Analanjirofo,Technologique,TGC,Génie civil,15.64,15.7,14.2,15.4,15.8,15.3,14.1,15.9,16.1,18.9,14.8,16.1,15.4,Arts; Economie; Histoire_Geo; Malgache,sens de l'observation; curiosité; esprit d'équipe; persévérance; audit financier,Gestion; Débat et droit; Réseaux sociaux,gère les comptes d'une association d'élèves; a occupé un petit job ou une activité rémunérée pendant les vacances,Contrôleur de gestion; Directeur Administratif et Financier,Contact clientèle/Relationnel,Droit et Techniques des Affaires,FIC,Finances et Comptabilité,False,
P01306,20,M,Atsimo-Atsinanana,Professionnel et technique,TPFM,Industriel,14.03,18.2,12.0,15.0,14.3,11.7,12.1,14.2,14.7,14.8,15.5,11.6,14.2,Informatique; Mathematiques; SVT,curiosité; sens de l'observation; esprit d'équipe; aisance relationnelle; traitement de données massives (Big Data),Jeux vidéo; Technologie,a participé à un club informatique ou de robotique au lycée; a suivi un tutoriel en ligne de programmation et créé un petit site web personnel,Responsable Business Intelligence; Statisticien financier,Bureau/Numérique,Informatique et Télécommunications,ISAIA,"Informatique, Statistique Appliquée et Intelligence Artificielle",False,
P01307,17,M,Melaky,Professionnel et technique,TEV,Agricole,9.01,10.2,8.4,10.6,8.4,8.2,8.3,8.9,10.6,8.5,9.5,8.4,8.1,Informatique; Mathematiques; Philosophie; SVT,formulation pharmaceutique; phytochimie; sens de l'organisation; sens de l'observation; pharmacologie; autonomie; esprit d'analyse,Animaux; Agriculture; Sport,a réalisé un exposé scolaire sur la santé ou la biologie,Chercheur en phyto-médicaments; Ingénieur de laboratoire médical; contribuer au développement de Madagascar,Terrain/Extérieur,Biotechnologie et Agronomie,PIP,Pharmacologie et Industries Pharmaceutiques,False,
P01308,20,F,Fitovinany,Professionnel et technique,TOM,Industriel,8.47,8.2,10.7,8.6,11.3,8.9,6.7,6.2,7.2,4.9,11.6,9.1,8.2,Arts; Francais; Informatique; Malgache; Physique_Chimie,"électronique de puissance; gestion de production industrielle; automatismes (Grafcet, automates); curiosité; sens de l'organisation; créativité",Automobile et aéronautique; Musique,a participé à un club de robotique ou de modélisme; aide régulièrement à l'entretien de véhicules en famille; pratique un sport en club depuis plusieurs années,Ingénieur en automatisation et robotique industrielle,Atelier/Industriel,Génie Industriel,EMII,Électromécanique et Informatique Industrielle,False,
P01309,20,M,Analanjirofo,Professionnel et technique,TAMB,Industriel,10.62,10.7,10.5,12.0,10.8,10.4,9.9,11.0,9.5,12.0,13.4,7.3,10.0,EPS; Economie; Francais; Informatique; SVT,sens de l'observation; rigueur; esprit d'analyse; traitement de données massives (Big Data),Jeux vidéo,a monté et dépanné des ordinateurs pour son entourage; participe à des activités associatives ou de bénévolat,Data Scientist; Statisticien financier; contribuer au développement de Madagascar,Mixte/Itinérant,Informatique et Télécommunications,ISAIA,"Informatique, Statistique Appliquée et Intelligence Artificielle",False,
P01310,19,F,Sofia,Technologique,TTER,Tertiaire,13.19,17.5,11.4,10.5,13.0,14.7,12.6,9.8,11.1,16.2,13.4,12.8,15.3,EPS; Economie; Informatique; Malgache; Mathematiques,gestion de trésorerie; curiosité; autonomie; sens de l'organisation; esprit d'équipe,Entrepreneuriat; Débat et droit; Lecture,a organisé une petite activité commerciale ou un projet associatif; gère les comptes d'une association d'élèves,Chef Comptable; Auditeur financier; créer sa propre entreprise,Bureau/Numérique,Droit et Techniques des Affaires,FIC,Finances et Comptabilité,False,
P01311,17,F,Alaotra-Mangoro,Professionnel et technique,TEV,Agricole,11.04,13.0,12.5,13.0,8.2,10.6,10.1,12.8,7.3,14.1,11.5,10.9,8.5,Economie; Mathematiques; SVT,esprit d'analyse; rigueur; fiscalité d'entreprise; persévérance; gestion de trésorerie; management stratégique,Actualité et politique; Entrepreneuriat; Musique,a participé à un club de débat ou un simulacre de procès au lycée; pratique un sport en club depuis plusieurs années,Chef de projet,Bureau/Numérique,Droit et Techniques des Affaires,EMP,Économie et Management de Projet,True,FIC
P01312,20,M,Atsinanana,Technologique,TGI,Industriel,11.45,10.6,10.0,10.3,11.3,11.2,11.7,6.8,15.8,10.7,13.6,13.9,11.5,Anglais; Arts; Philosophie; Physique_Chimie,communication digitale et PAO; design UI/UX; créativité; persévérance; sens de l'organisation,Réseaux sociaux et numérique,a créé un compte de jeu vidéo compétitif et anime une petite communauté en ligne; a occupé un petit job ou une activité rémunérée pendant les vacances,UX/UI Designer; Ingénieur en technologies de la communication; créer sa propre entreprise,Mixte/Itinérant,Informatique et Télécommunications,IMTICIA,"Informatique Multimédia, Technologie de l'Information et de la Communication et Intelligence Artificielle",False,
P01313,17,F,Atsimo-Atsinanana,Technologique,TTER,Tertiaire,12.0,12.5,12.5,13.4,13.0,13.4,13.4,14.0,10.5,13.0,7.8,9.8,10.7,Anglais; Histoire_Geo; Malgache; SVT,connaissance du patrimoine environnemental et culturel malgache; autonomie; sensibilisation au tourisme durable; créativité,Gastronomie,a effectué un stage d'observation dans un hôtel ou une agence de voyage; aime cuisiner et découvrir des plats d'autres cultures,Professionnel du secteur du tourisme; contribuer au développement de Madagascar,Mixte/Itinérant,Tourisme,TEE,Tourisme et Environnement,False,
P01314,18,M,Itasy,Général,A2,,13.62,12.1,12.4,14.9,15.9,12.1,12.9,13.4,15.3,20,11.7,10.9,11.8,Economie; Francais; Mathematiques,créativité; sens de l'observation; pilotage et planification de projets,Actualité et politique; Économie,a participé à un club de débat ou un simulacre de procès au lycée; a organisé une petite activité commerciale ou un projet associatif,Responsable Marketing,Contact clientèle/Relationnel,Droit et Techniques des Affaires,CAA,Commerce et Administration des Affaires,True,EMP
P01315,18,M,Analamanga,Technologique,TGI,Industriel,10.25,8.5,12.8,13.6,10.9,10.3,11.9,7.4,11.0,10.4,8.9,8.7,8.6,Anglais; Francais; Philosophie; Physique_Chimie; SVT,esprit d'équipe; autonomie; créativité; raffinage et pétrochimie,Bricolage; Réseaux sociaux,a participé à un club de robotique ou de modélisme; aide régulièrement à l'entretien de véhicules en famille,Ingénieur minier; Responsable HSE; créer sa propre entreprise,Atelier/Industriel,Génie Industriel,ICMP,"Industries Chimiques, Minières et Pétrolières",False,
P01316,18,M,Atsimo-Andrefana,Technologique,TGC,Génie civil,14.69,15.8,12.2,14.2,15.3,16.0,14.7,15.5,15.9,12.4,14.1,15.9,14.3,Arts; Histoire_Geo; Malgache; Mathematiques; Philosophie,persévérance; gestion d'entreprise; sens de l'observation; sens de l'organisation; stratégie marketing et commerciale; analyse financière et gestion budgétaire; esprit d'analyse,Entrepreneuriat,gère les comptes d'une association d'élèves,Gestionnaire administratif et financier,Contact clientèle/Relationnel,Droit et Techniques des Affaires,CAA,Commerce et Administration des Affaires,False,
P01317,18,F,Diana,Professionnel et technique,TMEL,Industriel,12.55,13.7,11.2,12.2,14.1,14.0,12.7,13.0,10.5,10.7,14.1,13.2,11.2,Francais; Informatique; Malgache,gestion environnementale de sites touristiques; créativité; curiosité; esprit d'équipe; sens de l'observation,Cultures du monde; Sport,a effectué un stage d'observation dans un hôtel ou une agence de voyage; pratique l'anglais ou une autre langue étrangère en autodidacte,Directeur d'établissement hôtelier; avoir un poste à responsabilités,Mixte/Itinérant,Tourisme,TEH,"Tourisme, Environnement et Hôtellerie",False,
P01318,17,F,Atsinanana,Professionnel et technique,TMA,Industriel,13.16,12.5,14.7,13.2,11.4,11.7,12.0,13.8,14.2,16.5,13.6,12.0,12.3,Economie; Philosophie; Physique_Chimie,esprit d'équipe; développement web et mobile multimédia; communication digitale et PAO; curiosité; production et montage audiovisuel; aisance relationnelle,Robotique; Réseaux sociaux et numérique; Lecture,a créé un compte de jeu vidéo compétitif et anime une petite communauté en ligne,Webmaster; Spécialiste en communication digitale / Community Manager,Bureau/Numérique,Informatique et Télécommunications,IMTICIA,"Informatique Multimédia, Technologie de l'Information et de la Communication et Intelligence Artificielle",False,
P01319,18,F,Sava,Général,S,,9.43,9.1,12.5,10.4,8.6,10.2,9.5,9.0,9.5,7.1,10.8,8.2,8.2,Anglais; Informatique; Malgache; Physique_Chimie; SVT,persévérance; normes HACCP et microbiologie; esprit d'équipe,Environnement,a réalisé un exposé scolaire sur la santé ou la biologie; pratique un sport en club depuis plusieurs années,Responsable Qualité et Hygiène; contribuer au développement de Madagascar,Terrain/Extérieur,Biotechnologie et Agronomie,IAA,Industries Agroalimentaires,False,
P01320,19,M,Vakinankaratra,Général,D,,12.88,14.5,15.1,12.1,12.6,13.4,9.3,12.1,10.9,13.6,13.4,12.4,15.2,Economie; Histoire_Geo; Malgache; Mathematiques; Physique_Chimie,autonomie; ingénierie des infrastructures routières et hydrauliques; persévérance; esprit d'analyse,Dessin et design; Lecture,a visité un chantier de construction dans le cadre d'un stage d'observation; aime dessiner des plans de maisons ou des croquis d'aménagement; a occupé un petit job ou une activité rémunérée pendant les vacances,Urbaniste; Ingénieur en Bureau d'Études; avoir un métier stable,Chantier/BTP,Génie Civil et Architecture,GCA,Génie Civil et Architecture,False,
P01321,18,F,Betsiboka,Professionnel et technique,TMEL,Industriel,11.82,13.3,10.3,8.9,14.3,13.6,10.0,12.1,16.7,10.7,9.8,9.6,12.5,Arts; Francais; Malgache,esprit d'analyse; gestion des litiges commerciaux; rigueur; autonomie; droit des contrats et des sociétés,Entrepreneuriat; Actualité et politique; Sport,gère les comptes d'une association d'élèves; a participé à un club de débat ou un simulacre de procès au lycée,Responsable des ressources humaines (volet juridique),Contact clientèle/Relationnel,Droit et Techniques des Affaires,DTJA,Droit et Techniques Juridiques des Affaires,True,CAA
P01322,17,M,Melaky,Général,S,,11.54,12.8,12.8,10.1,12.3,10.5,12.6,9.5,9.8,11.4,13.6,10.8,12.3,Anglais; Informatique; Mathematiques; Physique_Chimie,esprit d'équipe; rigueur; persévérance; curiosité; analyse statistique et probabilités appliquées,Réseaux sociaux et numérique; Sport,a créé un compte de jeu vidéo compétitif et anime une petite communauté en ligne,Analyste Big Data; contribuer au développement de Madagascar,Bureau/Numérique,Informatique et Télécommunications,ISAIA,"Informatique, Statistique Appliquée et Intelligence Artificielle",False,
P01323,20,F,Androy,Professionnel et technique,TAG,Agricole,11.62,9.4,12.2,16.9,9.0,10.7,11.1,13.5,10.7,12.8,9.1,11.8,12.2,Economie; Histoire_Geo; SVT,autonomie; créativité; développement rural; agroécologie et agriculture biologique,Animaux; Bénévolat associatif,s'occupe d'un petit élevage ou d'un jardin potager; a participé à un club de sciences naturelles ou d'écologie; a occupé un petit job ou une activité rémunérée pendant les vacances,Expert en agri-business; travailler à l'international,Laboratoire/Recherche,Biotechnologie et Agronomie,AEE,Agriculture et Élevage,False,
P01324,19,F,Anosy,Professionnel et technique,ACTC,Tertiaire,9.93,7.8,10.3,6.5,13.1,11.8,10.3,11.9,9.6,9.4,11.4,8.7,8.4,Francais; Histoire_Geo; Informatique; Malgache,créativité; esprit d'équipe; persévérance; sens de l'observation; connaissance du patrimoine environnemental et culturel malgache,Langues étrangères; Sport,pratique l'anglais ou une autre langue étrangère en autodidacte; a effectué un stage d'observation dans un hôtel ou une agence de voyage,Chargé de valorisation touristique et environnementale; Professionnel du secteur du tourisme,Mixte/Itinérant,Tourisme,TEE,Tourisme et Environnement,False,
P01325,20,M,Itasy,Technologique,TGI,Industriel,12.34,14.6,13.7,13.3,10.7,12.8,10.4,8.3,10.4,13.7,16.8,12.3,11.1,Economie; Informatique; Mathematiques; Physique_Chimie,"esprit d'équipe; esprit d'analyse; programmation multi-langages (Java, C#, PHP, JavaScript); gestion de projets informatiques; développement full-stack; sens de l'observation",Technologie; Jeux vidéo,a créé un compte de jeu vidéo compétitif et anime une petite communauté en ligne; a suivi un tutoriel en ligne de programmation et créé un petit site web personnel; a occupé un petit job ou une activité rémunérée pendant les vacances,Administrateur de bases de données,Bureau/Numérique,Informatique et Télécommunications,IGGLIA,"Informatique de Gestion, Génie Logiciel et Intelligence Artificielle",False,
P01326,20,M,Diana,Général,S,,9.03,13.2,6.9,6.7,7.0,7.2,12.7,8.6,7.8,9.2,13.0,6.7,9.3,Anglais; Informatique; Mathematiques,analyse statistique et probabilités appliquées; business intelligence; esprit d'analyse; créativité; esprit d'équipe,Technologie; Musique,a créé un compte de jeu vidéo compétitif et anime une petite communauté en ligne; a suivi un tutoriel en ligne de programmation et créé un petit site web personnel,Ingénieur Machine Learning; Statisticien financier,Mixte/Itinérant,Informatique et Télécommunications,ISAIA,"Informatique, Statistique Appliquée et Intelligence Artificielle",False,
P01327,20,F,Alaotra-Mangoro,Professionnel et technique,TPFM,Industriel,11.64,8.1,12.1,11.6,13.8,13.8,11.7,11.5,14.0,9.5,12.1,10.3,11.2,Francais; Informatique; Malgache; Philosophie; Physique_Chimie,aisance relationnelle; rédaction d'actes juridiques; curiosité; droit foncier et minier,Débat et droit; Lecture,a participé à un club de débat ou un simulacre de procès au lycée; a organisé une petite activité commerciale ou un projet associatif; pratique un sport en club depuis plusieurs années,Juriste d'affaires; Responsable des ressources humaines (volet juridique),Bureau/Numérique,Droit et Techniques des Affaires,DTJA,Droit et Techniques Juridiques des Affaires,False,
P01328,17,M,Vakinankaratra,Professionnel et technique,TMF,Industriel,11.93,11.2,16.4,10.0,12.9,10.4,12.2,12.1,10.2,12.4,12.5,11.0,11.8,Economie; Francais; Informatique; Physique_Chimie,sens de l'observation; aisance relationnelle; gestion de production industrielle; rigueur; sens de l'organisation,Automobile et aéronautique; Bricolage; Lecture,a démonté et réparé des appareils électroménagers ou mécaniques par curiosité; aide régulièrement à l'entretien de véhicules en famille; participe à des activités associatives ou de bénévolat,Ingénieur en automatisation et robotique industrielle; Ingénieur en maintenance industrielle; avoir un poste à responsabilités,Terrain/Extérieur,Génie Industriel,EMII,Électromécanique et Informatique Industrielle,False,
P01329,18,M,Analamanga,Professionnel et technique,CCBTP,Génie civil / BTP,12.88,12.5,10.9,12.4,13.5,13.7,13.2,10.6,14.4,17.8,8.9,11.2,15.5,EPS; Economie; Francais; Malgache; Philosophie,analyse financière et gestion budgétaire; négociation et vente internationale; créativité; curiosité,Gestion; Entrepreneuriat; Lecture,a organisé une petite activité commerciale ou un projet associatif; a occupé un petit job ou une activité rémunérée pendant les vacances,Responsable export,Contact clientèle/Relationnel,Droit et Techniques des Affaires,CAA,Commerce et Administration des Affaires,False,
P01330,19,M,Melaky,Général,C,,9.82,10.2,8.2,14.2,9.6,10.1,6.2,10.0,11.0,13.4,7.6,8.5,8.9,Economie; Mathematiques; Philosophie; SVT,productions végétales et animales; sens de l'organisation; esprit d'équipe; agroécologie et agriculture biologique,Santé,aide régulièrement dans l'exploitation agricole familiale; a participé à un club de sciences naturelles ou d'écologie; a occupé un petit job ou une activité rémunérée pendant les vacances,Conseiller agricole,Terrain/Extérieur,Biotechnologie et Agronomie,AEE,Agriculture et Élevage,False,
P01331,19,M,Atsimo-Andrefana,Professionnel et technique,EN,Industriel,12.97,14.0,14.1,13.9,11.0,11.2,13.5,12.7,14.0,14.3,12.8,11.9,12.2,Economie; Mathematiques; Philosophie; Physique_Chimie; SVT,curiosité; rigueur; pilotage et planification de projets; sens de l'observation; gestion financière prévisionnelle; sens de l'organisation,Actualité et politique; Débat et droit; Sport,s'intéresse à l'actualité économique et suit des chaînes d'information; gère les comptes d'une association d'élèves; a occupé un petit job ou une activité rémunérée pendant les vacances,Analyste économique; Chef de projet; contribuer au développement de Madagascar,Bureau/Numérique,Droit et Techniques des Affaires,EMP,Économie et Management de Projet,False,
P01332,20,M,Bongolava,Professionnel et technique,TPFM,Industriel,13.72,14.0,10.4,11.7,15.5,15.4,15.6,13.6,12.2,12.5,15.8,16.6,11.4,Anglais; Arts; Francais; Informatique; Malgache,persévérance; design UI/UX; aisance relationnelle; esprit d'équipe; gestion de projets informatiques; autonomie,Technologie; Réseaux sociaux et numérique,a créé un compte de jeu vidéo compétitif et anime une petite communauté en ligne; a suivi un tutoriel en ligne de programmation et créé un petit site web personnel,UX/UI Designer; Développeur multimédia,Bureau/Numérique,Informatique et Télécommunications,IMTICIA,"Informatique Multimédia, Technologie de l'Information et de la Communication et Intelligence Artificielle",True,IGGLIA
P01333,20,F,Itasy,Général,S,,13.83,12.3,15.6,13.7,16.4,12.2,14.4,15.3,13.5,11.3,18.2,9.4,13.7,Economie; Informatique; Physique_Chimie,curiosité; sens de l'organisation; maintenance hardware et microcontrôleurs,Technologie; Réseaux sociaux,a participé à un club informatique ou de robotique au lycée; a créé un compte de jeu vidéo compétitif et anime une petite communauté en ligne; participe à des activités associatives ou de bénévolat,Architecte Hardware; Ingénieur système et réseau,Mixte/Itinérant,Informatique et Télécommunications,ESIIA,"Électronique, Systèmes Informatiques et Intelligence Artificielle",False,
P01334,17,M,Amoron'i Mania,Professionnel et technique,TAG,Agricole,15.26,16.6,17.4,11.5,14.1,15.3,12.6,15.0,16.5,17.4,16.3,15.0,15.4,Economie; Mathematiques; Physique_Chimie,management stratégique; analyse économique et économétrie; créativité; aisance relationnelle; rigueur; esprit d'équipe; pilotage et planification de projets,Gestion; Entrepreneuriat; Musique,a organisé une petite activité commerciale ou un projet associatif,Planificateur stratégique; Responsable suivi-évaluation de projets,Contact clientèle/Relationnel,Droit et Techniques des Affaires,EMP,Économie et Management de Projet,False,
P01335,20,M,Melaky,Technologique,TTER,Tertiaire,13.3,14.4,14.7,13.4,13.6,14.5,12.5,8.0,15.3,13.0,14.2,13.5,12.5,Malgache; Mathematiques; Philosophie; Physique_Chimie,curiosité; persévérance; esprit d'analyse; stratégie marketing et commerciale,Économie; Entrepreneuriat; Lecture,gère les comptes d'une association d'élèves; s'intéresse à l'actualité économique et suit des chaînes d'information; participe à des activités associatives ou de bénévolat,Analyste de marché; Manager de PME/PMI,Bureau/Numérique,Droit et Techniques des Affaires,CAA,Commerce et Administration des Affaires,False,
P01336,17,F,Alaotra-Mangoro,Général,D,,12.53,13.4,11.9,10.2,12.2,12.8,13.7,13.9,15.0,12.5,9.9,15.0,9.8,Anglais; Arts; Histoire_Geo; Mathematiques; Philosophie,sens de l'observation; géotechnique; esprit d'équipe; créativité,Urbanisme; Construction,aime dessiner des plans de maisons ou des croquis d'aménagement,Ingénieur en Bureau d'Études; Urbaniste,Chantier/BTP,Génie Civil et Architecture,GCA,Génie Civil et Architecture,False,
P01337,20,M,Analamanga,Général,D,,16.74,18.1,16.2,14.2,17.9,16.0,20,17.2,16.3,16.0,17.5,15.3,16.2,Anglais; Francais; Mathematiques,sens de l'organisation; aisance relationnelle; connaissance du patrimoine environnemental et culturel malgache; rigueur,Voyage; Langues étrangères,pratique l'anglais ou une autre langue étrangère en autodidacte,Professionnel du secteur du tourisme,Mixte/Itinérant,Tourisme,TEE,Tourisme et Environnement,False,
P01338,20,F,Analanjirofo,Général,S,,14.26,17.5,15.5,12.8,12.9,13.4,13.2,16.3,16.4,14.9,15.3,11.0,11.9,Histoire_Geo; Mathematiques; Philosophie,sens de l'organisation; gestion de production industrielle; esprit d'analyse; électronique de puissance; esprit d'équipe,Mécanique; Bricolage,a démonté et réparé des appareils électroménagers ou mécaniques par curiosité; aide régulièrement à l'entretien de véhicules en famille; a occupé un petit job ou une activité rémunérée pendant les vacances,Concepteur de systèmes IoT industriels; Ingénieur en bureau d'études mécanique,Atelier/Industriel,Génie Industriel,EMII,Électromécanique et Informatique Industrielle,False,
P01339,19,M,Analamanga,Professionnel et technique,TPFM,Industriel,13.11,11.8,12.8,12.3,13.5,11.0,14.1,12.2,11.4,14.3,15.3,14.8,13.8,Anglais; Arts; Economie; Informatique; SVT,autonomie; communication digitale et PAO; créativité; sens de l'observation; persévérance; développement web et mobile multimédia,Programmation; Technologie,a participé à un club informatique ou de robotique au lycée; a occupé un petit job ou une activité rémunérée pendant les vacances,Spécialiste en communication digitale / Community Manager,Bureau/Numérique,Informatique et Télécommunications,IMTICIA,"Informatique Multimédia, Technologie de l'Information et de la Communication et Intelligence Artificielle",False,
P01340,20,M,Sava,Technologique,TGC,Génie civil,10.88,10.2,10.9,8.6,11.7,11.4,12.2,11.6,13.1,11.6,8.4,10.5,10.3,Anglais; Francais; Histoire_Geo; Philosophie,esprit d'équipe; management hôtelier et restauration; esprit d'analyse; gestion environnementale de sites touristiques; persévérance,Hôtellerie; Voyage,aime cuisiner et découvrir des plats d'autres cultures; pratique un sport en club depuis plusieurs années,Organisateur d'événements (MICE); contribuer au développement de Madagascar,Mixte/Itinérant,Tourisme,TEH,"Tourisme, Environnement et Hôtellerie",True,TEE
P01341,17,M,Fitovinany,Professionnel et technique,TFFI,Industriel,11.81,13.2,11.2,11.1,11.0,10.4,11.4,9.5,12.6,12.1,16.1,11.1,12.0,Informatique; Mathematiques; Philosophie,"programmation multi-langages (Java, C#, PHP, JavaScript); aisance relationnelle; administration de bases de données; créativité; développement full-stack",Technologie; Musique,a participé à un club informatique ou de robotique au lycée,Chef de projet informatique,Bureau/Numérique,Informatique et Télécommunications,IGGLIA,"Informatique de Gestion, Génie Logiciel et Intelligence Artificielle",False,
P01342,20,M,Betsiboka,Professionnel et technique,TMEL,Industriel,15.79,20,16.1,15.1,14.6,15.3,15.5,13.1,14.9,20,13.1,17.1,14.7,Arts; Economie; Mathematiques,aisance relationnelle; comptabilité générale et analytique; esprit d'analyse; fiscalité d'entreprise; sens de l'organisation,Gestion; Lecture,a participé à un club de débat ou un simulacre de procès au lycée; a occupé un petit job ou une activité rémunérée pendant les vacances,Auditeur financier; Trésorier d'entreprise,Contact clientèle/Relationnel,Droit et Techniques des Affaires,FIC,Finances et Comptabilité,False,
P01343,17,F,Melaky,Professionnel et technique,TAMB,Industriel,14.88,16.6,14.6,15.4,15.4,16.4,12.2,11.3,15.2,15.1,16.1,14.4,15.9,EPS; Informatique; Malgache; Mathematiques; SVT,curiosité; audit financier; comptabilité générale et analytique; analyse financière et gestion budgétaire; persévérance; sens de l'observation,Actualité et politique; Bénévolat associatif,gère les comptes d'une association d'élèves; a organisé une petite activité commerciale ou un projet associatif,Contrôleur de gestion,Bureau/Numérique,Droit et Techniques des Affaires,FIC,Finances et Comptabilité,True,CAA
P01344,20,F,Analamanga,Professionnel et technique,DAMB,Industriel,15.41,17.4,15.3,19.9,14.8,17.0,13.5,16.9,17.8,11.5,14.1,11.9,14.8,Malgache; Mathematiques; Philosophie; SVT,curiosité; sens de l'observation; autonomie; esprit d'équipe; transformation agroalimentaire,Automobile et aéronautique; Nature; Bénévolat associatif,a effectué un stage d'observation dans un atelier ou une usine; a participé à un club de robotique ou de modélisme,Responsable HSE; Ingénieur minier,Atelier/Industriel,Génie Industriel,ICMP,"Industries Chimiques, Minières et Pétrolières",True,IAA
P01345,18,F,Melaky,Professionnel et technique,TAMB,Industriel,16.59,16.6,18.3,19.2,16.9,17.9,17.3,12.6,16.1,16.1,15.9,17.6,14.6,Arts; Malgache; Physique_Chimie; SVT,"robotique et domotique; administration de réseaux (GSM, TCP/IP); créativité; sens de l'observation",Jeux vidéo; Sport,a monté et dépanné des ordinateurs pour son entourage; a participé à un club informatique ou de robotique au lycée; pratique un sport en club depuis plusieurs années,Expert en systèmes embarqués et IoT,Bureau/Numérique,Informatique et Télécommunications,ESIIA,"Électronique, Systèmes Informatiques et Intelligence Artificielle",False,
P01346,19,F,Ihorombe,Professionnel et technique,TMA,Industriel,10.43,12.7,12.0,7.3,10.2,9.3,10.2,11.2,10.5,8.5,10.5,11.4,11.4,Arts; Mathematiques; Physique_Chimie,"robotique et domotique; sens de l'observation; systèmes embarqués et IoT; aisance relationnelle; administration de réseaux (GSM, TCP/IP); sens de l'organisation",Industrie,a monté et dépanné des ordinateurs pour son entourage; a suivi un tutoriel en ligne de programmation et créé un petit site web personnel; a occupé un petit job ou une activité rémunérée pendant les vacances,Ingénieur en bureau d'études mécanique; Responsable de production en usine,Atelier/Industriel,Génie Industriel,EMII,Électromécanique et Informatique Industrielle,True,ESIIA
P01347,18,F,Anosy,Professionnel et technique,TMEL,Industriel,11.76,14.2,14.5,13.8,10.8,10.9,9.6,9.6,12.9,11.9,11.8,9.4,11.7,Mathematiques; Physique_Chimie; SVT,raffinage et pétrochimie; curiosité; esprit d'analyse; créativité; hygiène sécurité environnement (HSE),Automobile et aéronautique,a démonté et réparé des appareils électroménagers ou mécaniques par curiosité,Responsable HSE,Atelier/Industriel,Génie Industriel,ICMP,"Industries Chimiques, Minières et Pétrolières",False,
P01348,19,M,Betsiboka,Professionnel et technique,TFFI,Industriel,12.98,17.2,13.1,12.3,13.8,12.5,13.9,10.3,9.8,16.4,12.8,13.0,10.7,Anglais; Economie; Mathematiques,analyse financière et gestion budgétaire; persévérance; curiosité; esprit d'équipe; aisance relationnelle,Entrepreneuriat; Musique,s'intéresse à l'actualité économique et suit des chaînes d'information,Responsable Marketing; avoir un poste à responsabilités,Bureau/Numérique,Droit et Techniques des Affaires,CAA,Commerce et Administration des Affaires,False,
P01349,18,F,Sava,Technologique,TGC,Génie civil,12.29,11.0,13.8,12.4,13.1,12.3,14.8,13.7,9.3,12.9,10.2,12.2,11.8,Anglais; Francais; Histoire_Geo; Physique_Chimie,sens de l'observation; gestion environnementale de sites touristiques; langues étrangères; accueil et relation client; aisance relationnelle; créativité; esprit d'analyse,Langues étrangères; Gastronomie,pratique l'anglais ou une autre langue étrangère en autodidacte; a organisé un voyage ou un événement pour son groupe d'amis; pratique un sport en club depuis plusieurs années,Manager d'agence de voyage,Mixte/Itinérant,Tourisme,TEH,"Tourisme, Environnement et Hôtellerie",False,
P01350,17,F,Analanjirofo,Général,S,,10.78,13.4,11.9,10.6,9.6,9.7,11.8,10.4,9.8,10.9,10.9,11.2,9.2,Anglais; Mathematiques; SVT,esprit d'équipe; aisance relationnelle; sens de l'organisation; ingénierie des infrastructures routières et hydrauliques; autonomie,Urbanisme; Architecture,a réalisé des maquettes ou des plans de construction pour un projet scolaire; aime dessiner des plans de maisons ou des croquis d'aménagement; participe à des activités associatives ou de bénévolat,Ingénieur en génie civil,Chantier/BTP,Génie Civil et Architecture,GCA,Génie Civil et Architecture,False,
P01351,19,F,Sava,Professionnel et technique,TMEL,Industriel,11.75,15.9,11.5,12.8,11.4,9.9,11.9,12.2,9.1,14.9,8.1,12.3,11.0,Economie; Mathematiques; SVT,aisance relationnelle; sens de l'organisation; fiscalité d'entreprise; comptabilité générale et analytique,Économie; Actualité et politique,a organisé une petite activité commerciale ou un projet associatif; s'intéresse à l'actualité économique et suit des chaînes d'information; a occupé un petit job ou une activité rémunérée pendant les vacances,Auditeur financier; Contrôleur de gestion; travailler à l'international,Contact clientèle/Relationnel,Droit et Techniques des Affaires,FIC,Finances et Comptabilité,False,
P01352,19,F,Anosy,Général,C,,12.11,14.0,9.4,15.8,8.7,13.6,8.6,12.9,13.2,13.3,11.6,12.0,12.2,Economie; Mathematiques; Philosophie; SVT,sens de l'observation; zootechnie et pisciculture; curiosité; esprit d'analyse; productions végétales et animales; développement rural,Agriculture; Environnement; Lecture,a réalisé un exposé scolaire sur la santé ou la biologie; pratique un sport en club depuis plusieurs années,Responsable de projet développement rural,Laboratoire/Recherche,Biotechnologie et Agronomie,AEE,Agriculture et Élevage,False,
P01353,20,M,Sava,Professionnel et technique,TAMB,Industriel,9.43,10.7,9.4,9.9,10.4,5.5,11.4,9.5,8.9,12.2,7.1,9.3,8.8,Anglais; Economie; Francais; Mathematiques,négociation et vente internationale; sens de l'organisation; aisance relationnelle; stratégie marketing et commerciale; analyse financière et gestion budgétaire,Économie; Actualité et politique; Lecture,s'intéresse à l'actualité économique et suit des chaînes d'information,Gestionnaire administratif et financier; Analyste de marché,Contact clientèle/Relationnel,Droit et Techniques des Affaires,CAA,Commerce et Administration des Affaires,False,
P01354,20,F,Atsimo-Atsinanana,Professionnel et technique,TMA,Industriel,12.32,14.6,11.4,14.8,12.6,10.0,9.2,11.2,14.3,12.2,16.1,11.3,10.2,Informatique; Mathematiques; Philosophie; SVT,analyse statistique et probabilités appliquées; sens de l'organisation; aisance relationnelle; traitement de données massives (Big Data); rigueur,Robotique; Réseaux sociaux et numérique; Lecture,a créé un compte de jeu vidéo compétitif et anime une petite communauté en ligne; participe à des activités associatives ou de bénévolat,Ingénieur Machine Learning,Mixte/Itinérant,Informatique et Télécommunications,ISAIA,"Informatique, Statistique Appliquée et Intelligence Artificielle",False,
P01355,19,F,Atsimo-Atsinanana,Professionnel et technique,TAG,Agricole,10.72,12.0,11.8,15.6,10.8,9.3,10.2,10.7,9.0,10.7,8.8,8.6,11.2,EPS; Francais; Mathematiques; Physique_Chimie; SVT,esprit d'analyse; biochimie et R&D; autonomie; sécurité alimentaire,Santé; Nature,s'occupe d'un petit élevage ou d'un jardin potager; a participé à un club de sciences naturelles ou d'écologie; pratique un sport en club depuis plusieurs années,Consultant qualité; Responsable Qualité et Hygiène; contribuer au développement de Madagascar,Terrain/Extérieur,Biotechnologie et Agronomie,IAA,Industries Agroalimentaires,True,PIP
P01356,18,F,Analamanga,Général,OSE,,13.63,11.4,11.7,13.6,14.6,13.9,14.1,15.5,17.9,14.0,13.0,12.0,11.9,Anglais; Economie; Francais; Histoire_Geo; Philosophie,esprit d'analyse; rigueur; autonomie; sens de l'observation; droit des contrats et des sociétés,Gestion; Musique,a organisé une petite activité commerciale ou un projet associatif,Chargé de conformité; Juriste d'affaires,Contact clientèle/Relationnel,Droit et Techniques des Affaires,DTJA,Droit et Techniques Juridiques des Affaires,False,
P01357,20,F,Betsiboka,Général,D,,11.25,9.3,9.6,15.8,10.1,9.7,11.1,13.7,11.9,12.5,9.9,10.2,11.2,EPS; Economie; Histoire_Geo; Philosophie; SVT,aisance relationnelle; sens de l'observation; agroécologie et agriculture biologique,Animaux; Santé; Musique,aide régulièrement dans l'exploitation agricole familiale; a réalisé un exposé scolaire sur la santé ou la biologie; pratique un sport en club depuis plusieurs années,Conseiller agricole; Responsable de projet développement rural,Laboratoire/Recherche,Biotechnologie et Agronomie,AEE,Agriculture et Élevage,False,
P01358,20,F,Analanjirofo,Professionnel et technique,TMA,Industriel,11.78,13.3,10.8,10.8,12.6,11.3,10.8,11.5,12.0,11.4,15.7,10.9,10.3,Anglais; Informatique; Mathematiques; Philosophie,"aisance relationnelle; notions d'intelligence artificielle; programmation multi-langages (Java, C#, PHP, JavaScript); administration de bases de données; autonomie",Technologie; Robotique; Bénévolat associatif,a monté et dépanné des ordinateurs pour son entourage; participe à des activités associatives ou de bénévolat,Administrateur de bases de données; Consultant en systèmes d'information et IA; travailler à l'international,Mixte/Itinérant,Informatique et Télécommunications,IGGLIA,"Informatique de Gestion, Génie Logiciel et Intelligence Artificielle",False,
P01359,18,M,Boeny,Professionnel et technique,DAMB,Industriel,16.13,19.5,14.5,14.3,15.3,16.1,17.4,14.5,12.6,19.9,17.5,15.4,16.6,EPS; Economie; Informatique; Mathematiques; Philosophie,audit financier; esprit d'analyse; comptabilité générale et analytique; esprit d'équipe; fiscalité d'entreprise,Entrepreneuriat; Lecture,gère les comptes d'une association d'élèves,Trésorier d'entreprise; avoir un métier stable,Bureau/Numérique,Droit et Techniques des Affaires,FIC,Finances et Comptabilité,True,CAA
P01360,19,M,Anosy,Général,S,,11.72,9.6,11.4,14.7,12.6,11.8,11.9,10.3,9.7,11.1,12.1,13.8,11.7,Arts; Francais; SVT,"gestion de projets informatiques; développement web et mobile multimédia; autonomie; esprit d'analyse; conception logicielle (UML, Merise); rigueur; sens de l'observation",Programmation; Bénévolat associatif,a créé un compte de jeu vidéo compétitif et anime une petite communauté en ligne,Spécialiste en communication digitale / Community Manager; Directeur artistique numérique / Motion Designer,Mixte/Itinérant,Informatique et Télécommunications,IMTICIA,"Informatique Multimédia, Technologie de l'Information et de la Communication et Intelligence Artificielle",True,IGGLIA
P01361,20,F,Atsimo-Atsinanana,Professionnel et technique,TAG,Agricole,12.67,14.6,14.3,14.2,11.2,11.4,9.8,14.4,10.6,13.4,11.9,14.3,11.9,Arts; Histoire_Geo; Mathematiques; SVT,exploitation minière et géologie; analyses de laboratoire; rigueur; esprit d'équipe; hygiène sécurité environnement (HSE),Environnement; Automobile et aéronautique,s'occupe d'un petit élevage ou d'un jardin potager; a effectué un stage d'observation dans un atelier ou une usine,Ingénieur de laboratoire médical; Délégué médical; contribuer au développement de Madagascar,Terrain/Extérieur,Biotechnologie et Agronomie,PIP,Pharmacologie et Industries Pharmaceutiques,True,ICMP
P01362,20,M,Amoron'i Mania,Professionnel et technique,TMF,Industriel,12.27,12.2,11.3,12.4,12.6,13.3,10.7,10.6,14.1,10.9,13.6,13.0,12.5,Arts; Francais; Informatique; Malgache; Philosophie,créativité; aisance relationnelle; traitement du signal et automatique,Automobile et aéronautique; Musique,a participé à un club de robotique ou de modélisme,Expert en systèmes embarqués et IoT; Ingénieur en télécommunications; avoir un métier stable,Mixte/Itinérant,Informatique et Télécommunications,ESIIA,"Électronique, Systèmes Informatiques et Intelligence Artificielle",True,EMII
P01363,19,F,Ihorombe,Professionnel et technique,SS,Tertiaire,10.08,8.0,9.3,9.8,10.8,9.4,11.8,9.7,9.8,14.3,7.0,12.2,8.8,Anglais; Arts; Economie,stratégie marketing et commerciale; curiosité; aisance relationnelle,Débat et droit; Actualité et politique; Sport,a organisé une petite activité commerciale ou un projet associatif; a participé à un club de débat ou un simulacre de procès au lycée; participe à des activités associatives ou de bénévolat,Manager de PME/PMI; Responsable Marketing,Bureau/Numérique,Droit et Techniques des Affaires,CAA,Commerce et Administration des Affaires,True,EMP
P01364,19,M,Atsimo-Andrefana,Professionnel et technique,CG,Tertiaire,10.12,11.8,7.0,9.9,7.5,11.5,10.5,9.3,8.1,15.3,8.0,11.3,11.3,Economie; Malgache; Mathematiques,autonomie; comptabilité générale et analytique; sens de l'observation; fiscalité d'entreprise; rigueur; audit financier,Gestion,gère les comptes d'une association d'élèves,Contrôleur de gestion,Contact clientèle/Relationnel,Droit et Techniques des Affaires,FIC,Finances et Comptabilité,False,
P01365,17,M,Ihorombe,Technologique,TTER,Tertiaire,14.13,12.7,11.0,11.8,13.1,14.4,14.9,12.3,15.7,19.2,16.1,13.7,14.7,Anglais; Economie; Informatique; Philosophie,négociation et vente internationale; analyse financière et gestion budgétaire; stratégie marketing et commerciale; aisance relationnelle; curiosité,Débat et droit; Actualité et politique; Bénévolat associatif,a organisé une petite activité commerciale ou un projet associatif; a occupé un petit job ou une activité rémunérée pendant les vacances,Gestionnaire administratif et financier; Analyste de marché,Contact clientèle/Relationnel,Droit et Techniques des Affaires,CAA,Commerce et Administration des Affaires,False,
P01366,20,M,Atsimo-Andrefana,Professionnel et technique,ACTC,Tertiaire,10.71,12.9,12.7,8.7,7.4,8.4,12.0,9.9,10.2,12.4,9.9,12.4,11.6,Arts; Economie; Mathematiques; Physique_Chimie,analyse financière et gestion budgétaire; curiosité; sens de l'observation,Débat et droit; Économie,gère les comptes d'une association d'élèves; a participé à un club de débat ou un simulacre de procès au lycée; pratique un sport en club depuis plusieurs années,Directeur Administratif et Financier,Contact clientèle/Relationnel,Droit et Techniques des Affaires,FIC,Finances et Comptabilité,True,CAA
P01367,18,F,Atsinanana,Général,C,,8.95,7.2,7.3,10.3,7.1,10.8,12.7,8.9,7.8,8.0,9.6,10.0,7.7,Anglais; Arts; Informatique; Malgache; SVT,créativité; sens de l'organisation; rigueur; conception de produits touristiques; esprit d'équipe,Voyage; Langues étrangères; Bénévolat associatif,aime cuisiner et découvrir des plats d'autres cultures; a occupé un petit job ou une activité rémunérée pendant les vacances,Manager d'agence de voyage; avoir un poste à responsabilités,Mixte/Itinérant,Tourisme,TEH,"Tourisme, Environnement et Hôtellerie",False,
P01368,17,M,Sava,Professionnel et technique,TFFI,Industriel,11.42,14.5,13.1,9.7,10.6,11.7,12.5,10.3,11.3,12.6,11.7,7.1,11.9,Anglais; Economie; Francais; Physique_Chimie,"sens de l'observation; aisance relationnelle; gestion de production industrielle; automatismes (Grafcet, automates); rigueur",Automobile et aéronautique; Sport,a démonté et réparé des appareils électroménagers ou mécaniques par curiosité; a participé à un club de robotique ou de modélisme,Ingénieur en automatisation et robotique industrielle; Ingénieur en électrotechnique,Atelier/Industriel,Génie Industriel,EMII,Électromécanique et Informatique Industrielle,False,
P01369,18,F,Sava,Professionnel et technique,CCBTP,Génie civil / BTP,10.99,10.6,13.4,9.2,11.4,13.1,7.3,10.3,13.3,11.4,10.8,10.9,10.2,Francais; Malgache; Philosophie; Physique_Chimie,aisance relationnelle; conception architecturale (AutoCAD/ArchiCAD); autonomie; rigueur; ingénierie des infrastructures routières et hydrauliques,Dessin et design; Construction; Musique,a réalisé des maquettes ou des plans de construction pour un projet scolaire; pratique un sport en club depuis plusieurs années,Urbaniste; Conducteur de travaux,Chantier/BTP,Génie Civil et Architecture,GCA,Génie Civil et Architecture,False,
P01370,20,F,Betsiboka,Général,C,,9.68,10.6,8.8,13.4,9.5,8.3,8.6,8.6,7.5,10.6,10.5,9.3,10.4,EPS; Economie; Informatique; Mathematiques; SVT,phytochimie; rigueur; gestion de laboratoire d'analyses médicales; sens de l'observation; formulation pharmaceutique; aisance relationnelle; curiosité,Environnement; Santé,s'occupe d'un petit élevage ou d'un jardin potager; a occupé un petit job ou une activité rémunérée pendant les vacances,Délégué médical; Responsable contrôle qualité; créer sa propre entreprise,Laboratoire/Recherche,Biotechnologie et Agronomie,PIP,Pharmacologie et Industries Pharmaceutiques,False,
P01371,19,F,Haute Matsiatra,Professionnel et technique,TMF,Industriel,13.63,12.7,12.1,13.8,13.4,14.3,18.3,10.6,12.5,10.1,15.3,17.1,13.4,Anglais; Arts; Informatique; Malgache,rigueur; développement web et mobile multimédia; autonomie; sens de l'organisation,Jeux vidéo,a suivi un tutoriel en ligne de programmation et créé un petit site web personnel; a monté et dépanné des ordinateurs pour son entourage; a occupé un petit job ou une activité rémunérée pendant les vacances,Développeur multimédia; Ingénieur en technologies de la communication,Mixte/Itinérant,Informatique et Télécommunications,IMTICIA,"Informatique Multimédia, Technologie de l'Information et de la Communication et Intelligence Artificielle",False,
P01372,17,F,Atsinanana,Professionnel et technique,TMF,Industriel,10.22,8.7,11.1,10.5,11.3,10.8,10.3,6.8,9.7,10.0,13.4,10.4,9.7,EPS; Francais; Informatique; Malgache,sens de l'observation; systèmes embarqués et IoT; sens de l'organisation; curiosité; maintenance hardware et microcontrôleurs,Jeux vidéo; Robotique,a participé à un club informatique ou de robotique au lycée; a créé un compte de jeu vidéo compétitif et anime une petite communauté en ligne,Architecte Hardware,Mixte/Itinérant,Informatique et Télécommunications,ESIIA,"Électronique, Systèmes Informatiques et Intelligence Artificielle",False,
P01373,17,F,Atsinanana,Général,D,,11.91,12.2,11.7,12.6,11.0,12.7,13.3,12.3,10.3,9.4,12.1,13.6,11.7,Anglais; Arts; Malgache,sécurité alimentaire; normes HACCP et microbiologie; persévérance; esprit d'analyse; curiosité; transformation agroalimentaire; sens de l'observation,Agriculture; Animaux; Musique,aide régulièrement dans l'exploitation agricole familiale; s'occupe d'un petit élevage ou d'un jardin potager; participe à des activités associatives ou de bénévolat,Consultant qualité; Responsable Qualité et Hygiène; créer sa propre entreprise,Terrain/Extérieur,Biotechnologie et Agronomie,IAA,Industries Agroalimentaires,False,
P01374,19,M,Betsiboka,Professionnel et technique,SS,Tertiaire,11.39,10.1,12.4,11.2,11.0,12.8,8.2,11.5,9.5,15.3,11.5,11.1,12.1,EPS; Economie; Malgache; Physique_Chimie,sens de l'organisation; rigueur; management stratégique,Débat et droit; Lecture,gère les comptes d'une association d'élèves; s'intéresse à l'actualité économique et suit des chaînes d'information,Planificateur stratégique; Consultant en management,Contact clientèle/Relationnel,Droit et Techniques des Affaires,EMP,Économie et Management de Projet,False,
P01375,18,F,Betsiboka,Général,A1,,10.52,11.1,7.5,12.4,13.3,7.3,12.8,11.0,9.8,9.3,12.2,8.7,10.8,EPS; Francais; SVT,sens de l'observation; esprit d'analyse; sens de l'organisation; sensibilisation au tourisme durable; connaissance du patrimoine environnemental et culturel malgache; aisance relationnelle,Voyage; Réseaux sociaux,a effectué un stage d'observation dans un hôtel ou une agence de voyage,Professionnel du secteur du tourisme; avoir un poste à responsabilités,Contact clientèle/Relationnel,Tourisme,TEE,Tourisme et Environnement,False,
P01376,20,F,Atsinanana,Technologique,TGI,Industriel,7.18,7.9,8.5,6.2,6.9,6.1,6.3,8.1,5.7,9.4,8.3,6.3,6.5,Informatique; Philosophie; Physique_Chimie,fiscalité d'entreprise; créativité; comptabilité générale et analytique; aisance relationnelle; rigueur,Actualité et politique; Économie; Réseaux sociaux,a participé à un club de débat ou un simulacre de procès au lycée; gère les comptes d'une association d'élèves; pratique un sport en club depuis plusieurs années,Trésorier d'entreprise; Auditeur financier; créer sa propre entreprise,Bureau/Numérique,Droit et Techniques des Affaires,FIC,Finances et Comptabilité,False,
P01377,17,F,Menabe,Professionnel et technique,TPFM,Industriel,9.82,13.2,11.4,10.3,9.9,8.0,9.2,5.4,10.8,9.7,12.8,9.7,7.5,Mathematiques; Physique_Chimie,"esprit d'analyse; administration de réseaux (GSM, TCP/IP); aisance relationnelle; rigueur; créativité",Technologie; Robotique; Réseaux sociaux,a créé un compte de jeu vidéo compétitif et anime une petite communauté en ligne,Spécialiste en robotique et domotique,Bureau/Numérique,Informatique et Télécommunications,ESIIA,"Électronique, Systèmes Informatiques et Intelligence Artificielle",False,
P01378,19,M,Amoron'i Mania,Technologique,TGI,Industriel,15.79,17.2,18.2,15.9,14.3,16.6,14.6,16.1,14.3,15.5,16.5,15.5,14.8,Malgache; Mathematiques; Physique_Chimie,"autonomie; automatismes (Grafcet, automates); créativité; électronique de puissance; conception assistée par ordinateur (AutoCAD)",Bricolage; Lecture,aide régulièrement à l'entretien de véhicules en famille; a effectué un stage d'observation dans un atelier ou une usine; a occupé un petit job ou une activité rémunérée pendant les vacances,Ingénieur en électrotechnique,Atelier/Industriel,Génie Industriel,EMII,Électromécanique et Informatique Industrielle,False,
P01379,18,F,Haute Matsiatra,Professionnel et technique,DAMB,Industriel,13.39,12.7,13.0,12.9,15.6,12.9,15.7,12.7,15.4,13.1,11.1,13.3,12.3,Anglais; Economie; Philosophie,conception de produits touristiques; autonomie; aisance relationnelle; persévérance; créativité,Gastronomie; Réseaux sociaux,a organisé un voyage ou un événement pour son groupe d'amis; participe à des activités associatives ou de bénévolat,Responsable écotourisme; Chef de produit touristique; travailler à l'international,Mixte/Itinérant,Tourisme,TEH,"Tourisme, Environnement et Hôtellerie",True,TEE
P01380,17,F,Itasy,Général,D,,16.41,17.0,14.8,20,14.9,18.1,18.5,15.0,13.8,16.0,16.1,15.2,17.5,Anglais; Malgache; SVT,persévérance; curiosité; transformation agroalimentaire; esprit d'équipe; biochimie et R&D; normes HACCP et microbiologie,Environnement; Musique,a réalisé un exposé scolaire sur la santé ou la biologie; aide régulièrement dans l'exploitation agricole familiale; pratique un sport en club depuis plusieurs années,Responsable Qualité et Hygiène; créer sa propre entreprise,Terrain/Extérieur,Biotechnologie et Agronomie,IAA,Industries Agroalimentaires,False,
P01381,20,F,Betsiboka,Professionnel et technique,TMF,Industriel,13.28,14.0,16.4,15.8,14.4,12.5,12.6,11.8,13.5,9.6,14.7,13.6,10.5,Philosophie; Physique_Chimie; SVT,électronique de puissance; rigueur; curiosité; gestion de production industrielle; sens de l'observation,Industrie; Bricolage,a effectué un stage d'observation dans un atelier ou une usine,Ingénieur en électrotechnique; Ingénieur en bureau d'études mécanique,Atelier/Industriel,Génie Industriel,EMII,Électromécanique et Informatique Industrielle,False,
P01382,18,M,Itasy,Général,C,,14.04,14.5,15.1,13.6,15.9,15.1,12.3,15.4,13.5,13.8,12.4,14.8,12.1,Arts; Francais; Histoire_Geo; Malgache; Physique_Chimie,curiosité; rigueur; calcul de structures (RDM); aisance relationnelle; ingénierie des infrastructures routières et hydrauliques; gestion de chantier,Architecture; Urbanisme; Réseaux sociaux,a visité un chantier de construction dans le cadre d'un stage d'observation; a réalisé des maquettes ou des plans de construction pour un projet scolaire,Entrepreneur en BTP,Chantier/BTP,Génie Civil et Architecture,GCA,Génie Civil et Architecture,False,
P01383,18,F,Analanjirofo,Professionnel et technique,TAMB,Industriel,12.63,14.5,14.6,12.6,12.3,10.5,13.3,12.3,12.5,11.4,14.1,11.6,11.9,Anglais; Informatique; Mathematiques; Physique_Chimie; SVT,sens de l'observation; autonomie; esprit d'équipe; maintenance industrielle pluridisciplinaire; gestion de production industrielle; curiosité,Mécanique; Industrie,a participé à un club de robotique ou de modélisme; a effectué un stage d'observation dans un atelier ou une usine,Ingénieur en bureau d'études mécanique; Responsable de production en usine,Atelier/Industriel,Génie Industriel,EMII,Électromécanique et Informatique Industrielle,False,
P01384,19,M,Ihorombe,Professionnel et technique,TMEL,Industriel,15.15,14.0,14.4,13.1,18.0,16.2,17.9,13.1,13.5,13.7,14.1,17.6,16.2,Anglais; Arts; Francais; Malgache,créativité; langues étrangères; gestion environnementale de sites touristiques; conception de produits touristiques; sens de l'organisation,Cultures du monde; Bénévolat associatif,pratique l'anglais ou une autre langue étrangère en autodidacte; participe à des activités associatives ou de bénévolat,Directeur d'établissement hôtelier,Contact clientèle/Relationnel,Tourisme,TEH,"Tourisme, Environnement et Hôtellerie",False,
P01385,19,M,Androy,Général,S,,13.73,16.7,15.7,9.9,15.8,13.0,9.8,15.4,13.6,13.4,19.2,9.1,13.2,Economie; Informatique; Mathematiques; Physique_Chimie,"persévérance; gestion de projets informatiques; aisance relationnelle; autonomie; développement full-stack; programmation multi-langages (Java, C#, PHP, JavaScript)",Programmation; Technologie; Réseaux sociaux,a monté et dépanné des ordinateurs pour son entourage; a créé un compte de jeu vidéo compétitif et anime une petite communauté en ligne,Expert en transformation digitale; Développeur Full-Stack (Web & Mobile); avoir un métier stable,Bureau/Numérique,Informatique et Télécommunications,IGGLIA,"Informatique de Gestion, Génie Logiciel et Intelligence Artificielle",False,
P01386,18,M,Alaotra-Mangoro,Professionnel et technique,TOM,Industriel,9.83,12.7,9.8,10.1,6.9,11.1,10.9,7.9,7.0,10.1,10.9,9.6,11.0,Anglais; EPS; Informatique; Malgache; Mathematiques,rigueur; machine learning et deep learning; persévérance,Technologie; Robotique,a créé un compte de jeu vidéo compétitif et anime une petite communauté en ligne; a participé à un club informatique ou de robotique au lycée; a occupé un petit job ou une activité rémunérée pendant les vacances,Responsable Business Intelligence; Data Scientist,Bureau/Numérique,Informatique et Télécommunications,ISAIA,"Informatique, Statistique Appliquée et Intelligence Artificielle",False,
P01387,18,M,Vakinankaratra,Général,C,,9.3,8.8,12.7,10.9,7.7,10.2,9.2,8.5,8.3,8.2,9.0,11.3,6.8,Anglais; Arts; Malgache; Physique_Chimie; SVT,sens de l'organisation; rigueur; traitement du signal et automatique; sens de l'observation,Robotique; Réseaux sociaux et numérique; Réseaux sociaux,a créé un compte de jeu vidéo compétitif et anime une petite communauté en ligne; a monté et dépanné des ordinateurs pour son entourage; pratique un sport en club depuis plusieurs années,Expert en systèmes embarqués et IoT; Ingénieur en télécommunications; créer sa propre entreprise,Bureau/Numérique,Informatique et Télécommunications,ESIIA,"Électronique, Systèmes Informatiques et Intelligence Artificielle",False,
P01388,17,M,Amoron'i Mania,Général,C,,11.74,16.0,11.5,11.7,9.6,12.0,10.0,9.2,11.5,10.9,17.7,10.1,10.7,Informatique; Malgache; Mathematiques; SVT,"aisance relationnelle; conception logicielle (UML, Merise); esprit d'analyse; administration de bases de données; autonomie; gestion de projets informatiques; persévérance",Robotique; Jeux vidéo,a suivi un tutoriel en ligne de programmation et créé un petit site web personnel; a créé un compte de jeu vidéo compétitif et anime une petite communauté en ligne,Ingénieur en génie logiciel; avoir un poste à responsabilités,Bureau/Numérique,Informatique et Télécommunications,IGGLIA,"Informatique de Gestion, Génie Logiciel et Intelligence Artificielle",False,
P01389,19,F,Menabe,Professionnel et technique,DAMB,Industriel,16.15,17.2,18.9,15.1,17.1,16.4,14.1,14.2,16.1,15.0,19.0,14.9,15.8,Francais; Informatique; Malgache; Mathematiques; Physique_Chimie,systèmes embarqués et IoT; maintenance hardware et microcontrôleurs; traitement du signal et automatique; curiosité; esprit d'équipe,Technologie; Programmation; Lecture,a créé un compte de jeu vidéo compétitif et anime une petite communauté en ligne; participe à des activités associatives ou de bénévolat,Ingénieur système et réseau,Bureau/Numérique,Informatique et Télécommunications,ESIIA,"Électronique, Systèmes Informatiques et Intelligence Artificielle",False,
P01390,18,M,Haute Matsiatra,Général,D,,7.88,7.4,5.3,11.4,7.1,6.6,6.7,13.5,5.0,10.6,5.7,7.2,8.1,Economie; Histoire_Geo; SVT,productions végétales et animales; persévérance; autonomie; créativité; agroécologie et agriculture biologique; zootechnie et pisciculture,Animaux,s'occupe d'un petit élevage ou d'un jardin potager; a occupé un petit job ou une activité rémunérée pendant les vacances,Responsable de projet développement rural,Laboratoire/Recherche,Biotechnologie et Agronomie,AEE,Agriculture et Élevage,False,
P01391,18,F,Sofia,Professionnel et technique,TEV,Agricole,11.19,8.1,11.3,15.7,10.6,11.1,14.3,9.0,12.0,10.7,10.8,9.0,11.7,Anglais; EPS; Philosophie; SVT,normes HACCP et microbiologie; sécurité alimentaire; créativité; sens de l'observation; transformation agroalimentaire,Animaux,a réalisé un exposé scolaire sur la santé ou la biologie; aide régulièrement dans l'exploitation agricole familiale,Chargé de R&D alimentaire; Ingénieur de production en industrie agroalimentaire,Laboratoire/Recherche,Biotechnologie et Agronomie,IAA,Industries Agroalimentaires,False,
P01392,18,M,Haute Matsiatra,Général,C,,9.98,13.3,9.2,11.0,9.7,8.7,10.6,8.9,7.7,13.4,9.0,7.2,11.1,Anglais; EPS; Economie; Mathematiques; SVT,aisance relationnelle; comptabilité générale et analytique; sens de l'organisation; autonomie; persévérance,Économie; Bénévolat associatif,gère les comptes d'une association d'élèves; participe à des activités associatives ou de bénévolat,Auditeur financier; Directeur Administratif et Financier,Bureau/Numérique,Droit et Techniques des Affaires,FIC,Finances et Comptabilité,False,
P01393,17,M,Boeny,Général,S,,12.89,10.9,10.5,11.9,15.7,14.4,14.1,13.0,12.6,10.7,13.9,14.0,13.0,Anglais; Francais; Malgache; SVT,aisance relationnelle; conception assistée par ordinateur (AutoCAD); persévérance; esprit d'équipe; maintenance industrielle pluridisciplinaire; électronique de puissance; sens de l'organisation,Bricolage; Automobile et aéronautique; Lecture,aide régulièrement à l'entretien de véhicules en famille; a effectué un stage d'observation dans un atelier ou une usine,Ingénieur en maintenance industrielle,Atelier/Industriel,Génie Industriel,EMII,Électromécanique et Informatique Industrielle,False,
P01394,20,F,Analamanga,Professionnel et technique,TAG,Agricole,8.69,9.1,8.8,13.6,8.2,5.7,9.3,13.4,7.6,6.1,6.4,8.5,7.6,Anglais; Histoire_Geo,créativité; zootechnie et pisciculture; persévérance; aisance relationnelle; sens de l'observation; développement rural; agroécologie et agriculture biologique,Nature; Environnement; Bénévolat associatif,aide régulièrement dans l'exploitation agricole familiale; a participé à un club de sciences naturelles ou d'écologie,Ingénieur Agronome,Terrain/Extérieur,Biotechnologie et Agronomie,AEE,Agriculture et Élevage,False,
P01395,18,M,Ihorombe,Professionnel et technique,EN,Industriel,13.91,15.8,17.7,11.1,11.5,17.1,12.1,12.7,12.5,15.4,15.7,11.8,13.5,Informatique; Malgache; Mathematiques; Physique_Chimie,"aisance relationnelle; traitement du signal et automatique; administration de réseaux (GSM, TCP/IP); sens de l'observation",Technologie; Jeux vidéo; Bénévolat associatif,a créé un compte de jeu vidéo compétitif et anime une petite communauté en ligne,Architecte Hardware; contribuer au développement de Madagascar,Bureau/Numérique,Informatique et Télécommunications,ESIIA,"Électronique, Systèmes Informatiques et Intelligence Artificielle",False,
P01396,19,M,Diana,Technologique,TTER,Tertiaire,11.31,7.6,12.1,7.4,11.6,11.4,14.0,12.9,11.7,12.5,11.0,11.9,11.6,Anglais; Economie; Histoire_Geo,sens de l'organisation; gestion environnementale de sites touristiques; créativité; sensibilisation au tourisme durable; autonomie; aisance relationnelle; connaissance du patrimoine environnemental et culturel malgache,Langues étrangères; Cultures du monde; Réseaux sociaux,pratique l'anglais ou une autre langue étrangère en autodidacte; aime cuisiner et découvrir des plats d'autres cultures,Organisateur d'événements (MICE); Responsable écotourisme,Mixte/Itinérant,Tourisme,TEH,"Tourisme, Environnement et Hôtellerie",True,TEE
P01397,20,F,Amoron'i Mania,Général,D,,15.19,18.3,14.9,12.6,11.9,10.8,17.8,16.9,16.9,16.2,18.4,12.5,15.1,Anglais; Informatique,autonomie; administration de bases de données; esprit d'analyse; sens de l'observation,Programmation; Technologie; Réseaux sociaux,a monté et dépanné des ordinateurs pour son entourage; pratique un sport en club depuis plusieurs années,Consultant en systèmes d'information et IA,Mixte/Itinérant,Informatique et Télécommunications,IGGLIA,"Informatique de Gestion, Génie Logiciel et Intelligence Artificielle",False,
P01398,20,M,Ihorombe,Professionnel et technique,TPFM,Industriel,10.72,11.6,13.9,10.3,8.7,11.5,9.3,10.2,13.7,7.7,12.0,10.4,9.3,Informatique; Philosophie; Physique_Chimie,autonomie; traitement du signal et automatique; aisance relationnelle; robotique et domotique,Robotique; Technologie,a monté et dépanné des ordinateurs pour son entourage; a suivi un tutoriel en ligne de programmation et créé un petit site web personnel; participe à des activités associatives ou de bénévolat,Ingénieur système et réseau; avoir un métier stable,Mixte/Itinérant,Informatique et Télécommunications,ESIIA,"Électronique, Systèmes Informatiques et Intelligence Artificielle",False,
P01399,19,M,Analamanga,Général,S,,11.99,12.8,11.9,12.6,10.8,11.4,13.8,10.5,12.6,11.6,12.9,12.4,10.6,Anglais; Informatique,sens de l'observation; phytochimie; sens de l'organisation; pharmacologie; formulation pharmaceutique,Agriculture; Animaux,s'occupe d'un petit élevage ou d'un jardin potager; a réalisé un exposé scolaire sur la santé ou la biologie; participe à des activités associatives ou de bénévolat,Responsable contrôle qualité,Laboratoire/Recherche,Biotechnologie et Agronomie,PIP,Pharmacologie et Industries Pharmaceutiques,False,
P01400,19,F,Diana,Général,D,,13.28,17.1,12.8,10.0,14.8,15.9,12.5,12.2,12.7,13.9,17.1,11.1,9.2,Informatique; Malgache; Mathematiques,notions d'intelligence artificielle; sens de l'organisation; persévérance,Programmation,a monté et dépanné des ordinateurs pour son entourage; a occupé un petit job ou une activité rémunérée pendant les vacances,Chef de projet informatique; contribuer au développement de Madagascar,Mixte/Itinérant,Informatique et Télécommunications,IGGLIA,"Informatique de Gestion, Génie Logiciel et Intelligence Artificielle",False,
P01401,19,F,Boeny,Général,S,,11.23,14.8,14.1,10.9,9.9,11.5,10.6,8.3,9.9,7.5,14.8,9.8,12.7,EPS; Malgache; Mathematiques; Physique_Chimie,persévérance; créativité; traitement du signal et automatique; électronique de puissance; robotique et domotique; esprit d'équipe; rigueur,Réseaux sociaux et numérique; Technologie,a créé un compte de jeu vidéo compétitif et anime une petite communauté en ligne,Responsable de production en usine; Ingénieur en automatisation et robotique industrielle,Terrain/Extérieur,Génie Industriel,EMII,Électromécanique et Informatique Industrielle,True,ESIIA
P01402,18,F,Sava,Général,S,,11.05,9.7,10.1,11.9,12.1,12.2,10.6,13.3,10.7,11.3,12.2,8.8,9.7,Francais; Histoire_Geo; Informatique; Malgache; SVT,sensibilisation au tourisme durable; aisance relationnelle; connaissance du patrimoine environnemental et culturel malgache; esprit d'analyse,Cultures du monde; Sport,a organisé un voyage ou un événement pour son groupe d'amis; aime cuisiner et découvrir des plats d'autres cultures,Professionnel du secteur du tourisme,Mixte/Itinérant,Tourisme,TEE,Tourisme et Environnement,False,
P01403,20,F,Melaky,Général,A2,,11.9,12.8,11.7,11.6,9.4,13.0,11.1,11.0,13.8,12.9,11.3,10.2,14.0,EPS; Malgache; Philosophie,aisance relationnelle; esprit d'analyse; sens de l'organisation; rigueur; développement rural,Nature; Réseaux sociaux,aide régulièrement dans l'exploitation agricole familiale; a occupé un petit job ou une activité rémunérée pendant les vacances,Conseiller agricole,Terrain/Extérieur,Biotechnologie et Agronomie,AEE,Agriculture et Élevage,False,
P01404,17,M,Atsimo-Atsinanana,Général,C,,10.91,14.0,11.4,14.5,10.1,12.9,10.7,11.1,9.9,8.4,9.5,9.5,8.9,Malgache; Mathematiques; SVT,gestion de laboratoire d'analyses médicales; rigueur; formulation pharmaceutique; sens de l'organisation; persévérance; pharmacologie,Animaux; Bénévolat associatif,aide régulièrement dans l'exploitation agricole familiale; participe à des activités associatives ou de bénévolat,Ingénieur de laboratoire médical; Chercheur en phyto-médicaments,Terrain/Extérieur,Biotechnologie et Agronomie,PIP,Pharmacologie et Industries Pharmaceutiques,False,
P01405,18,M,Menabe,Professionnel et technique,TMF,Industriel,10.69,11.1,13.8,10.2,9.8,7.6,11.2,12.6,11.0,10.3,12.9,10.6,7.2,Anglais; Histoire_Geo; Informatique; Mathematiques; Physique_Chimie,curiosité; sens de l'organisation; gestion de production industrielle; créativité,Automobile et aéronautique; Industrie; Réseaux sociaux,aide régulièrement à l'entretien de véhicules en famille; a effectué un stage d'observation dans un atelier ou une usine,Responsable de production en usine; créer sa propre entreprise,Atelier/Industriel,Génie Industriel,EMII,Électromécanique et Informatique Industrielle,False,
P01406,17,M,Bongolava,Général,C,,16.28,15.4,16.7,17.0,16.4,16.8,13.8,18.3,17.0,16.9,17.0,13.9,16.2,Economie; Histoire_Geo; Informatique; Philosophie; SVT,curiosité; agroécologie et agriculture biologique; aisance relationnelle; persévérance,Animaux; Nature; Sport,a participé à un club de sciences naturelles ou d'écologie; s'occupe d'un petit élevage ou d'un jardin potager; pratique un sport en club depuis plusieurs années,Conseiller agricole,Terrain/Extérieur,Biotechnologie et Agronomie,AEE,Agriculture et Élevage,False,
P01407,19,M,Analamanga,Professionnel et technique,TMEL,Industriel,16.65,18.2,17.1,15.6,17.5,18.8,13.7,14.6,14.7,17.5,16.7,17.0,18.4,Anglais; EPS; Economie; Francais; Malgache,curiosité; gestion de production industrielle; sens de l'organisation; esprit d'analyse; électronique de puissance,Automobile et aéronautique; Bénévolat associatif,a démonté et réparé des appareils électroménagers ou mécaniques par curiosité; participe à des activités associatives ou de bénévolat,Ingénieur en automatisation et robotique industrielle,Atelier/Industriel,Génie Industriel,EMII,Électromécanique et Informatique Industrielle,False,
P01408,18,F,Itasy,Général,S,,12.98,14.8,15.0,11.4,10.3,11.3,13.1,14.2,12.3,11.4,11.0,15.3,15.7,Arts; EPS; Histoire_Geo; Physique_Chimie,aisance relationnelle; ingénierie des infrastructures routières et hydrauliques; autonomie; géotechnique; créativité; sens de l'organisation,Construction; Réseaux sociaux,a réalisé des maquettes ou des plans de construction pour un projet scolaire; aime dessiner des plans de maisons ou des croquis d'aménagement; pratique un sport en club depuis plusieurs années,Ingénieur en Bureau d'Études; avoir un poste à responsabilités,Bureau d'études,Génie Civil et Architecture,GCA,Génie Civil et Architecture,False,
P01409,17,F,Betsiboka,Général,A2,,11.06,10.8,11.1,11.2,13.3,10.2,12.9,10.2,9.4,14.7,9.2,10.8,8.9,Anglais; Economie; Francais; Physique_Chimie; SVT,analyse financière et gestion budgétaire; gestion d'entreprise; sens de l'organisation; négociation et vente internationale; autonomie,Économie; Entrepreneuriat,a participé à un club de débat ou un simulacre de procès au lycée; gère les comptes d'une association d'élèves,Responsable export,Bureau/Numérique,Droit et Techniques des Affaires,CAA,Commerce et Administration des Affaires,False,
P01410,20,F,Betsiboka,Professionnel et technique,EN,Industriel,14.7,17.6,15.1,15.6,15.1,14.0,12.0,12.5,13.2,17.1,15.4,13.7,15.1,Economie; Informatique; Mathematiques; Physique_Chimie; SVT,esprit d'équipe; créativité; traitement de données massives (Big Data); machine learning et deep learning; autonomie,Jeux vidéo; Bénévolat associatif,a participé à un club informatique ou de robotique au lycée,Ingénieur Machine Learning; Responsable Business Intelligence,Bureau/Numérique,Informatique et Télécommunications,ISAIA,"Informatique, Statistique Appliquée et Intelligence Artificielle",False,
P01411,17,M,Atsimo-Atsinanana,Professionnel et technique,MEMA,Industriel,9.53,11.8,9.6,9.4,9.2,8.6,8.6,6.5,6.5,12.8,11.0,10.4,10.0,Economie; Informatique; Mathematiques,sens de l'observation; sens de l'organisation; audit financier; persévérance; gestion de trésorerie,Économie,gère les comptes d'une association d'élèves; a participé à un club de débat ou un simulacre de procès au lycée; pratique un sport en club depuis plusieurs années,Trésorier d'entreprise,Contact clientèle/Relationnel,Droit et Techniques des Affaires,FIC,Finances et Comptabilité,False,
P01412,17,M,Vatovavy,Professionnel et technique,TFFI,Industriel,13.69,10.4,11.7,12.0,14.5,15.9,14.9,15.6,14.9,15.5,13.4,14.0,11.5,Anglais; Economie; Histoire_Geo; Malgache; Philosophie,créativité; persévérance; sens de l'organisation; connaissance du patrimoine environnemental et culturel malgache; sensibilisation au tourisme durable,Gastronomie,a organisé un voyage ou un événement pour son groupe d'amis; a effectué un stage d'observation dans un hôtel ou une agence de voyage,Chargé de valorisation touristique et environnementale,Contact clientèle/Relationnel,Tourisme,TEE,Tourisme et Environnement,False,
P01413,19,F,Bongolava,Professionnel et technique,TFFI,Industriel,10.88,13.0,10.2,11.5,9.8,9.3,10.0,10.3,13.3,12.9,9.5,11.5,9.2,Arts; Economie; Mathematiques; Philosophie; SVT,rigueur; esprit d'analyse; gestion financière prévisionnelle; pilotage et planification de projets,Débat et droit,gère les comptes d'une association d'élèves,Analyste économique; Chef de projet,Bureau/Numérique,Droit et Techniques des Affaires,EMP,Économie et Management de Projet,False,
P01414,18,M,Boeny,Technologique,TGI,Industriel,9.78,8.6,8.0,6.8,11.0,11.9,10.4,12.1,8.2,9.9,8.4,10.1,12.0,EPS; Malgache; Mathematiques,sensibilisation au tourisme durable; rigueur; connaissance du patrimoine environnemental et culturel malgache; sens de l'organisation; persévérance,Cultures du monde; Sport,pratique l'anglais ou une autre langue étrangère en autodidacte,Professionnel du secteur du tourisme,Mixte/Itinérant,Tourisme,TEE,Tourisme et Environnement,False,
P01415,17,F,Fitovinany,Professionnel et technique,ACTC,Tertiaire,14.27,13.6,12.7,15.4,12.8,17.8,15.1,17.7,13.8,12.4,13.3,13.8,12.8,Anglais; Histoire_Geo; Malgache; Philosophie; SVT,créativité; sens de l'observation; autonomie; rédaction d'actes juridiques,Économie; Lecture,a organisé une petite activité commerciale ou un projet associatif; a participé à un club de débat ou un simulacre de procès au lycée; pratique un sport en club depuis plusieurs années,Assistant juridique; Juriste d'affaires,Contact clientèle/Relationnel,Droit et Techniques des Affaires,DTJA,Droit et Techniques Juridiques des Affaires,False,
P01416,18,F,Atsimo-Andrefana,Professionnel et technique,MEMA,Industriel,11.03,15.2,11.1,10.9,11.2,9.1,7.9,10.5,8.6,12.9,12.7,10.6,11.6,EPS; Economie; Francais; Informatique; Mathematiques,"autonomie; esprit d'analyse; sens de l'observation; créativité; business intelligence; développement full-stack; programmation multi-langages (Java, C#, PHP, JavaScript)",Réseaux sociaux et numérique; Technologie; Sport,a suivi un tutoriel en ligne de programmation et créé un petit site web personnel,Data Analyst; Responsable Business Intelligence,Bureau/Numérique,Informatique et Télécommunications,ISAIA,"Informatique, Statistique Appliquée et Intelligence Artificielle",True,IGGLIA
P01417,20,F,Itasy,Général,D,,15.78,17.0,20,12.3,14.7,14.5,14.4,17.1,15.1,16.4,17.6,16.5,13.7,Histoire_Geo; Informatique; Mathematiques,"automatismes (Grafcet, automates); conception assistée par ordinateur (AutoCAD); autonomie; maintenance industrielle pluridisciplinaire; créativité; curiosité",Mécanique,a participé à un club de robotique ou de modélisme; a démonté et réparé des appareils électroménagers ou mécaniques par curiosité; a occupé un petit job ou une activité rémunérée pendant les vacances,Ingénieur en automatisation et robotique industrielle; Ingénieur en électrotechnique,Atelier/Industriel,Génie Industriel,EMII,Électromécanique et Informatique Industrielle,False,
P01418,19,M,Bongolava,Technologique,TTER,Tertiaire,10.26,10.8,10.6,7.7,11.6,7.7,9.3,11.1,8.7,16.0,12.3,9.0,8.3,Economie; Francais; Histoire_Geo; Informatique,esprit d'analyse; stratégie marketing et commerciale; analyse financière et gestion budgétaire; autonomie; esprit d'équipe,Entrepreneuriat; Réseaux sociaux,a participé à un club de débat ou un simulacre de procès au lycée; s'intéresse à l'actualité économique et suit des chaînes d'information,Manager de PME/PMI,Contact clientèle/Relationnel,Droit et Techniques des Affaires,CAA,Commerce et Administration des Affaires,False,
P01419,18,M,Betsiboka,Professionnel et technique,SS,Tertiaire,10.47,13.5,9.0,11.2,8.6,9.7,8.7,9.7,10.9,14.9,10.7,10.0,8.7,Economie; Mathematiques; SVT,gestion de trésorerie; curiosité; persévérance,Économie; Gestion; Bénévolat associatif,a participé à un club de débat ou un simulacre de procès au lycée; a occupé un petit job ou une activité rémunérée pendant les vacances,Trésorier d'entreprise; Chef Comptable,Bureau/Numérique,Droit et Techniques des Affaires,FIC,Finances et Comptabilité,False,
P01420,18,F,Anosy,Technologique,TGC,Génie civil,8.32,10.8,8.9,7.3,6.0,7.4,9.5,10.0,8.3,5.9,8.6,9.1,8.0,Anglais; Arts; Histoire_Geo; Mathematiques,sens de l'observation; gestion de chantier; créativité,Dessin et design,a visité un chantier de construction dans le cadre d'un stage d'observation,Entrepreneur en BTP; Urbaniste,Bureau d'études,Génie Civil et Architecture,GCA,Génie Civil et Architecture,False,
P01421,19,F,Sava,Professionnel et technique,TOM,Industriel,14.28,13.1,13.5,13.3,14.0,14.6,14.6,13.6,14.1,14.8,15.2,19.0,11.5,Arts; Economie; Informatique; Malgache,persévérance; sens de l'observation; développement full-stack; production et montage audiovisuel; communication digitale et PAO; esprit d'analyse,Robotique; Technologie; Réseaux sociaux,a suivi un tutoriel en ligne de programmation et créé un petit site web personnel,Directeur artistique numérique / Motion Designer; Spécialiste en communication digitale / Community Manager,Mixte/Itinérant,Informatique et Télécommunications,IMTICIA,"Informatique Multimédia, Technologie de l'Information et de la Communication et Intelligence Artificielle",True,IGGLIA
P01422,18,F,Atsinanana,Professionnel et technique,TPFM,Industriel,12.1,13.3,11.8,11.4,11.4,11.2,10.0,14.0,12.7,9.2,14.2,14.4,11.6,Arts; Histoire_Geo; Informatique; Mathematiques; Philosophie,curiosité; sens de l'observation; machine learning et deep learning; analyse statistique et probabilités appliquées; sens de l'organisation; business intelligence,Technologie,a participé à un club informatique ou de robotique au lycée; a créé un compte de jeu vidéo compétitif et anime une petite communauté en ligne; pratique un sport en club depuis plusieurs années,Analyste Big Data,Bureau/Numérique,Informatique et Télécommunications,ISAIA,"Informatique, Statistique Appliquée et Intelligence Artificielle",False,
P01423,17,F,Bongolava,Professionnel et technique,TFFI,Industriel,16.23,18.4,14.3,18.3,17.1,15.0,17.5,15.3,16.4,16.8,15.1,13.8,16.7,Anglais; Francais; Mathematiques; SVT,curiosité; sens de l'observation; aisance relationnelle; hygiène sécurité environnement (HSE); persévérance,Bricolage; Électronique,a participé à un club de robotique ou de modélisme,Ingénieur pétrolier; Ingénieur en génie des procédés chimiques,Atelier/Industriel,Génie Industriel,ICMP,"Industries Chimiques, Minières et Pétrolières",False,
P01424,20,F,Analamanga,Général,D,,10.03,10.9,8.8,10.9,8.8,9.2,11.1,9.0,10.6,9.4,10.9,9.1,11.7,Anglais; EPS; Mathematiques,créativité; sens de l'observation; gestion de projets informatiques; administration de bases de données; esprit d'analyse; esprit d'équipe,Jeux vidéo; Programmation,a monté et dépanné des ordinateurs pour son entourage; participe à des activités associatives ou de bénévolat,Responsable Business Intelligence,Bureau/Numérique,Informatique et Télécommunications,ISAIA,"Informatique, Statistique Appliquée et Intelligence Artificielle",True,IGGLIA
P01425,19,F,Atsimo-Andrefana,Professionnel et technique,TEV,Agricole,12.3,13.6,13.4,17.2,7.9,12.7,13.7,13.4,14.3,9.8,8.4,11.3,11.9,Anglais; Mathematiques; Philosophie; SVT,sens de l'organisation; phytochimie; pharmacologie; formulation pharmaceutique; persévérance; rigueur,Santé; Animaux; Réseaux sociaux,s'occupe d'un petit élevage ou d'un jardin potager; aide régulièrement dans l'exploitation agricole familiale; pratique un sport en club depuis plusieurs années,Délégué médical,Laboratoire/Recherche,Biotechnologie et Agronomie,PIP,Pharmacologie et Industries Pharmaceutiques,False,
P01426,17,M,Vatovavy,Technologique,TGC,Génie civil,11.82,12.2,10.4,12.3,12.4,10.4,10.4,12.8,12.4,9.1,14.3,13.4,11.7,Arts; Histoire_Geo; Informatique,persévérance; gestion d'entreprise; esprit d'équipe; créativité; esprit d'analyse,Débat et droit; Gestion; Bénévolat associatif,s'intéresse à l'actualité économique et suit des chaînes d'information; pratique un sport en club depuis plusieurs années,Responsable export; créer sa propre entreprise,Bureau/Numérique,Droit et Techniques des Affaires,CAA,Commerce et Administration des Affaires,False,
P01427,19,M,Melaky,Professionnel et technique,TFFI,Industriel,13.18,15.0,11.1,12.6,11.9,16.6,11.1,12.5,12.0,13.3,16.4,13.7,12.0,Informatique; Malgache; Mathematiques,persévérance; esprit d'équipe; autonomie; machine learning et deep learning; rigueur,Programmation; Technologie; Musique,a monté et dépanné des ordinateurs pour son entourage; a occupé un petit job ou une activité rémunérée pendant les vacances,Analyste Big Data,Bureau/Numérique,Informatique et Télécommunications,ISAIA,"Informatique, Statistique Appliquée et Intelligence Artificielle",False,
P01428,18,F,Atsinanana,Professionnel et technique,TPFM,Industriel,11.23,15.0,14.1,11.9,10.2,10.7,10.9,11.3,10.9,8.0,10.3,9.8,11.7,Mathematiques; Physique_Chimie; SVT,hygiène sécurité environnement (HSE); curiosité; persévérance; génie des procédés chimiques,Bricolage; Électronique; Lecture,aide régulièrement à l'entretien de véhicules en famille; pratique un sport en club depuis plusieurs années,Ingénieur de laboratoire d'analyses; Ingénieur minier,Atelier/Industriel,Génie Industriel,ICMP,"Industries Chimiques, Minières et Pétrolières",False,
P01429,18,M,Sava,Professionnel et technique,TFFI,Industriel,15.11,16.5,16.2,14.2,13.0,16.3,14.5,16.9,15.7,14.9,14.0,13.6,15.5,Histoire_Geo; Malgache; Mathematiques; Philosophie; Physique_Chimie,électronique de puissance; rigueur; curiosité; gestion de production industrielle; conception assistée par ordinateur (AutoCAD); persévérance; aisance relationnelle,Industrie; Lecture,aide régulièrement à l'entretien de véhicules en famille; a effectué un stage d'observation dans un atelier ou une usine,Responsable de production en usine; Ingénieur en automatisation et robotique industrielle,Atelier/Industriel,Génie Industriel,EMII,Électromécanique et Informatique Industrielle,False,
P01430,18,M,Sava,Professionnel et technique,TPFM,Industriel,11.9,13.4,11.3,13.1,10.2,9.2,13.3,13.2,11.9,12.1,11.1,14.0,10.0,Anglais; Arts; Histoire_Geo; Mathematiques; SVT,aisance relationnelle; production et montage audiovisuel; rigueur,Jeux vidéo; Technologie,a participé à un club informatique ou de robotique au lycée; a monté et dépanné des ordinateurs pour son entourage; a occupé un petit job ou une activité rémunérée pendant les vacances,Ingénieur en technologies de la communication; Webmaster; créer sa propre entreprise,Bureau/Numérique,Informatique et Télécommunications,IMTICIA,"Informatique Multimédia, Technologie de l'Information et de la Communication et Intelligence Artificielle",False,
P01431,20,F,Androy,Professionnel et technique,TAG,Agricole,15.2,18.9,18.8,15.0,12.5,14.7,15.0,13.6,14.4,18.5,12.7,14.5,13.8,Economie; Mathematiques; Physique_Chimie; SVT,comptabilité générale et analytique; fiscalité d'entreprise; rigueur; esprit d'équipe,Économie; Gestion,a organisé une petite activité commerciale ou un projet associatif; gère les comptes d'une association d'élèves,Auditeur financier; Trésorier d'entreprise; travailler à l'international,Bureau/Numérique,Droit et Techniques des Affaires,FIC,Finances et Comptabilité,False,
P01432,17,F,Vatovavy,Professionnel et technique,MEMA,Industriel,12.15,17.2,11.1,10.2,8.7,10.4,13.5,12.4,11.0,12.6,14.8,12.1,11.8,Anglais; Francais; Informatique,curiosité; machine learning et deep learning; esprit d'équipe; esprit d'analyse,Réseaux sociaux et numérique; Réseaux sociaux,a participé à un club informatique ou de robotique au lycée; pratique un sport en club depuis plusieurs années,Data Analyst; Data Scientist,Mixte/Itinérant,Informatique et Télécommunications,ISAIA,"Informatique, Statistique Appliquée et Intelligence Artificielle",False,
P01433,18,M,Itasy,Professionnel et technique,CG,Tertiaire,12.8,14.6,14.1,11.4,13.9,9.5,11.1,12.0,10.7,16.3,12.7,13.5,13.8,EPS; Economie; Francais; Mathematiques; Physique_Chimie,sens de l'organisation; analyse économique et économétrie; sens de l'observation; pilotage et planification de projets; créativité; curiosité,Économie,s'intéresse à l'actualité économique et suit des chaînes d'information; a occupé un petit job ou une activité rémunérée pendant les vacances,Responsable suivi-évaluation de projets; Consultant en management,Contact clientèle/Relationnel,Droit et Techniques des Affaires,EMP,Économie et Management de Projet,False,
P01434,19,F,Analanjirofo,Professionnel et technique,TAMB,Industriel,7.72,6.8,7.6,7.5,7.4,7.5,10.2,7.0,8.9,8.3,8.7,6.5,6.3,Anglais; Informatique; Philosophie,persévérance; esprit d'équipe; analyse statistique et probabilités appliquées; sens de l'observation,Technologie; Réseaux sociaux et numérique,a monté et dépanné des ordinateurs pour son entourage; a créé un compte de jeu vidéo compétitif et anime une petite communauté en ligne,Responsable Business Intelligence,Mixte/Itinérant,Informatique et Télécommunications,ISAIA,"Informatique, Statistique Appliquée et Intelligence Artificielle",False,
P01435,19,F,Vatovavy,Professionnel et technique,TEV,Agricole,11.61,8.2,12.7,12.2,13.4,10.1,12.1,14.3,9.9,12.7,8.4,14.1,11.2,Arts; Francais; Histoire_Geo,agroécologie et agriculture biologique; productions végétales et animales; créativité; curiosité; développement rural,Animaux; Nature; Bénévolat associatif,a réalisé un exposé scolaire sur la santé ou la biologie,Responsable de projet développement rural; Consultant en agroécologie,Terrain/Extérieur,Biotechnologie et Agronomie,AEE,Agriculture et Élevage,False,
P01436,20,M,Diana,Professionnel et technique,TPFM,Industriel,15.92,14.0,14.5,16.7,16.2,14.7,16.9,14.0,13.5,17.0,19.5,16.3,17.7,EPS; Economie; Informatique,sens de l'observation; design UI/UX; esprit d'équipe; autonomie; production et montage audiovisuel,Technologie; Réseaux sociaux et numérique; Bénévolat associatif,a participé à un club informatique ou de robotique au lycée; pratique un sport en club depuis plusieurs années,Ingénieur en technologies de la communication; Webmaster,Bureau/Numérique,Informatique et Télécommunications,IMTICIA,"Informatique Multimédia, Technologie de l'Information et de la Communication et Intelligence Artificielle",False,
P01437,17,F,Atsinanana,Général,D,,11.33,9.1,8.8,11.3,11.7,12.2,10.8,11.4,8.7,13.3,11.9,15.4,11.4,Arts; Economie; Informatique; Malgache,esprit d'équipe; développement web et mobile multimédia; sens de l'observation; sens de l'organisation,Technologie; Programmation; Musique,a créé un compte de jeu vidéo compétitif et anime une petite communauté en ligne; a suivi un tutoriel en ligne de programmation et créé un petit site web personnel,Spécialiste en communication digitale / Community Manager; créer sa propre entreprise,Bureau/Numérique,Informatique et Télécommunications,IMTICIA,"Informatique Multimédia, Technologie de l'Information et de la Communication et Intelligence Artificielle",False,
P01438,20,M,Menabe,Professionnel et technique,TMF,Industriel,13.78,15.6,16.4,11.9,10.9,12.2,14.9,12.7,16.0,12.8,14.7,12.3,14.9,Anglais; EPS; Mathematiques; Philosophie; Physique_Chimie,aisance relationnelle; esprit d'analyse; systèmes embarqués et IoT; curiosité,Technologie; Bénévolat associatif,a créé un compte de jeu vidéo compétitif et anime une petite communauté en ligne; a suivi un tutoriel en ligne de programmation et créé un petit site web personnel; pratique un sport en club depuis plusieurs années,Architecte Hardware; Spécialiste en maintenance de systèmes informatisés,Mixte/Itinérant,Informatique et Télécommunications,ESIIA,"Électronique, Systèmes Informatiques et Intelligence Artificielle",False,
P01439,17,F,Boeny,Professionnel et technique,SS,Tertiaire,9.9,13.4,10.8,10.1,9.6,9.1,9.0,11.1,9.3,9.2,8.6,8.4,10.2,EPS; Histoire_Geo; Mathematiques; Physique_Chimie; SVT,fiscalité d'entreprise; créativité; gestion d'entreprise; sens de l'observation; analyse financière et gestion budgétaire; aisance relationnelle; rigueur,Gestion; Actualité et politique,s'intéresse à l'actualité économique et suit des chaînes d'information; participe à des activités associatives ou de bénévolat,Contrôleur de gestion; Trésorier d'entreprise; avoir un poste à responsabilités,Contact clientèle/Relationnel,Droit et Techniques des Affaires,FIC,Finances et Comptabilité,True,CAA
P01440,20,M,Amoron'i Mania,Général,D,,14.42,15.4,18.4,13.7,10.8,12.3,11.2,18.6,13.1,14.6,16.6,14.6,13.7,Economie; Histoire_Geo; Malgache; Mathematiques; Physique_Chimie,sens de l'organisation; conception architecturale (AutoCAD/ArchiCAD); géotechnique; rigueur,Dessin et design,a visité un chantier de construction dans le cadre d'un stage d'observation,Conducteur de travaux,Bureau d'études,Génie Civil et Architecture,GCA,Génie Civil et Architecture,False,
P01441,20,M,Androy,Général,S,,12.13,13.9,13.1,13.2,8.6,12.2,14.9,11.4,13.0,13.6,10.7,11.2,9.8,Anglais; Economie; Mathematiques,sens de l'observation; curiosité; normes HACCP et microbiologie; esprit d'analyse,Agriculture; Environnement,s'occupe d'un petit élevage ou d'un jardin potager; participe à des activités associatives ou de bénévolat,Chargé de R&D alimentaire; Chef de production,Terrain/Extérieur,Biotechnologie et Agronomie,IAA,Industries Agroalimentaires,False,
P01442,18,M,Fitovinany,Professionnel et technique,CCBTP,Génie civil / BTP,11.03,13.2,13.8,13.3,11.4,7.6,9.3,12.0,10.2,10.3,9.2,12.9,9.2,Arts; Mathematiques; Physique_Chimie; SVT,calcul de structures (RDM); ingénierie des infrastructures routières et hydrauliques; esprit d'équipe; conception architecturale (AutoCAD/ArchiCAD); autonomie,Construction,a visité un chantier de construction dans le cadre d'un stage d'observation; a réalisé des maquettes ou des plans de construction pour un projet scolaire,Conducteur de travaux; Entrepreneur en BTP,Chantier/BTP,Génie Civil et Architecture,GCA,Génie Civil et Architecture,False,
P01443,17,M,Itasy,Général,C,,12.62,11.9,11.0,15.4,12.2,14.2,10.5,14.9,11.0,13.6,10.1,14.0,12.7,Arts; Economie; Histoire_Geo; Malgache; SVT,développement rural; sens de l'organisation; aisance relationnelle; productions végétales et animales; persévérance; agroécologie et agriculture biologique; curiosité,Nature; Santé; Musique,a participé à un club de sciences naturelles ou d'écologie; participe à des activités associatives ou de bénévolat,Conseiller agricole; Consultant en agroécologie,Terrain/Extérieur,Biotechnologie et Agronomie,AEE,Agriculture et Élevage,False,
P01444,18,M,Diana,Général,S,,13.13,12.9,11.9,13.2,12.5,13.0,13.4,13.7,14.2,12.3,12.2,17.3,11.0,Anglais; Arts; Histoire_Geo; SVT,créativité; sens de l'observation; production et montage audiovisuel,Réseaux sociaux et numérique; Programmation; Sport,a créé un compte de jeu vidéo compétitif et anime une petite communauté en ligne,Développeur multimédia,Bureau/Numérique,Informatique et Télécommunications,IMTICIA,"Informatique Multimédia, Technologie de l'Information et de la Communication et Intelligence Artificielle",False,
P01445,19,F,Sofia,Professionnel et technique,DAMB,Industriel,11.43,13.8,16.8,11.6,11.4,10.2,9.0,11.4,11.5,9.8,11.8,10.3,9.6,Informatique; Mathematiques; Philosophie; Physique_Chimie; SVT,"autonomie; administration de réseaux (GSM, TCP/IP); persévérance",Jeux vidéo; Musique,a participé à un club informatique ou de robotique au lycée,Expert en systèmes embarqués et IoT; Spécialiste en robotique et domotique; créer sa propre entreprise,Mixte/Itinérant,Informatique et Télécommunications,ESIIA,"Électronique, Systèmes Informatiques et Intelligence Artificielle",False,
P01446,17,F,Vakinankaratra,Professionnel et technique,TAG,Agricole,8.45,8.5,9.1,13.5,6.4,6.0,7.5,9.1,11.2,8.8,6.7,7.6,7.0,Histoire_Geo; Philosophie; Physique_Chimie; SVT,curiosité; autonomie; rigueur; esprit d'équipe; biochimie et R&D,Animaux; Santé,a participé à un club de sciences naturelles ou d'écologie; s'occupe d'un petit élevage ou d'un jardin potager; participe à des activités associatives ou de bénévolat,Chargé de R&D alimentaire; Chef de production,Laboratoire/Recherche,Biotechnologie et Agronomie,IAA,Industries Agroalimentaires,False,
P01447,19,F,Betsiboka,Professionnel et technique,TEV,Agricole,10.96,11.6,9.7,16.3,9.1,9.7,9.2,10.7,9.8,14.0,10.2,9.6,11.6,EPS; Economie; Histoire_Geo; Mathematiques; SVT,sens de l'observation; rigueur; sens de l'organisation; esprit d'analyse; sécurité alimentaire,Santé,aide régulièrement dans l'exploitation agricole familiale,Consultant qualité,Terrain/Extérieur,Biotechnologie et Agronomie,IAA,Industries Agroalimentaires,False,
P01448,20,F,Atsinanana,Professionnel et technique,TAMB,Industriel,11.65,11.0,11.2,10.3,10.2,11.4,13.4,10.3,12.5,13.5,10.9,12.5,12.6,Anglais; EPS; Economie; Philosophie,sens de l'observation; analyse statistique et probabilités appliquées; esprit d'équipe; persévérance; business intelligence; machine learning et deep learning,Robotique; Réseaux sociaux,a créé un compte de jeu vidéo compétitif et anime une petite communauté en ligne,Ingénieur Machine Learning,Bureau/Numérique,Informatique et Télécommunications,ISAIA,"Informatique, Statistique Appliquée et Intelligence Artificielle",False,
P01449,19,M,Sava,Général,C,,14.53,16.5,18.8,14.3,15.6,15.0,15.4,13.0,12.3,14.6,12.8,15.2,10.9,Anglais; Francais; Mathematiques; Physique_Chimie,aisance relationnelle; esprit d'analyse; autonomie; sens de l'observation; conception architecturale (AutoCAD/ArchiCAD),Architecture; Musique,aime dessiner des plans de maisons ou des croquis d'aménagement; a réalisé des maquettes ou des plans de construction pour un projet scolaire; participe à des activités associatives ou de bénévolat,Ingénieur en Bureau d'Études; Entrepreneur en BTP,Bureau d'études,Génie Civil et Architecture,GCA,Génie Civil et Architecture,True,
P01450,19,M,Menabe,Technologique,TGI,Industriel,12.53,14.0,8.5,11.6,10.1,13.7,13.1,10.2,11.4,16.9,14.2,12.7,14.0,EPS; Economie; Informatique; Mathematiques,autonomie; sens de l'observation; gestion de trésorerie; sens de l'organisation,Entrepreneuriat; Bénévolat associatif,s'intéresse à l'actualité économique et suit des chaînes d'information; a organisé une petite activité commerciale ou un projet associatif; a occupé un petit job ou une activité rémunérée pendant les vacances,Contrôleur de gestion; Directeur Administratif et Financier,Bureau/Numérique,Droit et Techniques des Affaires,FIC,Finances et Comptabilité,False,
P01451,18,F,Atsimo-Atsinanana,Professionnel et technique,PCBTP,Génie civil / BTP,11.43,11.4,16.7,11.3,10.1,8.6,11.4,12.1,10.5,9.0,12.4,12.8,10.9,Arts; Informatique; Physique_Chimie,géotechnique; gestion de chantier; calcul de structures (RDM); sens de l'organisation; aisance relationnelle; autonomie,Urbanisme; Dessin et design; Musique,a visité un chantier de construction dans le cadre d'un stage d'observation; a réalisé des maquettes ou des plans de construction pour un projet scolaire; pratique un sport en club depuis plusieurs années,Ingénieur en génie civil; Architecte junior; travailler à l'international,Chantier/BTP,Génie Civil et Architecture,GCA,Génie Civil et Architecture,True,
P01452,18,F,Androy,Général,D,,8.24,9.8,10.3,8.7,10.4,8.9,6.6,4.0,6.9,9.5,6.6,10.0,7.2,Arts; Francais; Mathematiques; Physique_Chimie,autonomie; gestion de chantier; conception architecturale (AutoCAD/ArchiCAD); rigueur; ingénierie des infrastructures routières et hydrauliques,Architecture; Construction,a réalisé des maquettes ou des plans de construction pour un projet scolaire,Ingénieur en Bureau d'Études,Bureau d'études,Génie Civil et Architecture,GCA,Génie Civil et Architecture,True,
P01453,18,M,Boeny,Général,C,,12.14,10.4,14.4,13.6,14.0,9.9,12.7,12.2,12.2,11.7,13.5,10.3,10.8,Francais; Physique_Chimie; SVT,rigueur; créativité; ingénierie des infrastructures routières et hydrauliques; persévérance,Construction; Architecture,aime dessiner des plans de maisons ou des croquis d'aménagement,Entrepreneur en BTP; travailler à l'international,Chantier/BTP,Génie Civil et Architecture,GCA,Génie Civil et Architecture,False,
P01454,18,M,Boeny,Général,D,,15.29,10.8,18.6,15.0,13.4,14.3,14.9,14.1,15.6,16.5,17.3,14.9,18.1,EPS; Informatique; Physique_Chimie,maintenance hardware et microcontrôleurs; persévérance; rigueur; gestion de production industrielle; aisance relationnelle; robotique et domotique; autonomie,Automobile et aéronautique,a créé un compte de jeu vidéo compétitif et anime une petite communauté en ligne; a monté et dépanné des ordinateurs pour son entourage,Spécialiste en robotique et domotique,Bureau/Numérique,Informatique et Télécommunications,ESIIA,"Électronique, Systèmes Informatiques et Intelligence Artificielle",True,EMII
P01455,17,F,Fitovinany,Professionnel et technique,TAMB,Industriel,10.39,9.5,9.1,9.5,10.6,11.9,16.4,13.9,8.2,10.3,4.7,11.6,9.0,Arts; Histoire_Geo; Malgache,esprit d'équipe; rigueur; management hôtelier et restauration,Hôtellerie; Musique,a effectué un stage d'observation dans un hôtel ou une agence de voyage,Chef de produit touristique; Directeur d'établissement hôtelier; contribuer au développement de Madagascar,Mixte/Itinérant,Tourisme,TEH,"Tourisme, Environnement et Hôtellerie",False,
P01456,18,M,Atsinanana,Professionnel et technique,PCBTP,Génie civil / BTP,12.34,13.5,10.6,13.6,12.6,12.0,14.3,11.7,12.4,8.3,13.4,13.0,12.7,Anglais; Informatique; Mathematiques; SVT,esprit d'analyse; créativité; droit foncier et minier; curiosité,Gestion,a participé à un club de débat ou un simulacre de procès au lycée; a occupé un petit job ou une activité rémunérée pendant les vacances,Juriste d'affaires; Assistant juridique,Bureau/Numérique,Droit et Techniques des Affaires,DTJA,Droit et Techniques Juridiques des Affaires,False,
P01457,20,F,Menabe,Professionnel et technique,TAG,Agricole,10.43,9.7,9.0,12.7,7.9,10.8,11.4,10.8,11.3,12.1,9.9,9.4,10.2,Anglais; Economie; Philosophie; SVT,rigueur; développement rural; agroécologie et agriculture biologique; persévérance,Environnement; Santé; Sport,s'occupe d'un petit élevage ou d'un jardin potager,Ingénieur Agronome; Responsable de production animale,Terrain/Extérieur,Biotechnologie et Agronomie,AEE,Agriculture et Élevage,False,
P01458,20,F,Ihorombe,Professionnel et technique,CCBTP,Génie civil / BTP,13.52,13.7,18.3,14.2,12.4,15.1,12.9,13.0,13.7,11.8,13.0,11.8,12.3,Malgache; Mathematiques; Philosophie; Physique_Chimie; SVT,sens de l'observation; sens de l'organisation; autonomie; rigueur; ingénierie des infrastructures routières et hydrauliques,Construction; Architecture; Musique,aime dessiner des plans de maisons ou des croquis d'aménagement,Architecte junior; Ingénieur en Bureau d'Études,Chantier/BTP,Génie Civil et Architecture,GCA,Génie Civil et Architecture,False,
P01459,19,M,Itasy,Professionnel et technique,TAMB,Industriel,11.93,12.8,14.4,10.8,12.6,10.1,10.1,12.3,11.5,13.0,12.6,11.1,11.9,Economie; Mathematiques; Physique_Chimie,maintenance industrielle pluridisciplinaire; gestion de production industrielle; autonomie; esprit d'équipe,Industrie; Réseaux sociaux,a participé à un club de robotique ou de modélisme; pratique un sport en club depuis plusieurs années,Ingénieur en maintenance industrielle; créer sa propre entreprise,Terrain/Extérieur,Génie Industriel,EMII,Électromécanique et Informatique Industrielle,False,
P01460,20,M,Androy,Technologique,TTER,Tertiaire,13.38,13.5,11.5,13.2,14.6,12.7,14.0,13.4,13.7,11.1,15.0,13.3,14.5,Anglais; EPS; Francais; Histoire_Geo,langues étrangères; sens de l'organisation; gestion environnementale de sites touristiques; sens de l'observation; conception de produits touristiques; esprit d'équipe,Voyage; Réseaux sociaux,aime cuisiner et découvrir des plats d'autres cultures,Manager d'agence de voyage; contribuer au développement de Madagascar,Contact clientèle/Relationnel,Tourisme,TEH,"Tourisme, Environnement et Hôtellerie",False,
P01461,20,F,Androy,Professionnel et technique,TEV,Agricole,9.03,10.1,7.3,9.0,9.0,9.7,10.0,10.5,9.1,7.7,7.4,9.1,9.4,Anglais; Histoire_Geo; Malgache; Mathematiques,créativité; sens de l'organisation; sens de l'observation; conception de produits touristiques,Gastronomie; Sport,a effectué un stage d'observation dans un hôtel ou une agence de voyage,Chargé de valorisation touristique et environnementale; Professionnel du secteur du tourisme; créer sa propre entreprise,Mixte/Itinérant,Tourisme,TEE,Tourisme et Environnement,True,TEH
P01462,17,M,Melaky,Professionnel et technique,TEV,Agricole,12.19,9.4,11.5,17.2,12.2,12.6,12.4,9.4,12.5,11.6,13.3,12.6,11.6,Informatique; Malgache; Philosophie,sécurité alimentaire; biochimie et R&D; sens de l'observation; créativité; esprit d'équipe; normes HACCP et microbiologie,Environnement,aide régulièrement dans l'exploitation agricole familiale; participe à des activités associatives ou de bénévolat,Ingénieur de production en industrie agroalimentaire; Responsable Qualité et Hygiène; avoir un poste à responsabilités,Terrain/Extérieur,Biotechnologie et Agronomie,IAA,Industries Agroalimentaires,False,
P01463,17,F,Diana,Professionnel et technique,TAG,Agricole,11.4,11.9,9.2,9.2,12.5,12.6,12.3,11.9,10.9,13.2,10.8,11.3,11.0,Anglais; Economie; Francais; Malgache; Mathematiques,normes HACCP et microbiologie; sens de l'organisation; sens de l'observation; aisance relationnelle; sécurité alimentaire,Agriculture,s'occupe d'un petit élevage ou d'un jardin potager; a participé à un club de sciences naturelles ou d'écologie; participe à des activités associatives ou de bénévolat,Chef de production; Ingénieur de production en industrie agroalimentaire; avoir un métier stable,Terrain/Extérieur,Biotechnologie et Agronomie,IAA,Industries Agroalimentaires,False,
P01464,17,F,Sava,Professionnel et technique,TFFI,Industriel,12.57,10.2,12.9,11.8,14.4,9.2,13.7,12.1,10.0,13.0,16.0,15.7,11.9,Anglais; Arts; Francais; Informatique,production et montage audiovisuel; sens de l'organisation; esprit d'analyse,Programmation; Jeux vidéo; Sport,a suivi un tutoriel en ligne de programmation et créé un petit site web personnel; a monté et dépanné des ordinateurs pour son entourage; participe à des activités associatives ou de bénévolat,Directeur artistique numérique / Motion Designer,Bureau/Numérique,Informatique et Télécommunications,IMTICIA,"Informatique Multimédia, Technologie de l'Information et de la Communication et Intelligence Artificielle",False,
P01465,19,M,Menabe,Général,S,,11.63,15.9,12.5,9.8,11.3,12.5,10.5,12.6,11.5,11.9,7.4,14.0,9.7,Arts; Histoire_Geo; Mathematiques; Physique_Chimie,autonomie; conception architecturale (AutoCAD/ArchiCAD); ingénierie des infrastructures routières et hydrauliques; persévérance; esprit d'analyse,Urbanisme,aime dessiner des plans de maisons ou des croquis d'aménagement; a visité un chantier de construction dans le cadre d'un stage d'observation; a occupé un petit job ou une activité rémunérée pendant les vacances,Entrepreneur en BTP,Chantier/BTP,Génie Civil et Architecture,GCA,Génie Civil et Architecture,False,
P01466,20,F,Menabe,Général,D,,11.28,12.8,9.6,9.8,11.7,13.0,10.3,12.4,10.6,13.1,13.0,6.8,12.2,Economie; Informatique; Malgache,"business intelligence; conception logicielle (UML, Merise); notions d'intelligence artificielle; esprit d'équipe; persévérance",Jeux vidéo; Réseaux sociaux et numérique,a suivi un tutoriel en ligne de programmation et créé un petit site web personnel,Analyste Big Data; Responsable Business Intelligence; avoir un poste à responsabilités,Mixte/Itinérant,Informatique et Télécommunications,ISAIA,"Informatique, Statistique Appliquée et Intelligence Artificielle",True,IGGLIA
P01467,19,M,Atsimo-Atsinanana,Technologique,TGI,Industriel,11.53,17.7,9.6,8.0,13.2,12.9,8.1,10.5,10.7,11.4,13.2,11.0,12.1,EPS; Francais; Informatique; Mathematiques,gestion de projets informatiques; sens de l'organisation; analyse statistique et probabilités appliquées; autonomie,Programmation; Musique,a suivi un tutoriel en ligne de programmation et créé un petit site web personnel; a participé à un club informatique ou de robotique au lycée; participe à des activités associatives ou de bénévolat,Analyste Big Data; Data Scientist,Bureau/Numérique,Informatique et Télécommunications,ISAIA,"Informatique, Statistique Appliquée et Intelligence Artificielle",True,IGGLIA
P01468,19,F,Atsimo-Andrefana,Professionnel et technique,TOM,Industriel,13.13,13.4,12.7,12.6,13.1,11.9,12.2,12.1,13.0,15.9,14.9,13.1,12.7,Arts; Economie; Francais; Informatique; Mathematiques,persévérance; traitement du signal et automatique; esprit d'analyse,Industrie; Sport,a créé un compte de jeu vidéo compétitif et anime une petite communauté en ligne; a occupé un petit job ou une activité rémunérée pendant les vacances,Ingénieur en maintenance industrielle,Atelier/Industriel,Génie Industriel,EMII,Électromécanique et Informatique Industrielle,True,ESIIA
P01469,18,F,Haute Matsiatra,Professionnel et technique,TOM,Industriel,12.67,14.4,14.8,15.2,13.8,12.1,12.3,10.4,10.7,11.6,10.9,14.7,11.1,Arts; Mathematiques; Physique_Chimie; SVT,persévérance; analyses de laboratoire; créativité,Industrie; Musique,a participé à un club de robotique ou de modélisme; participe à des activités associatives ou de bénévolat,Responsable HSE; Ingénieur minier,Atelier/Industriel,Génie Industriel,ICMP,"Industries Chimiques, Minières et Pétrolières",False,
P01470,19,F,Atsinanana,Général,D,,13.93,16.1,12.2,18.1,15.8,14.6,11.2,14.9,11.4,14.1,13.7,13.6,11.4,Francais; Mathematiques; SVT,esprit d'équipe; zootechnie et pisciculture; aisance relationnelle,Environnement,aide régulièrement dans l'exploitation agricole familiale; a occupé un petit job ou une activité rémunérée pendant les vacances,Responsable de production animale,Terrain/Extérieur,Biotechnologie et Agronomie,AEE,Agriculture et Élevage,False,
P01471,20,F,Itasy,Professionnel et technique,TOM,Industriel,10.28,9.1,8.0,10.2,10.9,9.8,12.6,8.8,9.6,11.3,8.8,11.7,12.5,Anglais; Arts; EPS,créativité; négociation et vente internationale; sens de l'observation,Débat et droit,s'intéresse à l'actualité économique et suit des chaînes d'information; gère les comptes d'une association d'élèves,Responsable export,Bureau/Numérique,Droit et Techniques des Affaires,CAA,Commerce et Administration des Affaires,True,EMP
P01472,20,F,Bongolava,Professionnel et technique,TOM,Industriel,17.7,20,18.0,17.9,16.4,18.9,18.6,15.4,17.3,16.8,20,14.2,18.9,Informatique; Malgache; Mathematiques; Physique_Chimie,analyse statistique et probabilités appliquées; sens de l'organisation; autonomie; business intelligence; persévérance; créativité,Technologie; Réseaux sociaux et numérique; Réseaux sociaux,a suivi un tutoriel en ligne de programmation et créé un petit site web personnel; a créé un compte de jeu vidéo compétitif et anime une petite communauté en ligne,Responsable Business Intelligence; avoir un métier stable,Bureau/Numérique,Informatique et Télécommunications,ISAIA,"Informatique, Statistique Appliquée et Intelligence Artificielle",False,
P01473,20,M,Atsimo-Atsinanana,Technologique,TGC,Génie civil,14.38,13.3,14.4,14.4,15.7,13.9,15.9,13.7,14.5,14.8,10.5,15.8,15.6,Anglais; Arts; Francais,géotechnique; sens de l'observation; esprit d'équipe; persévérance; curiosité,Architecture,a visité un chantier de construction dans le cadre d'un stage d'observation; a réalisé des maquettes ou des plans de construction pour un projet scolaire; pratique un sport en club depuis plusieurs années,Entrepreneur en BTP,Chantier/BTP,Génie Civil et Architecture,GCA,Génie Civil et Architecture,False,
P01474,17,F,Atsimo-Atsinanana,Général,D,,12.01,10.8,15.5,15.1,14.5,10.5,11.6,10.6,9.0,12.5,9.0,11.8,13.2,EPS; Economie; Francais; Physique_Chimie; SVT,gestion de laboratoire d'analyses médicales; esprit d'analyse; persévérance; créativité,Nature,s'occupe d'un petit élevage ou d'un jardin potager; aide régulièrement dans l'exploitation agricole familiale,Responsable de production pharmaceutique; contribuer au développement de Madagascar,Terrain/Extérieur,Biotechnologie et Agronomie,PIP,Pharmacologie et Industries Pharmaceutiques,False,
P01475,18,F,Haute Matsiatra,Général,S,,14.97,16.5,14.0,14.2,12.8,12.9,16.5,13.8,13.2,18.1,16.5,14.9,16.3,Anglais; Economie; Mathematiques,comptabilité générale et analytique; esprit d'équipe; sens de l'observation; créativité; fiscalité d'entreprise; gestion de trésorerie; autonomie,Économie,gère les comptes d'une association d'élèves,Directeur Administratif et Financier; Trésorier d'entreprise; contribuer au développement de Madagascar,Bureau/Numérique,Droit et Techniques des Affaires,FIC,Finances et Comptabilité,False,
P01476,19,F,Alaotra-Mangoro,Général,C,,12.53,14.8,10.9,14.2,15.1,9.6,10.8,12.0,13.3,14.2,12.8,11.8,10.9,Economie; Francais; Mathematiques; SVT,persévérance; esprit d'équipe; rigueur; géotechnique; ingénierie des infrastructures routières et hydrauliques; gestion de chantier,Urbanisme; Architecture,a réalisé des maquettes ou des plans de construction pour un projet scolaire,Entrepreneur en BTP,Chantier/BTP,Génie Civil et Architecture,GCA,Génie Civil et Architecture,False,
P01477,18,F,Atsimo-Atsinanana,Professionnel et technique,TPFM,Industriel,15.1,12.7,16.0,16.4,13.0,15.5,15.0,15.5,13.7,16.8,17.0,15.9,13.7,Economie; Informatique; SVT,sens de l'organisation; esprit d'équipe; sens de l'observation; persévérance; développement web et mobile multimédia; production et montage audiovisuel,Programmation; Sport,a suivi un tutoriel en ligne de programmation et créé un petit site web personnel; a participé à un club informatique ou de robotique au lycée,Directeur artistique numérique / Motion Designer; Ingénieur en technologies de la communication; avoir un métier stable,Bureau/Numérique,Informatique et Télécommunications,IMTICIA,"Informatique Multimédia, Technologie de l'Information et de la Communication et Intelligence Artificielle",False,
P01478,20,F,Anosy,Professionnel et technique,TOM,Industriel,11.47,9.4,10.7,9.5,13.4,10.8,12.3,12.4,8.8,9.8,13.0,16.2,11.3,Anglais; Arts; Histoire_Geo; Informatique,"sens de l'observation; programmation multi-langages (Java, C#, PHP, JavaScript); créativité; administration de bases de données",Robotique,a participé à un club informatique ou de robotique au lycée; pratique un sport en club depuis plusieurs années,Développeur multimédia; travailler à l'international,Bureau/Numérique,Informatique et Télécommunications,IMTICIA,"Informatique Multimédia, Technologie de l'Information et de la Communication et Intelligence Artificielle",True,IGGLIA
P01479,18,F,Atsimo-Atsinanana,Professionnel et technique,TFFI,Industriel,12.53,9.8,12.0,12.3,13.3,11.5,12.3,11.1,13.0,13.0,15.0,15.9,11.2,Arts; Francais; Histoire_Geo; Informatique; Philosophie,administration de bases de données; rigueur; notions d'intelligence artificielle; esprit d'analyse; curiosité; aisance relationnelle,Technologie; Bénévolat associatif,a suivi un tutoriel en ligne de programmation et créé un petit site web personnel; a créé un compte de jeu vidéo compétitif et anime une petite communauté en ligne; a occupé un petit job ou une activité rémunérée pendant les vacances,Directeur artistique numérique / Motion Designer; Spécialiste en communication digitale / Community Manager; avoir un poste à responsabilités,Bureau/Numérique,Informatique et Télécommunications,IMTICIA,"Informatique Multimédia, Technologie de l'Information et de la Communication et Intelligence Artificielle",True,IGGLIA
P01480,18,M,Fitovinany,Professionnel et technique,DAMB,Industriel,11.69,14.0,15.5,10.5,9.3,12.1,10.9,12.8,10.6,13.3,10.3,7.7,13.3,EPS; Economie; Mathematiques; Physique_Chimie,exploitation minière et géologie; sens de l'observation; esprit d'équipe; esprit d'analyse; hygiène sécurité environnement (HSE),Industrie; Bricolage; Musique,a participé à un club de robotique ou de modélisme; a occupé un petit job ou une activité rémunérée pendant les vacances,Ingénieur pétrolier; Ingénieur minier,Atelier/Industriel,Génie Industriel,ICMP,"Industries Chimiques, Minières et Pétrolières",False,
P01481,18,F,Atsinanana,Général,A2,,13.62,16.9,10.3,9.9,14.1,10.5,14.9,16.1,11.3,17.6,15.2,11.3,15.4,Economie; Histoire_Geo; Philosophie,pilotage et planification de projets; autonomie; curiosité; esprit d'analyse; persévérance; gestion financière prévisionnelle; management stratégique,Gestion,gère les comptes d'une association d'élèves; a organisé une petite activité commerciale ou un projet associatif,Analyste économique; Responsable suivi-évaluation de projets; avoir un métier stable,Bureau/Numérique,Droit et Techniques des Affaires,EMP,Économie et Management de Projet,False,
P01482,20,M,Analamanga,Professionnel et technique,MEMA,Industriel,12.15,14.4,14.9,12.0,14.5,10.7,14.0,10.5,13.3,13.5,8.7,10.4,8.9,Anglais; Francais; Mathematiques; Physique_Chimie,esprit d'équipe; sens de l'observation; normes HACCP et microbiologie; créativité,Bricolage,aide régulièrement dans l'exploitation agricole familiale; a occupé un petit job ou une activité rémunérée pendant les vacances,Responsable HSE; Ingénieur de laboratoire d'analyses,Atelier/Industriel,Génie Industriel,ICMP,"Industries Chimiques, Minières et Pétrolières",True,IAA
P01483,18,M,Amoron'i Mania,Professionnel et technique,TEV,Agricole,15.31,14.9,14.6,19.5,13.1,14.3,15.0,19.1,14.9,15.8,13.6,15.3,13.6,Arts; Economie; Philosophie; SVT,productions végétales et animales; rigueur; persévérance; créativité; esprit d'équipe; zootechnie et pisciculture,Agriculture; Réseaux sociaux,s'occupe d'un petit élevage ou d'un jardin potager; a participé à un club de sciences naturelles ou d'écologie; a occupé un petit job ou une activité rémunérée pendant les vacances,Responsable de projet développement rural,Terrain/Extérieur,Biotechnologie et Agronomie,AEE,Agriculture et Élevage,False,
P01484,20,F,Haute Matsiatra,Général,D,,11.74,13.6,11.0,9.4,9.9,14.6,9.9,10.2,12.8,12.4,11.4,14.2,11.5,Anglais; Arts; Economie; Malgache; Philosophie,gestion de chantier; ingénierie des infrastructures routières et hydrauliques; sens de l'observation; persévérance,Urbanisme; Musique,a réalisé des maquettes ou des plans de construction pour un projet scolaire; aime dessiner des plans de maisons ou des croquis d'aménagement; a occupé un petit job ou une activité rémunérée pendant les vacances,Ingénieur en génie civil,Chantier/BTP,Génie Civil et Architecture,GCA,Génie Civil et Architecture,True,
P01485,17,M,Betsiboka,Professionnel et technique,TFFI,Industriel,15.07,13.8,15.1,16.1,13.9,17.5,14.0,14.9,15.3,16.0,15.2,14.0,15.0,Economie; Informatique; Malgache; Philosophie; SVT,sens de l'organisation; curiosité; sensibilisation au tourisme durable; connaissance du patrimoine environnemental et culturel malgache,Gastronomie; Hôtellerie; Sport,a effectué un stage d'observation dans un hôtel ou une agence de voyage; aime cuisiner et découvrir des plats d'autres cultures; a occupé un petit job ou une activité rémunérée pendant les vacances,Chargé de valorisation touristique et environnementale; avoir un poste à responsabilités,Contact clientèle/Relationnel,Tourisme,TEE,Tourisme et Environnement,False,
P01486,20,M,Amoron'i Mania,Professionnel et technique,TFFI,Industriel,14.01,15.7,13.9,12.5,13.3,15.4,16.1,11.4,12.2,15.0,14.1,15.2,13.3,Anglais; Malgache; Mathematiques,"systèmes embarqués et IoT; administration de réseaux (GSM, TCP/IP); esprit d'équipe; robotique et domotique; persévérance; sens de l'organisation; curiosité",Robotique,a suivi un tutoriel en ligne de programmation et créé un petit site web personnel; a créé un compte de jeu vidéo compétitif et anime une petite communauté en ligne; participe à des activités associatives ou de bénévolat,Spécialiste en maintenance de systèmes informatisés; contribuer au développement de Madagascar,Bureau/Numérique,Informatique et Télécommunications,ESIIA,"Électronique, Systèmes Informatiques et Intelligence Artificielle",False,
P01487,19,M,Betsiboka,Professionnel et technique,TMA,Industriel,14.12,15.8,14.3,14.0,14.3,14.5,14.2,13.0,14.8,14.4,14.3,12.0,13.8,Economie; Malgache; Mathematiques; Philosophie,sens de l'observation; sens de l'organisation; maintenance industrielle pluridisciplinaire; électronique de puissance; gestion de production industrielle; autonomie,Électronique,a démonté et réparé des appareils électroménagers ou mécaniques par curiosité,Ingénieur en automatisation et robotique industrielle,Atelier/Industriel,Génie Industriel,EMII,Électromécanique et Informatique Industrielle,False,
P01488,18,M,Vakinankaratra,Professionnel et technique,TEV,Agricole,15.12,15.1,15.9,17.7,13.9,15.3,13.2,15.1,12.8,18.3,15.7,15.5,12.9,Arts; EPS; Economie; Informatique; Physique_Chimie,phytochimie; sens de l'organisation; esprit d'équipe; pharmacologie,Agriculture; Nature,a réalisé un exposé scolaire sur la santé ou la biologie; pratique un sport en club depuis plusieurs années,Responsable de production pharmaceutique,Terrain/Extérieur,Biotechnologie et Agronomie,PIP,Pharmacologie et Industries Pharmaceutiques,False,
P01489,17,F,Alaotra-Mangoro,Technologique,TGC,Génie civil,7.15,11.0,4.7,8.1,7.0,5.8,7.9,7.7,9.5,6.0,6.8,5.4,5.9,Anglais; Mathematiques; Philosophie; SVT,sensibilisation au tourisme durable; sens de l'observation; esprit d'analyse; connaissance du patrimoine environnemental et culturel malgache; créativité,Hôtellerie; Langues étrangères; Sport,a effectué un stage d'observation dans un hôtel ou une agence de voyage; aime cuisiner et découvrir des plats d'autres cultures,Chargé de valorisation touristique et environnementale; Professionnel du secteur du tourisme,Contact clientèle/Relationnel,Tourisme,TEE,Tourisme et Environnement,False,
P01490,17,F,Analanjirofo,Général,S,,7.74,8.9,9.9,9.0,8.6,4.4,7.7,5.0,8.8,7.4,5.6,8.6,9.0,EPS; Mathematiques; Physique_Chimie; SVT,créativité; géotechnique; conception architecturale (AutoCAD/ArchiCAD); esprit d'analyse; autonomie,Urbanisme; Construction; Réseaux sociaux,aime dessiner des plans de maisons ou des croquis d'aménagement; participe à des activités associatives ou de bénévolat,Ingénieur en génie civil; travailler à l'international,Chantier/BTP,Génie Civil et Architecture,GCA,Génie Civil et Architecture,True,
P01491,20,F,Analamanga,Professionnel et technique,MEMA,Industriel,13.12,16.8,11.9,11.0,11.2,13.5,13.1,11.0,12.8,16.6,13.4,12.0,14.2,EPS; Economie; Informatique; Malgache; Mathematiques,traitement de données massives (Big Data); aisance relationnelle; autonomie; analyse statistique et probabilités appliquées; sens de l'observation; sens de l'organisation; machine learning et deep learning,Réseaux sociaux et numérique; Jeux vidéo; Réseaux sociaux,a créé un compte de jeu vidéo compétitif et anime une petite communauté en ligne; a monté et dépanné des ordinateurs pour son entourage,Responsable Business Intelligence; Data Scientist,Bureau/Numérique,Informatique et Télécommunications,ISAIA,"Informatique, Statistique Appliquée et Intelligence Artificielle",False,
P01492,20,F,Sofia,Professionnel et technique,CG,Tertiaire,10.45,12.4,8.7,11.3,9.7,12.1,10.5,7.8,9.7,14.8,8.6,8.4,11.4,EPS; Economie; Malgache; Mathematiques,rigueur; gestion d'entreprise; sens de l'observation; créativité; audit financier; persévérance,Débat et droit; Gestion,s'intéresse à l'actualité économique et suit des chaînes d'information; participe à des activités associatives ou de bénévolat,Auditeur financier,Bureau/Numérique,Droit et Techniques des Affaires,FIC,Finances et Comptabilité,True,CAA
P01493,18,F,Analanjirofo,Général,D,,12.08,9.6,15.0,13.5,13.9,12.3,11.2,11.4,13.1,10.5,14.7,11.6,8.2,Economie; Francais; Physique_Chimie,rigueur; persévérance; biochimie et R&D; autonomie,Environnement; Industrie; Réseaux sociaux,a réalisé un exposé scolaire sur la santé ou la biologie; a participé à un club de robotique ou de modélisme,Ingénieur en génie des procédés chimiques; Ingénieur pétrolier; travailler à l'international,Terrain/Extérieur,Génie Industriel,ICMP,"Industries Chimiques, Minières et Pétrolières",True,IAA
P01494,17,F,Boeny,Professionnel et technique,SS,Tertiaire,11.53,12.3,8.0,10.7,12.3,12.4,15.3,11.5,11.9,13.6,7.8,8.9,13.7,Anglais; EPS; Economie,sens de l'organisation; connaissance du patrimoine environnemental et culturel malgache; persévérance; sensibilisation au tourisme durable; créativité,Langues étrangères; Gastronomie; Lecture,aime cuisiner et découvrir des plats d'autres cultures; pratique l'anglais ou une autre langue étrangère en autodidacte,Professionnel du secteur du tourisme,Contact clientèle/Relationnel,Tourisme,TEE,Tourisme et Environnement,False,
P01495,20,M,Atsinanana,Professionnel et technique,CG,Tertiaire,11.35,8.8,10.4,9.0,10.3,14.0,12.5,13.8,15.1,12.0,8.6,12.5,9.2,Anglais; Histoire_Geo; Malgache; Philosophie,persévérance; esprit d'équipe; accueil et relation client; sens de l'observation; curiosité,Langues étrangères; Cultures du monde,pratique l'anglais ou une autre langue étrangère en autodidacte; pratique un sport en club depuis plusieurs années,Directeur d'établissement hôtelier,Mixte/Itinérant,Tourisme,TEH,"Tourisme, Environnement et Hôtellerie",False,
P01496,17,M,Vatovavy,Général,S,,10.45,11.9,13.2,9.0,9.4,6.1,11.3,14.1,9.7,10.5,10.4,10.7,9.1,Histoire_Geo; Mathematiques; Physique_Chimie,gestion de laboratoire d'analyses médicales; formulation pharmaceutique; esprit d'équipe; phytochimie; autonomie,Environnement; Lecture,a participé à un club de sciences naturelles ou d'écologie; s'occupe d'un petit élevage ou d'un jardin potager; a occupé un petit job ou une activité rémunérée pendant les vacances,Délégué médical; Responsable de production pharmaceutique,Laboratoire/Recherche,Biotechnologie et Agronomie,PIP,Pharmacologie et Industries Pharmaceutiques,False,
P01497,20,F,Analanjirofo,Professionnel et technique,TEV,Agricole,7.58,9.6,8.3,9.3,6.2,8.6,6.6,8.5,6.8,7.0,8.0,6.6,5.5,Histoire_Geo; Malgache; Mathematiques; Physique_Chimie; SVT,rédaction d'actes juridiques; sens de l'organisation; droit des contrats et des sociétés; gestion des litiges commerciaux; rigueur; persévérance,Gestion; Musique,gère les comptes d'une association d'élèves; s'intéresse à l'actualité économique et suit des chaînes d'information; participe à des activités associatives ou de bénévolat,Assistant juridique,Contact clientèle/Relationnel,Droit et Techniques des Affaires,DTJA,Droit et Techniques Juridiques des Affaires,False,
P01498,19,M,Analamanga,Professionnel et technique,MEMA,Industriel,9.42,8.6,7.8,7.2,9.1,7.6,12.2,9.9,8.1,8.9,12.8,12.4,8.4,Anglais; Arts; Informatique,communication digitale et PAO; esprit d'analyse; rigueur,Technologie; Robotique; Bénévolat associatif,a suivi un tutoriel en ligne de programmation et créé un petit site web personnel; a participé à un club informatique ou de robotique au lycée; a occupé un petit job ou une activité rémunérée pendant les vacances,Directeur artistique numérique / Motion Designer; contribuer au développement de Madagascar,Mixte/Itinérant,Informatique et Télécommunications,IMTICIA,"Informatique Multimédia, Technologie de l'Information et de la Communication et Intelligence Artificielle",True,IGGLIA
P01499,18,M,Analamanga,Professionnel et technique,TAMB,Industriel,9.36,9.9,11.4,9.2,9.6,8.3,10.5,7.9,8.1,13.0,6.7,11.3,6.4,Arts; Economie; Mathematiques,curiosité; analyse financière et gestion budgétaire; créativité; stratégie marketing et commerciale,Gestion; Économie,a participé à un club de débat ou un simulacre de procès au lycée; pratique un sport en club depuis plusieurs années,Responsable export; Responsable Marketing,Contact clientèle/Relationnel,Droit et Techniques des Affaires,CAA,Commerce et Administration des Affaires,False,
P01500,19,M,Amoron'i Mania,Professionnel et technique,PCBTP,Génie civil / BTP,12.55,16.2,14.2,13.2,11.3,12.5,12.0,11.1,12.1,11.4,13.2,12.2,11.2,Mathematiques; Physique_Chimie; SVT,esprit d'équipe; conception architecturale (AutoCAD/ArchiCAD); autonomie,Dessin et design; Réseaux sociaux,a visité un chantier de construction dans le cadre d'un stage d'observation; a réalisé des maquettes ou des plans de construction pour un projet scolaire,Architecte junior; Urbaniste; contribuer au développement de Madagascar,Chantier/BTP,Génie Civil et Architecture,GCA,Génie Civil et Architecture,True,
P01501,18,M,Melaky,Général,D,,14.84,16.1,14.8,15.1,14.2,14.1,12.0,14.7,15.0,13.8,14.3,20,14.0,Arts; Mathematiques; Philosophie; SVT,esprit d'équipe; communication digitale et PAO; sens de l'observation; production et montage audiovisuel; sens de l'organisation,Programmation; Sport,a monté et dépanné des ordinateurs pour son entourage,Webmaster,Mixte/Itinérant,Informatique et Télécommunications,IMTICIA,"Informatique Multimédia, Technologie de l'Information et de la Communication et Intelligence Artificielle",False,
P01502,17,F,Melaky,Technologique,TTER,Tertiaire,12.86,12.2,10.8,8.5,13.7,11.7,14.5,14.7,13.1,17.6,13.8,11.9,11.8,Anglais; Economie; Francais; Histoire_Geo,persévérance; créativité; analyse économique et économétrie; analyse financière et gestion budgétaire; esprit d'équipe; sens de l'organisation,Entrepreneuriat; Débat et droit,s'intéresse à l'actualité économique et suit des chaînes d'information; a organisé une petite activité commerciale ou un projet associatif; participe à des activités associatives ou de bénévolat,Gestionnaire administratif et financier; créer sa propre entreprise,Contact clientèle/Relationnel,Droit et Techniques des Affaires,CAA,Commerce et Administration des Affaires,True,EMP
P01503,19,F,Atsimo-Atsinanana,Professionnel et technique,EN,Industriel,16.63,17.7,18.2,17.0,17.9,15.1,17.7,14.4,15.8,20,16.8,15.0,14.0,Economie; Francais; Physique_Chimie,gestion d'entreprise; esprit d'équipe; esprit d'analyse; analyse financière et gestion budgétaire,Économie; Entrepreneuriat,s'intéresse à l'actualité économique et suit des chaînes d'information; a organisé une petite activité commerciale ou un projet associatif,Responsable Marketing,Bureau/Numérique,Droit et Techniques des Affaires,CAA,Commerce et Administration des Affaires,False,
P01504,19,F,Androy,Professionnel et technique,MEMA,Industriel,13.43,16.5,13.5,14.6,12.7,13.1,14.1,13.2,15.2,8.9,14.4,12.3,12.7,Mathematiques; Philosophie; SVT,sens de l'observation; raffinage et pétrochimie; curiosité; sens de l'organisation,Animaux; Industrie,a participé à un club de sciences naturelles ou d'écologie; aide régulièrement dans l'exploitation agricole familiale; participe à des activités associatives ou de bénévolat,Ingénieur pétrolier; avoir un métier stable,Atelier/Industriel,Génie Industriel,ICMP,"Industries Chimiques, Minières et Pétrolières",True,IAA
P01505,19,F,Ihorombe,Professionnel et technique,TMA,Industriel,11.69,12.8,13.0,11.1,9.7,11.1,11.1,12.1,11.1,9.3,14.2,11.4,13.4,EPS; Informatique; Mathematiques; Physique_Chimie,créativité; notions d'intelligence artificielle; rigueur; administration de bases de données; esprit d'analyse; curiosité,Jeux vidéo; Robotique,a monté et dépanné des ordinateurs pour son entourage,Développeur Full-Stack (Web & Mobile); Expert en transformation digitale,Bureau/Numérique,Informatique et Télécommunications,IGGLIA,"Informatique de Gestion, Génie Logiciel et Intelligence Artificielle",False,
P01506,17,M,Menabe,Général,S,,13.52,12.0,11.6,14.8,15.3,16.7,12.9,10.8,14.9,12.3,12.4,14.2,14.3,EPS; Economie; Francais; Malgache; SVT,autonomie; esprit d'analyse; pharmacologie; formulation pharmaceutique; raffinage et pétrochimie; curiosité; sens de l'organisation,Bricolage; Lecture,a démonté et réparé des appareils électroménagers ou mécaniques par curiosité; a participé à un club de sciences naturelles ou d'écologie; pratique un sport en club depuis plusieurs années,Délégué médical; Responsable contrôle qualité; travailler à l'international,Atelier/Industriel,Biotechnologie et Agronomie,PIP,Pharmacologie et Industries Pharmaceutiques,True,ICMP
P01507,18,M,Amoron'i Mania,Professionnel et technique,PCBTP,Génie civil / BTP,10.75,12.8,9.8,10.0,9.0,10.3,8.7,12.0,8.0,14.4,11.0,13.1,9.9,Arts; Histoire_Geo; Informatique; Mathematiques,aisance relationnelle; autonomie; audit financier; esprit d'analyse; curiosité,Entrepreneuriat,a organisé une petite activité commerciale ou un projet associatif; s'intéresse à l'actualité économique et suit des chaînes d'information,Contrôleur de gestion; Directeur Administratif et Financier,Bureau/Numérique,Droit et Techniques des Affaires,FIC,Finances et Comptabilité,False,
P01508,17,F,Bongolava,Général,D,,13.99,17.2,13.2,16.4,14.3,11.7,12.0,12.2,13.4,13.3,14.1,16.2,13.9,Arts; Mathematiques; Physique_Chimie,sens de l'organisation; géotechnique; esprit d'équipe; aisance relationnelle; esprit d'analyse; gestion de chantier,Architecture; Dessin et design; Bénévolat associatif,a visité un chantier de construction dans le cadre d'un stage d'observation; aime dessiner des plans de maisons ou des croquis d'aménagement,Entrepreneur en BTP; travailler à l'international,Bureau d'études,Génie Civil et Architecture,GCA,Génie Civil et Architecture,False,
P01509,19,M,Menabe,Général,C,,15.32,13.5,15.1,11.5,18.5,13.2,13.7,18.4,16.4,18.0,16.0,13.5,16.0,Economie; Francais; Histoire_Geo; Informatique; Philosophie,gestion financière prévisionnelle; esprit d'analyse; sens de l'organisation; rigueur,Gestion; Débat et droit; Musique,gère les comptes d'une association d'élèves; a participé à un club de débat ou un simulacre de procès au lycée; pratique un sport en club depuis plusieurs années,Responsable export; Gestionnaire administratif et financier,Contact clientèle/Relationnel,Droit et Techniques des Affaires,CAA,Commerce et Administration des Affaires,True,EMP
P01510,19,M,Analamanga,Professionnel et technique,MEMA,Industriel,12.51,16.9,10.3,15.6,13.0,10.0,11.6,10.1,13.3,13.0,13.4,11.4,11.5,Informatique; Mathematiques; SVT,traitement de données massives (Big Data); analyse statistique et probabilités appliquées; esprit d'équipe; créativité,Jeux vidéo,a créé un compte de jeu vidéo compétitif et anime une petite communauté en ligne; a suivi un tutoriel en ligne de programmation et créé un petit site web personnel; a occupé un petit job ou une activité rémunérée pendant les vacances,Statisticien financier; Ingénieur Machine Learning,Bureau/Numérique,Informatique et Télécommunications,ISAIA,"Informatique, Statistique Appliquée et Intelligence Artificielle",False,
P01511,17,M,Analanjirofo,Professionnel et technique,TOM,Industriel,13.93,17.2,16.4,12.9,10.7,15.1,14.8,11.6,14.6,13.9,13.5,15.0,11.5,Anglais; Arts; Malgache; Mathematiques; Physique_Chimie,persévérance; rigueur; conception assistée par ordinateur (AutoCAD); aisance relationnelle,Industrie,a participé à un club de robotique ou de modélisme; a effectué un stage d'observation dans un atelier ou une usine,Ingénieur en maintenance industrielle; travailler à l'international,Atelier/Industriel,Génie Industriel,EMII,Électromécanique et Informatique Industrielle,False,
P01512,17,F,Melaky,Professionnel et technique,DAMB,Industriel,14.11,14.6,17.1,15.0,15.5,15.6,13.5,13.1,13.1,12.2,11.4,14.0,14.2,Francais; Malgache; Physique_Chimie,"notions d'intelligence artificielle; curiosité; esprit d'analyse; programmation multi-langages (Java, C#, PHP, JavaScript); esprit d'équipe; conception logicielle (UML, Merise)",Technologie; Robotique,a suivi un tutoriel en ligne de programmation et créé un petit site web personnel; a créé un compte de jeu vidéo compétitif et anime une petite communauté en ligne; participe à des activités associatives ou de bénévolat,Administrateur de bases de données,Bureau/Numérique,Informatique et Télécommunications,IGGLIA,"Informatique de Gestion, Génie Logiciel et Intelligence Artificielle",False,
P01513,19,F,Sava,Professionnel et technique,TMA,Industriel,13.02,13.0,12.9,11.3,14.7,15.5,14.9,9.3,13.2,15.9,10.3,12.2,13.0,Anglais; Economie; Francais; Malgache; Philosophie,créativité; pilotage et planification de projets; curiosité; gestion d'entreprise; esprit d'analyse; négociation et vente internationale; persévérance,Actualité et politique; Économie,a organisé une petite activité commerciale ou un projet associatif; a participé à un club de débat ou un simulacre de procès au lycée,Gestionnaire administratif et financier; Manager de PME/PMI,Bureau/Numérique,Droit et Techniques des Affaires,CAA,Commerce et Administration des Affaires,True,EMP
P01514,18,F,Atsinanana,Professionnel et technique,TFFI,Industriel,12.85,13.2,16.9,13.9,14.3,10.4,11.4,10.6,14.1,13.1,12.9,11.7,11.7,Philosophie; Physique_Chimie,électronique de puissance; autonomie; systèmes embarqués et IoT; esprit d'équipe; créativité,Technologie; Réseaux sociaux,a monté et dépanné des ordinateurs pour son entourage,Ingénieur en automatisation et robotique industrielle; avoir un poste à responsabilités,Atelier/Industriel,Génie Industriel,EMII,Électromécanique et Informatique Industrielle,True,ESIIA
P01515,19,M,Ihorombe,Professionnel et technique,TOM,Industriel,12.48,12.6,12.8,10.2,11.8,11.6,9.8,11.3,11.0,12.8,15.0,16.0,14.9,Arts; EPS; Informatique; Physique_Chimie,communication digitale et PAO; esprit d'analyse; autonomie; production et montage audiovisuel; sens de l'observation; curiosité,Programmation; Musique,a participé à un club informatique ou de robotique au lycée; a occupé un petit job ou une activité rémunérée pendant les vacances,UX/UI Designer; créer sa propre entreprise,Mixte/Itinérant,Informatique et Télécommunications,IMTICIA,"Informatique Multimédia, Technologie de l'Information et de la Communication et Intelligence Artificielle",False,
P01516,17,M,Betsiboka,Professionnel et technique,TOM,Industriel,12.99,12.5,12.0,11.6,13.0,12.7,15.9,14.5,12.9,12.2,12.3,13.6,12.7,Arts; Francais; Histoire_Geo; Malgache,sens de l'organisation; sensibilisation au tourisme durable; connaissance du patrimoine environnemental et culturel malgache; esprit d'équipe; créativité; autonomie,Cultures du monde,aime cuisiner et découvrir des plats d'autres cultures; pratique un sport en club depuis plusieurs années,Professionnel du secteur du tourisme; Chargé de valorisation touristique et environnementale,Mixte/Itinérant,Tourisme,TEE,Tourisme et Environnement,False,
P01517,19,F,Vakinankaratra,Général,S,,12.07,12.0,12.9,15.6,11.0,11.9,12.8,9.8,15.3,8.1,12.6,11.2,11.6,Philosophie; Physique_Chimie; SVT,phytochimie; sens de l'observation; esprit d'analyse; pharmacologie; autonomie; curiosité; formulation pharmaceutique,Nature; Agriculture; Musique,s'occupe d'un petit élevage ou d'un jardin potager; aide régulièrement dans l'exploitation agricole familiale,Chercheur en phyto-médicaments; Responsable contrôle qualité; travailler à l'international,Laboratoire/Recherche,Biotechnologie et Agronomie,PIP,Pharmacologie et Industries Pharmaceutiques,False,
P01518,19,M,Atsimo-Atsinanana,Général,A2,,11.52,13.7,12.8,10.8,10.3,10.5,11.9,11.9,10.0,14.0,11.8,10.4,10.1,Anglais; Economie; Histoire_Geo; Mathematiques; Physique_Chimie,gestion financière prévisionnelle; management stratégique; sens de l'organisation; rigueur; autonomie; aisance relationnelle,Gestion; Actualité et politique,a participé à un club de débat ou un simulacre de procès au lycée; gère les comptes d'une association d'élèves,Chef de projet,Bureau/Numérique,Droit et Techniques des Affaires,EMP,Économie et Management de Projet,False,
P01519,18,F,Vakinankaratra,Professionnel et technique,TAMB,Industriel,12.57,11.4,13.1,14.6,12.0,11.2,14.1,10.7,15.0,11.2,10.7,12.6,14.2,Arts; Philosophie; SVT,"esprit d'analyse; programmation multi-langages (Java, C#, PHP, JavaScript); curiosité; traitement de données massives (Big Data); notions d'intelligence artificielle",Technologie,a créé un compte de jeu vidéo compétitif et anime une petite communauté en ligne; a suivi un tutoriel en ligne de programmation et créé un petit site web personnel,Ingénieur Machine Learning; Analyste Big Data; travailler à l'international,Bureau/Numérique,Informatique et Télécommunications,ISAIA,"Informatique, Statistique Appliquée et Intelligence Artificielle",True,IGGLIA
P01520,18,F,Diana,Professionnel et technique,ACTC,Tertiaire,15.03,16.7,14.6,12.3,17.1,16.0,13.3,16.6,14.7,14.8,13.0,15.3,15.9,Francais; Histoire_Geo; Malgache; Mathematiques,aisance relationnelle; rédaction d'actes juridiques; gestion des litiges commerciaux; esprit d'analyse; rigueur; droit foncier et minier,Entrepreneuriat; Réseaux sociaux,s'intéresse à l'actualité économique et suit des chaînes d'information; a occupé un petit job ou une activité rémunérée pendant les vacances,Expert en contentieux d'affaires,Bureau/Numérique,Droit et Techniques des Affaires,DTJA,Droit et Techniques Juridiques des Affaires,False,
P01521,19,F,Androy,Technologique,TGC,Génie civil,13.11,14.8,13.8,11.0,14.6,15.4,13.0,11.1,12.2,12.1,12.3,14.3,12.7,Francais; Malgache; Mathematiques,sens de l'observation; géotechnique; gestion de chantier; esprit d'équipe; créativité; autonomie; ingénierie des infrastructures routières et hydrauliques,Dessin et design; Bénévolat associatif,a visité un chantier de construction dans le cadre d'un stage d'observation; aime dessiner des plans de maisons ou des croquis d'aménagement; pratique un sport en club depuis plusieurs années,Urbaniste,Chantier/BTP,Génie Civil et Architecture,GCA,Génie Civil et Architecture,True,
P01522,18,M,Itasy,Général,D,,10.86,14.0,11.5,11.7,10.6,11.9,8.6,8.4,9.3,10.2,11.7,11.9,10.5,Arts; Francais; Informatique; Mathematiques; SVT,ingénierie des infrastructures routières et hydrauliques; rigueur; esprit d'analyse; créativité; gestion de chantier; esprit d'équipe; géotechnique,Urbanisme; Sport,a visité un chantier de construction dans le cadre d'un stage d'observation; aime dessiner des plans de maisons ou des croquis d'aménagement,Ingénieur en génie civil; Conducteur de travaux; avoir un poste à responsabilités,Chantier/BTP,Génie Civil et Architecture,GCA,Génie Civil et Architecture,False,
P01523,20,M,Bongolava,Général,D,,11.97,13.4,13.9,10.6,14.8,11.1,11.5,9.5,11.6,11.8,13.5,10.8,11.1,Francais; Informatique; Physique_Chimie,"persévérance; aisance relationnelle; administration de réseaux (GSM, TCP/IP); maintenance hardware et microcontrôleurs; systèmes embarqués et IoT",Technologie; Bénévolat associatif,a créé un compte de jeu vidéo compétitif et anime une petite communauté en ligne,Spécialiste en robotique et domotique; avoir un poste à responsabilités,Bureau/Numérique,Informatique et Télécommunications,ESIIA,"Électronique, Systèmes Informatiques et Intelligence Artificielle",False,
P01524,20,M,Atsinanana,Professionnel et technique,TOM,Industriel,7.95,8.9,5.4,6.4,11.0,8.4,6.0,8.4,9.1,8.7,7.6,9.0,6.5,Arts; Francais; Philosophie,"autonomie; persévérance; créativité; conception logicielle (UML, Merise); programmation multi-langages (Java, C#, PHP, JavaScript); sens de l'organisation",Programmation,a monté et dépanné des ordinateurs pour son entourage,Ingénieur en génie logiciel; Chef de projet informatique,Mixte/Itinérant,Informatique et Télécommunications,IGGLIA,"Informatique de Gestion, Génie Logiciel et Intelligence Artificielle",True,IMTICIA
P01525,18,M,Betsiboka,Professionnel et technique,TPFM,Industriel,10.78,12.3,12.0,9.4,7.7,8.7,10.0,12.3,9.4,10.7,15.5,10.5,10.9,Histoire_Geo; Informatique; Mathematiques; Physique_Chimie,notions d'intelligence artificielle; autonomie; sens de l'organisation; esprit d'analyse,Programmation; Lecture,a participé à un club informatique ou de robotique au lycée,Administrateur de bases de données,Bureau/Numérique,Informatique et Télécommunications,IGGLIA,"Informatique de Gestion, Génie Logiciel et Intelligence Artificielle",False,
P01526,17,F,Ihorombe,Général,C,,9.47,11.0,8.7,9.2,7.7,9.7,8.2,10.6,8.0,10.0,12.5,8.3,9.7,Histoire_Geo; Informatique; Mathematiques,"autonomie; persévérance; aisance relationnelle; gestion de projets informatiques; administration de bases de données; conception logicielle (UML, Merise); sens de l'observation",Robotique; Réseaux sociaux et numérique; Réseaux sociaux,a suivi un tutoriel en ligne de programmation et créé un petit site web personnel; a occupé un petit job ou une activité rémunérée pendant les vacances,Consultant en systèmes d'information et IA; travailler à l'international,Bureau/Numérique,Informatique et Télécommunications,IGGLIA,"Informatique de Gestion, Génie Logiciel et Intelligence Artificielle",False,
P01527,18,M,Diana,Professionnel et technique,CCBTP,Génie civil / BTP,13.62,15.6,12.9,11.7,14.6,14.9,15.4,12.1,9.5,16.6,12.7,14.2,13.3,Anglais; Arts; Economie,persévérance; négociation et vente internationale; créativité; stratégie marketing et commerciale,Entrepreneuriat; Réseaux sociaux,gère les comptes d'une association d'élèves; a occupé un petit job ou une activité rémunérée pendant les vacances,Responsable Marketing; avoir un métier stable,Bureau/Numérique,Droit et Techniques des Affaires,CAA,Commerce et Administration des Affaires,False,
P01528,18,F,Atsimo-Atsinanana,Technologique,TGC,Génie civil,10.2,14.5,9.7,10.0,9.3,8.3,10.2,9.1,10.1,14.6,9.4,9.1,8.1,Anglais; Economie; Mathematiques; Philosophie,analyse économique et économétrie; gestion financière prévisionnelle; créativité; autonomie,Débat et droit; Sport,a participé à un club de débat ou un simulacre de procès au lycée; s'intéresse à l'actualité économique et suit des chaînes d'information; a occupé un petit job ou une activité rémunérée pendant les vacances,Consultant en management; Responsable suivi-évaluation de projets,Contact clientèle/Relationnel,Droit et Techniques des Affaires,EMP,Économie et Management de Projet,False,
P01529,19,M,Melaky,Général,S,,13.82,16.2,14.6,14.6,13.4,12.9,13.7,11.7,14.7,14.5,15.5,11.5,12.5,Informatique; Mathematiques,autonomie; calcul de structures (RDM); sens de l'observation; conception architecturale (AutoCAD/ArchiCAD); aisance relationnelle,Dessin et design; Construction,a visité un chantier de construction dans le cadre d'un stage d'observation; a occupé un petit job ou une activité rémunérée pendant les vacances,Entrepreneur en BTP; Ingénieur en génie civil,Chantier/BTP,Génie Civil et Architecture,GCA,Génie Civil et Architecture,True,
P01530,19,F,Vatovavy,Professionnel et technique,TEV,Agricole,10.61,12.1,9.3,11.4,11.8,9.9,10.6,9.3,10.3,13.3,9.0,10.4,9.9,Anglais; Economie; Francais,persévérance; créativité; pilotage et planification de projets; rigueur; curiosité,Économie; Réseaux sociaux,gère les comptes d'une association d'élèves,Responsable Marketing,Bureau/Numérique,Droit et Techniques des Affaires,CAA,Commerce et Administration des Affaires,True,EMP
P01531,18,M,Sava,Général,A1,,15.61,15.0,13.3,13.1,19.1,17.9,15.6,17.8,18.8,13.4,17.1,13.2,13.0,EPS; Malgache; Philosophie,sens de l'organisation; créativité; analyse financière et gestion budgétaire; persévérance; droit foncier et minier; aisance relationnelle; gestion des litiges commerciaux,Économie; Débat et droit; Lecture,s'intéresse à l'actualité économique et suit des chaînes d'information; a participé à un club de débat ou un simulacre de procès au lycée,Assistant juridique; Responsable des ressources humaines (volet juridique); travailler à l'international,Contact clientèle/Relationnel,Droit et Techniques des Affaires,DTJA,Droit et Techniques Juridiques des Affaires,True,CAA
P01532,20,F,Alaotra-Mangoro,Général,D,,11.21,11.9,12.0,16.1,9.3,8.6,11.3,11.6,14.1,9.3,9.2,10.3,10.8,Mathematiques; Philosophie; Physique_Chimie; SVT,esprit d'équipe; esprit d'analyse; autonomie; formulation pharmaceutique; gestion de laboratoire d'analyses médicales,Agriculture; Environnement,a réalisé un exposé scolaire sur la santé ou la biologie,Ingénieur de laboratoire médical,Terrain/Extérieur,Biotechnologie et Agronomie,PIP,Pharmacologie et Industries Pharmaceutiques,False,
P01533,19,M,Amoron'i Mania,Professionnel et technique,TEV,Agricole,7.87,6.0,7.7,10.7,5.4,8.6,7.4,9.5,8.2,7.2,8.7,5.3,9.7,EPS; Francais; Informatique; SVT,productions végétales et animales; esprit d'équipe; persévérance; aisance relationnelle; sens de l'organisation,Santé; Animaux; Lecture,aide régulièrement dans l'exploitation agricole familiale; a réalisé un exposé scolaire sur la santé ou la biologie; a occupé un petit job ou une activité rémunérée pendant les vacances,Ingénieur Agronome; Responsable de production animale,Terrain/Extérieur,Biotechnologie et Agronomie,AEE,Agriculture et Élevage,False,
P01534,19,F,Boeny,Professionnel et technique,TPFM,Industriel,13.85,11.4,10.8,15.9,16.6,16.3,13.4,15.2,18.6,13.9,10.8,11.4,11.9,Francais; Histoire_Geo; Malgache; Philosophie; SVT,rédaction d'actes juridiques; sens de l'organisation; autonomie,Débat et droit; Économie; Réseaux sociaux,gère les comptes d'une association d'élèves; s'intéresse à l'actualité économique et suit des chaînes d'information; pratique un sport en club depuis plusieurs années,Responsable des ressources humaines (volet juridique); Juriste d'affaires,Bureau/Numérique,Droit et Techniques des Affaires,DTJA,Droit et Techniques Juridiques des Affaires,False,
P01535,20,M,Atsinanana,Professionnel et technique,TMF,Industriel,8.42,8.6,7.1,7.8,9.6,7.0,7.6,6.7,10.2,10.2,6.9,10.9,8.4,Economie; Francais; Histoire_Geo; Philosophie,design UI/UX; persévérance; esprit d'analyse; créativité; aisance relationnelle,Programmation; Réseaux sociaux et numérique,a suivi un tutoriel en ligne de programmation et créé un petit site web personnel; pratique un sport en club depuis plusieurs années,UX/UI Designer,Bureau/Numérique,Informatique et Télécommunications,IMTICIA,"Informatique Multimédia, Technologie de l'Information et de la Communication et Intelligence Artificielle",False,
P01536,18,F,Bongolava,Professionnel et technique,DAMB,Industriel,10.32,10.1,8.0,6.8,11.4,10.1,14.1,9.6,10.7,14.4,8.1,11.3,9.3,Anglais; Arts; Economie; Francais; Philosophie,négociation et vente internationale; sens de l'organisation; créativité,Entrepreneuriat,a organisé une petite activité commerciale ou un projet associatif,Responsable Marketing,Contact clientèle/Relationnel,Droit et Techniques des Affaires,CAA,Commerce et Administration des Affaires,False,
P01537,19,F,Atsimo-Andrefana,Professionnel et technique,TEV,Agricole,9.23,9.6,10.9,13.9,7.7,6.2,8.5,6.3,9.6,10.8,10.5,8.2,8.6,Economie; Informatique; Mathematiques; Physique_Chimie; SVT,sens de l'organisation; rigueur; esprit d'équipe; phytochimie; esprit d'analyse,Environnement,aide régulièrement dans l'exploitation agricole familiale; pratique un sport en club depuis plusieurs années,Ingénieur de production en industrie agroalimentaire; Chargé de R&D alimentaire; contribuer au développement de Madagascar,Laboratoire/Recherche,Biotechnologie et Agronomie,IAA,Industries Agroalimentaires,True,PIP
P01538,20,F,Vatovavy,Professionnel et technique,TAMB,Industriel,10.54,8.7,7.0,10.5,9.6,10.5,9.1,10.6,13.6,10.3,11.6,13.5,11.5,Arts; EPS; Informatique; Mathematiques; Philosophie,persévérance; sens de l'organisation; développement web et mobile multimédia; design UI/UX; aisance relationnelle; sens de l'observation,Réseaux sociaux et numérique; Robotique; Lecture,a créé un compte de jeu vidéo compétitif et anime une petite communauté en ligne; a participé à un club informatique ou de robotique au lycée; pratique un sport en club depuis plusieurs années,Ingénieur en technologies de la communication; avoir un métier stable,Bureau/Numérique,Informatique et Télécommunications,IMTICIA,"Informatique Multimédia, Technologie de l'Information et de la Communication et Intelligence Artificielle",False,
P01539,18,F,Vakinankaratra,Professionnel et technique,TPFM,Industriel,12.22,10.7,12.0,13.1,12.7,12.0,12.0,14.5,13.9,11.0,10.6,11.0,13.2,EPS; Francais; Histoire_Geo; Philosophie; SVT,rigueur; analyse statistique et probabilités appliquées; esprit d'équipe; autonomie; machine learning et deep learning; business intelligence,Robotique; Réseaux sociaux,a créé un compte de jeu vidéo compétitif et anime une petite communauté en ligne,Data Scientist; Ingénieur Machine Learning,Mixte/Itinérant,Informatique et Télécommunications,ISAIA,"Informatique, Statistique Appliquée et Intelligence Artificielle",False,
P01540,18,F,Analamanga,Général,D,,11.2,13.4,11.9,11.6,11.1,8.1,11.9,11.1,11.8,9.4,10.7,12.8,10.6,Arts; Economie; Mathematiques,curiosité; conception architecturale (AutoCAD/ArchiCAD); esprit d'équipe; gestion de chantier; rigueur; ingénierie des infrastructures routières et hydrauliques,Architecture; Urbanisme; Bénévolat associatif,a visité un chantier de construction dans le cadre d'un stage d'observation; aime dessiner des plans de maisons ou des croquis d'aménagement; pratique un sport en club depuis plusieurs années,Entrepreneur en BTP; Ingénieur en génie civil,Chantier/BTP,Génie Civil et Architecture,GCA,Génie Civil et Architecture,True,
P01541,18,M,Bongolava,Professionnel et technique,MEMA,Industriel,12.0,11.0,10.5,12.2,14.3,9.6,15.0,10.0,11.6,14.3,11.1,10.8,13.6,Anglais; EPS; Economie; Francais,stratégie marketing et commerciale; esprit d'analyse; esprit d'équipe; curiosité,Entrepreneuriat,gère les comptes d'une association d'élèves,Responsable export,Bureau/Numérique,Droit et Techniques des Affaires,CAA,Commerce et Administration des Affaires,False,
P01542,17,M,Menabe,Professionnel et technique,TAMB,Industriel,13.57,12.2,15.3,10.9,15.0,13.1,13.8,13.5,13.7,19.4,10.4,13.2,12.3,Economie; Francais; Physique_Chimie,aisance relationnelle; analyse financière et gestion budgétaire; rigueur; stratégie marketing et commerciale; persévérance; autonomie,Gestion; Entrepreneuriat; Musique,a organisé une petite activité commerciale ou un projet associatif,Manager de PME/PMI,Contact clientèle/Relationnel,Droit et Techniques des Affaires,CAA,Commerce et Administration des Affaires,False,
P01543,20,M,Boeny,Général,S,,13.04,12.8,14.7,13.7,11.3,12.3,12.9,13.7,12.6,13.9,12.6,11.1,14.9,EPS; Economie; Physique_Chimie,transformation agroalimentaire; persévérance; rigueur,Agriculture; Environnement; Lecture,a participé à un club de sciences naturelles ou d'écologie,Responsable Qualité et Hygiène,Terrain/Extérieur,Biotechnologie et Agronomie,IAA,Industries Agroalimentaires,False,
P01544,19,M,Boeny,Professionnel et technique,TFFI,Industriel,14.16,14.7,13.3,13.9,15.4,15.8,17.1,16.3,14.5,12.4,13.0,12.9,10.6,Anglais; Francais; Histoire_Geo,esprit d'analyse; persévérance; curiosité; conception de produits touristiques; sens de l'observation,Cultures du monde; Bénévolat associatif,a effectué un stage d'observation dans un hôtel ou une agence de voyage; aime cuisiner et découvrir des plats d'autres cultures; participe à des activités associatives ou de bénévolat,Professionnel du secteur du tourisme; Chargé de valorisation touristique et environnementale,Mixte/Itinérant,Tourisme,TEE,Tourisme et Environnement,True,TEH
P01545,19,M,Bongolava,Professionnel et technique,EN,Industriel,10.14,11.5,12.1,8.2,9.4,10.9,7.2,8.8,10.1,10.3,13.6,9.1,10.5,Histoire_Geo; Mathematiques; Physique_Chimie,"systèmes embarqués et IoT; curiosité; sens de l'organisation; créativité; robotique et domotique; administration de réseaux (GSM, TCP/IP)",Jeux vidéo; Musique,a suivi un tutoriel en ligne de programmation et créé un petit site web personnel,Spécialiste en robotique et domotique; Ingénieur système et réseau,Bureau/Numérique,Informatique et Télécommunications,ESIIA,"Électronique, Systèmes Informatiques et Intelligence Artificielle",False,
P01546,17,M,Menabe,Général,C,,13.55,16.2,14.5,14.2,12.8,9.2,12.3,12.9,14.0,14.8,13.4,14.7,13.6,Arts; Economie; Mathematiques,esprit d'équipe; rigueur; conception architecturale (AutoCAD/ArchiCAD); esprit d'analyse; gestion de chantier,Construction; Bénévolat associatif,aime dessiner des plans de maisons ou des croquis d'aménagement,Urbaniste; Entrepreneur en BTP; travailler à l'international,Chantier/BTP,Génie Civil et Architecture,GCA,Génie Civil et Architecture,False,
P01547,19,F,Atsimo-Andrefana,Professionnel et technique,TEV,Agricole,12.14,15.4,11.4,12.1,9.9,9.6,13.8,10.5,10.5,16.0,11.8,10.3,14.4,Anglais; EPS; Economie; Mathematiques; SVT,esprit d'équipe; fiscalité d'entreprise; esprit d'analyse; audit financier,Entrepreneuriat,a participé à un club de débat ou un simulacre de procès au lycée; a occupé un petit job ou une activité rémunérée pendant les vacances,Chef Comptable; Directeur Administratif et Financier; créer sa propre entreprise,Contact clientèle/Relationnel,Droit et Techniques des Affaires,FIC,Finances et Comptabilité,False,
P01548,20,M,Vatovavy,Professionnel et technique,MEMA,Industriel,13.12,15.3,12.0,11.8,11.7,10.1,13.5,15.2,12.9,15.6,15.4,12.9,11.0,Anglais; Economie; Histoire_Geo; Informatique; Mathematiques,curiosité; sens de l'organisation; audit financier,Entrepreneuriat; Débat et droit,a organisé une petite activité commerciale ou un projet associatif; participe à des activités associatives ou de bénévolat,Directeur Administratif et Financier; Trésorier d'entreprise,Bureau/Numérique,Droit et Techniques des Affaires,FIC,Finances et Comptabilité,False,
P01549,17,M,Betsiboka,Professionnel et technique,MEMA,Industriel,11.54,14.2,12.0,10.5,12.0,8.7,10.3,10.6,12.6,14.3,10.3,10.4,12.6,EPS; Economie; Mathematiques; Philosophie,esprit d'équipe; rigueur; créativité; gestion de trésorerie,Entrepreneuriat,s'intéresse à l'actualité économique et suit des chaînes d'information,Auditeur financier; Chef Comptable; avoir un poste à responsabilités,Bureau/Numérique,Droit et Techniques des Affaires,FIC,Finances et Comptabilité,False,
P01550,20,M,Androy,Général,C,,11.48,11.3,13.0,14.9,9.1,13.4,10.7,13.5,10.9,9.0,10.0,10.1,11.9,EPS; Histoire_Geo; Malgache; Physique_Chimie; SVT,transformation agroalimentaire; rigueur; autonomie,Santé; Nature; Bénévolat associatif,a réalisé un exposé scolaire sur la santé ou la biologie; s'occupe d'un petit élevage ou d'un jardin potager; pratique un sport en club depuis plusieurs années,Consultant qualité; contribuer au développement de Madagascar,Laboratoire/Recherche,Biotechnologie et Agronomie,IAA,Industries Agroalimentaires,False,
P01551,17,M,Anosy,Professionnel et technique,TEV,Agricole,12.57,12.6,14.7,14.4,12.2,12.6,11.1,12.6,10.3,12.0,12.5,14.0,11.9,Arts; Mathematiques; Physique_Chimie; SVT,normes HACCP et microbiologie; sens de l'observation; esprit d'analyse; autonomie; sécurité alimentaire; transformation agroalimentaire; aisance relationnelle,Agriculture; Santé,a réalisé un exposé scolaire sur la santé ou la biologie; a participé à un club de sciences naturelles ou d'écologie; pratique un sport en club depuis plusieurs années,Consultant qualité; Ingénieur de production en industrie agroalimentaire,Laboratoire/Recherche,Biotechnologie et Agronomie,IAA,Industries Agroalimentaires,False,
P01552,17,F,Vakinankaratra,Général,A1,,10.43,13.4,8.6,9.2,10.5,9.5,12.7,12.3,5.4,11.9,12.0,11.2,8.4,Anglais; Histoire_Geo; Informatique; Mathematiques,curiosité; sens de l'organisation; aisance relationnelle; négociation et vente internationale,Actualité et politique; Débat et droit,s'intéresse à l'actualité économique et suit des chaînes d'information; a occupé un petit job ou une activité rémunérée pendant les vacances,Contrôleur de gestion,Contact clientèle/Relationnel,Droit et Techniques des Affaires,FIC,Finances et Comptabilité,True,CAA
P01553,18,M,Atsimo-Atsinanana,Professionnel et technique,TEV,Agricole,12.86,12.5,13.7,10.5,15.1,13.6,13.7,14.2,13.9,13.4,10.7,12.7,10.3,Francais; Histoire_Geo; Philosophie; Physique_Chimie,curiosité; management stratégique; gestion financière prévisionnelle; esprit d'analyse; créativité; esprit d'équipe,Gestion; Débat et droit; Sport,gère les comptes d'une association d'élèves; s'intéresse à l'actualité économique et suit des chaînes d'information; participe à des activités associatives ou de bénévolat,Assistant juridique; Juriste d'affaires; travailler à l'international,Bureau/Numérique,Droit et Techniques des Affaires,DTJA,Droit et Techniques Juridiques des Affaires,True,EMP
P01554,20,F,Vakinankaratra,Général,S,,13.04,15.6,17.6,14.2,10.1,11.8,11.5,11.3,13.4,10.7,14.4,14.2,11.7,Informatique; Mathematiques; Physique_Chimie,curiosité; analyses de laboratoire; sens de l'observation; créativité; génie des procédés chimiques; esprit d'équipe,Mécanique; Bricolage,aide régulièrement à l'entretien de véhicules en famille; a effectué un stage d'observation dans un atelier ou une usine,Ingénieur pétrolier; Ingénieur minier; avoir un métier stable,Atelier/Industriel,Génie Industriel,ICMP,"Industries Chimiques, Minières et Pétrolières",False,
P01555,18,F,Ihorombe,Professionnel et technique,EN,Industriel,13.78,13.3,18.0,12.5,12.5,13.2,15.9,13.0,14.4,13.6,10.9,15.1,12.9,Anglais; Arts; Economie; Philosophie; Physique_Chimie,électronique de puissance; maintenance industrielle pluridisciplinaire; persévérance; aisance relationnelle,Automobile et aéronautique,a démonté et réparé des appareils électroménagers ou mécaniques par curiosité,Ingénieur en maintenance industrielle,Atelier/Industriel,Génie Industriel,EMII,Électromécanique et Informatique Industrielle,False,
P01556,17,F,Ihorombe,Technologique,TGI,Industriel,13.77,13.2,17.9,12.1,13.7,14.1,11.6,9.6,16.9,13.3,17.5,11.9,13.4,Francais; Informatique; Malgache; Philosophie; Physique_Chimie,traitement du signal et automatique; autonomie; systèmes embarqués et IoT; rigueur,Robotique; Réseaux sociaux,a monté et dépanné des ordinateurs pour son entourage; a suivi un tutoriel en ligne de programmation et créé un petit site web personnel; participe à des activités associatives ou de bénévolat,Spécialiste en maintenance de systèmes informatisés,Bureau/Numérique,Informatique et Télécommunications,ESIIA,"Électronique, Systèmes Informatiques et Intelligence Artificielle",False,
P01557,20,M,Fitovinany,Professionnel et technique,TEV,Agricole,14.62,14.8,17.0,19.3,14.3,12.9,14.4,14.9,15.8,16.8,9.4,12.9,12.9,Anglais; Economie; SVT,transformation agroalimentaire; biochimie et R&D; sécurité alimentaire; sens de l'organisation; rigueur,Nature; Environnement; Réseaux sociaux,a participé à un club de sciences naturelles ou d'écologie; s'occupe d'un petit élevage ou d'un jardin potager; a occupé un petit job ou une activité rémunérée pendant les vacances,Ingénieur de production en industrie agroalimentaire; créer sa propre entreprise,Terrain/Extérieur,Biotechnologie et Agronomie,IAA,Industries Agroalimentaires,False,
P01558,18,M,Analanjirofo,Professionnel et technique,EN,Industriel,12.56,13.8,8.9,15.5,13.2,11.4,15.7,11.3,12.8,13.7,9.2,13.0,12.2,Anglais; Economie; Francais; Mathematiques; SVT,aisance relationnelle; gestion financière prévisionnelle; rigueur; esprit d'équipe; sens de l'observation; analyse économique et économétrie,Gestion; Bénévolat associatif,a participé à un club de débat ou un simulacre de procès au lycée; gère les comptes d'une association d'élèves,Consultant en management,Contact clientèle/Relationnel,Droit et Techniques des Affaires,EMP,Économie et Management de Projet,False,
P01559,18,M,Fitovinany,Professionnel et technique,MEMA,Industriel,12.11,12.2,17.5,13.0,13.2,10.9,9.8,13.4,10.7,10.5,11.8,12.3,10.0,Arts; Francais; Histoire_Geo; Physique_Chimie; SVT,robotique et domotique; maintenance hardware et microcontrôleurs; traitement du signal et automatique; esprit d'équipe; rigueur; sens de l'organisation; aisance relationnelle,Programmation,a monté et dépanné des ordinateurs pour son entourage,Spécialiste en robotique et domotique; Expert en systèmes embarqués et IoT,Mixte/Itinérant,Informatique et Télécommunications,ESIIA,"Électronique, Systèmes Informatiques et Intelligence Artificielle",False,
P01560,19,M,Menabe,Professionnel et technique,TOM,Industriel,14.03,13.9,14.4,15.1,15.4,12.6,14.4,13.5,12.7,13.7,17.1,12.3,13.3,Francais; Informatique; Physique_Chimie; SVT,administration de bases de données; esprit d'équipe; créativité; production et montage audiovisuel,Programmation,a suivi un tutoriel en ligne de programmation et créé un petit site web personnel; a participé à un club informatique ou de robotique au lycée; pratique un sport en club depuis plusieurs années,Expert en transformation digitale,Mixte/Itinérant,Informatique et Télécommunications,IGGLIA,"Informatique de Gestion, Génie Logiciel et Intelligence Artificielle",True,IMTICIA
P01561,18,M,Fitovinany,Professionnel et technique,TMEL,Industriel,16.03,18.7,12.1,14.7,16.6,14.8,17.1,15.8,14.2,20,15.7,16.5,16.2,Anglais; Economie; Francais; Mathematiques,pilotage et planification de projets; créativité; esprit d'équipe; autonomie; rigueur; management stratégique; stratégie marketing et commerciale,Économie; Sport,gère les comptes d'une association d'élèves; s'intéresse à l'actualité économique et suit des chaînes d'information,Analyste de marché,Bureau/Numérique,Droit et Techniques des Affaires,CAA,Commerce et Administration des Affaires,True,EMP
P01562,18,M,Androy,Professionnel et technique,TPFM,Industriel,13.73,12.7,16.9,12.7,14.4,13.1,13.7,14.5,13.7,11.5,11.9,15.2,14.5,Arts; EPS; Francais; Histoire_Geo; Physique_Chimie,esprit d'équipe; management hôtelier et restauration; gestion environnementale de sites touristiques; langues étrangères; autonomie; rigueur; sens de l'observation,Cultures du monde; Sport,pratique l'anglais ou une autre langue étrangère en autodidacte,Directeur d'établissement hôtelier; Organisateur d'événements (MICE); créer sa propre entreprise,Contact clientèle/Relationnel,Tourisme,TEH,"Tourisme, Environnement et Hôtellerie",False,
P01563,19,F,Atsimo-Atsinanana,Professionnel et technique,TMF,Industriel,13.29,15.7,13.9,14.5,13.0,13.4,11.6,12.1,11.3,13.2,17.6,10.8,12.4,Informatique; Malgache; Mathematiques; Physique_Chimie; SVT,curiosité; machine learning et deep learning; esprit d'équipe; analyse statistique et probabilités appliquées; traitement de données massives (Big Data),Programmation,a suivi un tutoriel en ligne de programmation et créé un petit site web personnel,Data Analyst; contribuer au développement de Madagascar,Bureau/Numérique,Informatique et Télécommunications,ISAIA,"Informatique, Statistique Appliquée et Intelligence Artificielle",False,
P01564,17,F,Melaky,Général,C,,12.98,14.1,13.3,12.4,14.1,11.6,13.1,13.1,12.0,13.6,13.8,10.4,14.3,EPS; Francais; Mathematiques,aisance relationnelle; traitement de données massives (Big Data); business intelligence; rigueur; machine learning et deep learning; créativité,Jeux vidéo; Réseaux sociaux,a créé un compte de jeu vidéo compétitif et anime une petite communauté en ligne,Statisticien financier; avoir un métier stable,Bureau/Numérique,Informatique et Télécommunications,ISAIA,"Informatique, Statistique Appliquée et Intelligence Artificielle",False,
P01565,20,M,Fitovinany,Professionnel et technique,TPFM,Industriel,4.85,7.5,7.5,4.7,7.0,1.1,1.3,3.8,3.8,4.9,7.8,3.2,5.6,Informatique; Mathematiques; Physique_Chimie,autonomie; rigueur; maintenance hardware et microcontrôleurs; esprit d'analyse; aisance relationnelle,Jeux vidéo,a participé à un club informatique ou de robotique au lycée; a monté et dépanné des ordinateurs pour son entourage; a occupé un petit job ou une activité rémunérée pendant les vacances,Expert en systèmes embarqués et IoT,Mixte/Itinérant,Informatique et Télécommunications,ESIIA,"Électronique, Systèmes Informatiques et Intelligence Artificielle",False,
P01566,18,M,Analanjirofo,Général,C,,11.78,14.7,11.5,7.8,12.6,10.8,12.1,13.8,9.7,10.6,13.7,12.5,11.5,Histoire_Geo; Informatique; Mathematiques,gestion de projets informatiques; aisance relationnelle; autonomie; rigueur; persévérance; notions d'intelligence artificielle,Jeux vidéo; Programmation; Bénévolat associatif,a créé un compte de jeu vidéo compétitif et anime une petite communauté en ligne; participe à des activités associatives ou de bénévolat,Expert en transformation digitale; Architecte logiciel,Bureau/Numérique,Informatique et Télécommunications,IGGLIA,"Informatique de Gestion, Génie Logiciel et Intelligence Artificielle",False,
P01567,19,M,Betsiboka,Professionnel et technique,TEV,Agricole,13.07,11.3,12.3,17.9,11.6,12.5,11.4,13.9,12.4,15.1,12.0,14.6,11.8,Arts; Economie; Histoire_Geo; SVT,curiosité; créativité; aisance relationnelle; agroécologie et agriculture biologique,Agriculture,s'occupe d'un petit élevage ou d'un jardin potager; a réalisé un exposé scolaire sur la santé ou la biologie,Ingénieur Agronome; Expert en agri-business; créer sa propre entreprise,Terrain/Extérieur,Biotechnologie et Agronomie,AEE,Agriculture et Élevage,False,
P01568,17,M,Anosy,Général,L,,11.12,11.0,11.2,8.3,10.7,12.1,11.8,11.0,9.2,14.8,10.5,11.4,11.5,Anglais; Arts; EPS; Economie; Malgache,aisance relationnelle; stratégie marketing et commerciale; management stratégique; créativité; pilotage et planification de projets; persévérance; esprit d'analyse,Débat et droit; Sport,a organisé une petite activité commerciale ou un projet associatif,Responsable suivi-évaluation de projets,Bureau/Numérique,Droit et Techniques des Affaires,EMP,Économie et Management de Projet,True,CAA
P01569,19,M,Sofia,Technologique,TGC,Génie civil,11.0,13.6,12.2,12.7,10.1,10.5,10.5,9.0,12.9,9.1,10.8,11.3,9.3,Arts; Mathematiques; Philosophie; Physique_Chimie; SVT,ingénierie des infrastructures routières et hydrauliques; conception architecturale (AutoCAD/ArchiCAD); esprit d'équipe; rigueur; gestion de chantier,Dessin et design,a réalisé des maquettes ou des plans de construction pour un projet scolaire; aime dessiner des plans de maisons ou des croquis d'aménagement; pratique un sport en club depuis plusieurs années,Ingénieur en Bureau d'Études,Chantier/BTP,Génie Civil et Architecture,GCA,Génie Civil et Architecture,True,
P01570,19,F,Haute Matsiatra,Professionnel et technique,TPFM,Industriel,12.46,11.4,9.6,12.7,12.0,9.3,11.5,11.6,12.6,15.6,15.0,15.6,12.6,Arts; Economie; Informatique; SVT,communication digitale et PAO; aisance relationnelle; rigueur; persévérance,Jeux vidéo; Musique,a participé à un club informatique ou de robotique au lycée; a monté et dépanné des ordinateurs pour son entourage; pratique un sport en club depuis plusieurs années,Développeur multimédia,Bureau/Numérique,Informatique et Télécommunications,IMTICIA,"Informatique Multimédia, Technologie de l'Information et de la Communication et Intelligence Artificielle",False,
P01571,18,F,Atsinanana,Professionnel et technique,MEMA,Industriel,8.91,11.9,7.4,8.4,10.1,10.8,8.0,9.7,6.6,11.9,8.6,4.5,9.0,Economie; Francais; Malgache; Mathematiques,audit financier; rigueur; sens de l'organisation; autonomie; esprit d'équipe,Débat et droit; Entrepreneuriat,gère les comptes d'une association d'élèves,Contrôleur de gestion; Chef Comptable,Contact clientèle/Relationnel,Droit et Techniques des Affaires,FIC,Finances et Comptabilité,False,
P01572,19,M,Ihorombe,Général,S,,14.66,14.1,15.0,17.2,14.8,14.4,15.4,13.0,14.2,14.1,15.3,14.6,13.8,Anglais; Francais; Informatique; Physique_Chimie; SVT,aisance relationnelle; normes HACCP et microbiologie; sécurité alimentaire; esprit d'équipe; curiosité,Environnement; Réseaux sociaux,aide régulièrement dans l'exploitation agricole familiale,Responsable Qualité et Hygiène; Chef de production,Laboratoire/Recherche,Biotechnologie et Agronomie,IAA,Industries Agroalimentaires,False,
P01573,20,M,Betsiboka,Professionnel et technique,TOM,Industriel,14.36,13.9,13.2,13.9,14.3,14.1,14.5,16.8,14.0,15.9,14.1,13.2,14.4,Anglais; Economie; Histoire_Geo,"aisance relationnelle; rigueur; maintenance industrielle pluridisciplinaire; sens de l'observation; automatismes (Grafcet, automates)",Bricolage,aide régulièrement à l'entretien de véhicules en famille; a démonté et réparé des appareils électroménagers ou mécaniques par curiosité,Responsable de production en usine,Atelier/Industriel,Génie Industriel,EMII,Électromécanique et Informatique Industrielle,False,
P01574,18,F,Ihorombe,Professionnel et technique,TMA,Industriel,16.13,19.7,18.9,16.7,16.7,16.5,13.7,12.9,16.1,14.6,18.1,15.3,14.4,Francais; Informatique; Mathematiques; Physique_Chimie; SVT,robotique et domotique; persévérance; aisance relationnelle,Technologie,a créé un compte de jeu vidéo compétitif et anime une petite communauté en ligne; a suivi un tutoriel en ligne de programmation et créé un petit site web personnel,Spécialiste en robotique et domotique; avoir un poste à responsabilités,Bureau/Numérique,Informatique et Télécommunications,ESIIA,"Électronique, Systèmes Informatiques et Intelligence Artificielle",False,
P01575,20,F,Analanjirofo,Professionnel et technique,ACTC,Tertiaire,11.12,10.8,9.7,11.4,12.8,9.0,13.8,12.1,11.0,15.2,9.3,8.5,9.8,Anglais; Economie; Francais,analyse financière et gestion budgétaire; management stratégique; esprit d'équipe; sens de l'observation; rigueur,Gestion; Entrepreneuriat,a participé à un club de débat ou un simulacre de procès au lycée; a organisé une petite activité commerciale ou un projet associatif,Gestionnaire administratif et financier,Contact clientèle/Relationnel,Droit et Techniques des Affaires,CAA,Commerce et Administration des Affaires,True,EMP
P01576,19,F,Atsinanana,Professionnel et technique,TAMB,Industriel,11.32,10.2,14.0,11.4,11.2,9.0,12.3,10.3,10.1,8.8,14.4,12.9,11.3,Arts; Informatique; Physique_Chimie,rigueur; sens de l'organisation; aisance relationnelle; production et montage audiovisuel; développement web et mobile multimédia,Technologie; Robotique,a créé un compte de jeu vidéo compétitif et anime une petite communauté en ligne; a participé à un club informatique ou de robotique au lycée; participe à des activités associatives ou de bénévolat,Ingénieur en technologies de la communication,Mixte/Itinérant,Informatique et Télécommunications,IMTICIA,"Informatique Multimédia, Technologie de l'Information et de la Communication et Intelligence Artificielle",False,
P01577,19,F,Atsimo-Andrefana,Professionnel et technique,MEMA,Industriel,12.75,11.0,11.8,12.2,15.6,12.1,14.5,13.3,14.5,9.4,11.8,13.3,13.5,Anglais; Francais; Philosophie,gestion environnementale de sites touristiques; sens de l'organisation; esprit d'équipe; accueil et relation client; sensibilisation au tourisme durable; créativité; persévérance,Langues étrangères; Voyage,aime cuisiner et découvrir des plats d'autres cultures; a effectué un stage d'observation dans un hôtel ou une agence de voyage,Manager d'agence de voyage,Contact clientèle/Relationnel,Tourisme,TEH,"Tourisme, Environnement et Hôtellerie",True,TEE
P01578,20,F,Melaky,Professionnel et technique,EN,Industriel,8.96,9.1,8.6,7.3,10.6,9.5,7.8,9.0,10.6,6.4,8.9,9.3,10.4,Arts; EPS; Francais; Malgache; Philosophie,analyse économique et économétrie; rigueur; esprit d'équipe,Débat et droit; Gestion; Réseaux sociaux,a participé à un club de débat ou un simulacre de procès au lycée; gère les comptes d'une association d'élèves,Chef de projet; Responsable suivi-évaluation de projets,Bureau/Numérique,Droit et Techniques des Affaires,EMP,Économie et Management de Projet,False,
P01579,18,F,Menabe,Général,C,,11.16,8.9,9.9,11.6,12.3,12.2,12.2,10.2,11.0,13.1,9.8,10.5,12.2,Anglais; EPS; Economie; Francais; Malgache,stratégie marketing et commerciale; gestion d'entreprise; persévérance; négociation et vente internationale; sens de l'observation; curiosité; autonomie,Actualité et politique; Économie; Lecture,a participé à un club de débat ou un simulacre de procès au lycée; a occupé un petit job ou une activité rémunérée pendant les vacances,Responsable Marketing; créer sa propre entreprise,Bureau/Numérique,Droit et Techniques des Affaires,CAA,Commerce et Administration des Affaires,False,
P01580,18,F,Sofia,Professionnel et technique,CG,Tertiaire,13.92,12.5,12.3,14.8,17.8,15.0,18.0,10.3,12.1,16.6,14.0,12.7,10.9,Anglais; Francais; Malgache; Philosophie; SVT,rigueur; sens de l'organisation; gestion d'entreprise,Gestion; Actualité et politique,a participé à un club de débat ou un simulacre de procès au lycée; a organisé une petite activité commerciale ou un projet associatif,Responsable commercial; Responsable Marketing,Bureau/Numérique,Droit et Techniques des Affaires,CAA,Commerce et Administration des Affaires,False,
P01581,19,M,Itasy,Général,D,,13.01,16.7,13.9,10.9,10.3,12.6,12.7,12.3,12.6,12.0,13.8,13.6,14.7,EPS; Mathematiques; Physique_Chimie,créativité; esprit d'analyse; sens de l'organisation; ingénierie des infrastructures routières et hydrauliques; conception architecturale (AutoCAD/ArchiCAD); esprit d'équipe,Urbanisme; Architecture,a visité un chantier de construction dans le cadre d'un stage d'observation; a réalisé des maquettes ou des plans de construction pour un projet scolaire,Ingénieur en génie civil,Bureau d'études,Génie Civil et Architecture,GCA,Génie Civil et Architecture,False,
P01582,20,M,Bongolava,Professionnel et technique,DAMB,Industriel,11.63,13.0,11.0,8.3,8.9,11.1,12.2,14.1,10.9,14.3,14.9,10.8,10.1,Anglais; Arts; Economie; Histoire_Geo; Mathematiques,analyse statistique et probabilités appliquées; esprit d'équipe; sens de l'observation; traitement de données massives (Big Data),Réseaux sociaux et numérique; Sport,a participé à un club informatique ou de robotique au lycée; a créé un compte de jeu vidéo compétitif et anime une petite communauté en ligne; participe à des activités associatives ou de bénévolat,Responsable Business Intelligence; Analyste Big Data; avoir un métier stable,Mixte/Itinérant,Informatique et Télécommunications,ISAIA,"Informatique, Statistique Appliquée et Intelligence Artificielle",False,
P01583,18,F,Fitovinany,Professionnel et technique,TFFI,Industriel,10.7,14.1,13.9,11.0,11.2,7.0,10.9,11.1,9.1,10.6,7.8,10.7,11.0,EPS; Francais; Histoire_Geo; Mathematiques; SVT,exploitation minière et géologie; analyses de laboratoire; créativité; curiosité; persévérance; normes HACCP et microbiologie,Environnement; Agriculture; Musique,a effectué un stage d'observation dans un atelier ou une usine; a participé à un club de sciences naturelles ou d'écologie; a occupé un petit job ou une activité rémunérée pendant les vacances,Ingénieur de laboratoire d'analyses,Atelier/Industriel,Génie Industriel,ICMP,"Industries Chimiques, Minières et Pétrolières",True,IAA
P01584,20,M,Analamanga,Technologique,TTER,Tertiaire,10.93,13.7,8.8,10.0,10.8,11.6,9.3,12.3,8.9,13.3,11.9,9.2,11.3,Economie; Histoire_Geo; Malgache; Mathematiques,persévérance; curiosité; créativité; pilotage et planification de projets; sens de l'organisation; management stratégique,Gestion; Économie,a participé à un club de débat ou un simulacre de procès au lycée,Analyste économique; Chef de projet,Contact clientèle/Relationnel,Droit et Techniques des Affaires,EMP,Économie et Management de Projet,False,
P01585,19,F,Menabe,Général,C,,10.96,11.3,12.9,14.1,10.2,12.2,14.2,9.2,9.6,11.6,9.3,8.6,8.3,Anglais; Physique_Chimie; SVT,persévérance; créativité; biochimie et R&D; rigueur; transformation agroalimentaire,Animaux; Environnement,a participé à un club de sciences naturelles ou d'écologie; s'occupe d'un petit élevage ou d'un jardin potager,Chef de production; créer sa propre entreprise,Terrain/Extérieur,Biotechnologie et Agronomie,IAA,Industries Agroalimentaires,False,
P01586,17,F,Itasy,Professionnel et technique,TMA,Industriel,17.24,17.6,16.8,15.9,20,18.1,17.7,17.2,18.0,18.6,16.2,15.1,15.7,Economie; Francais; Malgache; Philosophie,aisance relationnelle; sens de l'observation; rédaction d'actes juridiques; droit foncier et minier; esprit d'équipe,Économie,gère les comptes d'une association d'élèves,Assistant juridique; Chargé de conformité,Contact clientèle/Relationnel,Droit et Techniques des Affaires,DTJA,Droit et Techniques Juridiques des Affaires,False,
P01587,20,F,Atsimo-Andrefana,Professionnel et technique,TAMB,Industriel,12.87,12.0,12.5,12.9,8.7,13.3,12.5,12.4,11.5,13.9,16.9,14.9,12.9,Economie; Informatique; Malgache,communication digitale et PAO; créativité; sens de l'observation; aisance relationnelle; curiosité,Jeux vidéo; Programmation; Lecture,a monté et dépanné des ordinateurs pour son entourage; a suivi un tutoriel en ligne de programmation et créé un petit site web personnel,Directeur artistique numérique / Motion Designer; Spécialiste en communication digitale / Community Manager,Bureau/Numérique,Informatique et Télécommunications,IMTICIA,"Informatique Multimédia, Technologie de l'Information et de la Communication et Intelligence Artificielle",False,
P01588,20,F,Analanjirofo,Professionnel et technique,EN,Industriel,14.12,14.6,13.7,9.8,16.9,14.8,15.0,11.6,13.0,16.9,13.3,15.7,14.2,Arts; Economie; Francais,autonomie; négociation et vente internationale; aisance relationnelle; gestion financière prévisionnelle,Actualité et politique; Économie,a organisé une petite activité commerciale ou un projet associatif; a occupé un petit job ou une activité rémunérée pendant les vacances,Responsable commercial,Contact clientèle/Relationnel,Droit et Techniques des Affaires,CAA,Commerce et Administration des Affaires,True,EMP
P01589,18,M,Sava,Général,D,,13.02,14.8,16.9,17.0,12.0,9.4,9.1,11.5,13.6,11.4,12.4,14.4,13.7,Arts; EPS; Mathematiques; Physique_Chimie; SVT,esprit d'équipe; esprit d'analyse; sens de l'organisation; curiosité; sécurité alimentaire,Environnement,a réalisé un exposé scolaire sur la santé ou la biologie; a participé à un club de sciences naturelles ou d'écologie; pratique un sport en club depuis plusieurs années,Chargé de R&D alimentaire,Laboratoire/Recherche,Biotechnologie et Agronomie,IAA,Industries Agroalimentaires,False,
P01590,17,M,Melaky,Général,C,,11.36,14.1,14.5,9.3,11.5,12.9,11.7,10.2,9.9,9.3,11.9,9.0,12.0,Arts; EPS; Informatique; Malgache; Mathematiques,maintenance hardware et microcontrôleurs; esprit d'analyse; robotique et domotique; créativité,Programmation; Musique,a monté et dépanné des ordinateurs pour son entourage,Spécialiste en maintenance de systèmes informatisés,Bureau/Numérique,Informatique et Télécommunications,ESIIA,"Électronique, Systèmes Informatiques et Intelligence Artificielle",True,EMII
P01591,20,F,Alaotra-Mangoro,Professionnel et technique,DAMB,Industriel,12.87,16.6,16.8,14.5,12.5,13.2,10.8,12.5,9.6,10.9,16.4,10.4,10.2,Informatique; Malgache; Mathematiques; Physique_Chimie; SVT,systèmes embarqués et IoT; traitement du signal et automatique; robotique et domotique; curiosité; esprit d'équipe; sens de l'organisation; rigueur,Robotique; Jeux vidéo,a monté et dépanné des ordinateurs pour son entourage,Spécialiste en robotique et domotique; contribuer au développement de Madagascar,Mixte/Itinérant,Informatique et Télécommunications,ESIIA,"Électronique, Systèmes Informatiques et Intelligence Artificielle",False,
P01592,17,F,Atsimo-Atsinanana,Professionnel et technique,EN,Industriel,13.04,15.0,10.2,12.2,11.7,13.2,15.9,12.5,11.1,14.3,16.1,11.1,13.2,Anglais; Economie; Informatique; Malgache; Mathematiques,analyse statistique et probabilités appliquées; créativité; sens de l'observation; esprit d'équipe,Programmation,a monté et dépanné des ordinateurs pour son entourage,Data Scientist; créer sa propre entreprise,Bureau/Numérique,Informatique et Télécommunications,ISAIA,"Informatique, Statistique Appliquée et Intelligence Artificielle",False,
P01593,17,F,Sava,Général,C,,12.63,15.6,13.5,10.6,13.4,11.3,10.8,10.6,13.3,17.4,11.9,11.6,11.6,Economie; Mathematiques; Physique_Chimie,stratégie marketing et commerciale; comptabilité générale et analytique; curiosité; gestion d'entreprise; persévérance; aisance relationnelle; créativité,Actualité et politique; Économie,a organisé une petite activité commerciale ou un projet associatif; s'intéresse à l'actualité économique et suit des chaînes d'information,Directeur Administratif et Financier; avoir un poste à responsabilités,Bureau/Numérique,Droit et Techniques des Affaires,FIC,Finances et Comptabilité,True,CAA
P01594,19,M,Alaotra-Mangoro,Général,OSE,,11.12,13.3,10.6,9.5,10.7,11.5,11.6,10.5,9.0,14.3,9.9,12.1,10.5,Arts; Informatique; Mathematiques,persévérance; sens de l'organisation; esprit d'équipe; comptabilité générale et analytique; aisance relationnelle,Actualité et politique; Entrepreneuriat; Musique,gère les comptes d'une association d'élèves; a participé à un club de débat ou un simulacre de procès au lycée,Trésorier d'entreprise,Bureau/Numérique,Droit et Techniques des Affaires,FIC,Finances et Comptabilité,False,
P01595,20,F,Vakinankaratra,Technologique,TGC,Génie civil,12.99,13.7,13.7,11.7,12.2,14.8,13.0,11.9,10.9,13.1,13.3,13.3,14.3,EPS; Malgache; Mathematiques,esprit d'équipe; sens de l'observation; autonomie; calcul de structures (RDM); ingénierie des infrastructures routières et hydrauliques,Architecture,aime dessiner des plans de maisons ou des croquis d'aménagement; a visité un chantier de construction dans le cadre d'un stage d'observation; participe à des activités associatives ou de bénévolat,Ingénieur en Bureau d'Études,Chantier/BTP,Génie Civil et Architecture,GCA,Génie Civil et Architecture,True,
P01596,17,M,Haute Matsiatra,Professionnel et technique,DAMB,Industriel,12.53,13.4,14.6,13.2,11.5,11.5,10.8,12.4,11.5,12.8,14.3,12.7,11.6,Economie; Informatique; Mathematiques; SVT,maintenance hardware et microcontrôleurs; rigueur; esprit d'analyse; systèmes embarqués et IoT; robotique et domotique,Robotique; Réseaux sociaux et numérique,a monté et dépanné des ordinateurs pour son entourage; a créé un compte de jeu vidéo compétitif et anime une petite communauté en ligne,Architecte Hardware; Ingénieur en télécommunications,Bureau/Numérique,Informatique et Télécommunications,ESIIA,"Électronique, Systèmes Informatiques et Intelligence Artificielle",False,
P01597,17,M,Menabe,Professionnel et technique,TPFM,Industriel,14.45,14.4,13.9,11.9,14.4,15.3,13.1,15.9,17.8,12.1,13.5,15.1,16.0,EPS; Histoire_Geo; Philosophie,négociation et vente internationale; esprit d'analyse; sens de l'observation,Entrepreneuriat; Débat et droit; Bénévolat associatif,gère les comptes d'une association d'élèves,Responsable des ressources humaines (volet juridique); Chargé de conformité; travailler à l'international,Bureau/Numérique,Droit et Techniques des Affaires,DTJA,Droit et Techniques Juridiques des Affaires,True,CAA
P01598,17,M,Fitovinany,Professionnel et technique,EN,Industriel,14.39,12.6,13.7,13.4,15.7,16.5,17.6,13.4,12.2,15.5,13.5,14.0,14.6,Anglais; EPS; Economie; Francais; Malgache,connaissance du patrimoine environnemental et culturel malgache; curiosité; rigueur; esprit d'analyse; esprit d'équipe; gestion environnementale de sites touristiques,Voyage; Cultures du monde,a organisé un voyage ou un événement pour son groupe d'amis; aime cuisiner et découvrir des plats d'autres cultures,Directeur d'établissement hôtelier; Gestionnaire de sites protégés; travailler à l'international,Mixte/Itinérant,Tourisme,TEH,"Tourisme, Environnement et Hôtellerie",True,TEE
P01599,19,M,Vatovavy,Professionnel et technique,TFFI,Industriel,12.71,16.8,13.7,11.1,11.1,11.2,12.4,12.6,12.9,10.8,17.0,12.1,10.8,Informatique; Mathematiques; Philosophie; Physique_Chimie,"rigueur; curiosité; administration de bases de données; développement full-stack; conception logicielle (UML, Merise); persévérance; esprit d'analyse",Programmation,a participé à un club informatique ou de robotique au lycée; a monté et dépanné des ordinateurs pour son entourage; participe à des activités associatives ou de bénévolat,Administrateur de bases de données; Chef de projet informatique,Bureau/Numérique,Informatique et Télécommunications,IGGLIA,"Informatique de Gestion, Génie Logiciel et Intelligence Artificielle",False,
P01600,20,F,Analamanga,Technologique,TTER,Tertiaire,11.64,13.0,13.3,9.9,11.9,10.3,14.2,9.8,12.1,13.0,11.5,9.8,10.9,Anglais; Economie; Mathematiques; Philosophie; Physique_Chimie,audit financier; sens de l'organisation; rigueur; esprit d'équipe; gestion de trésorerie; autonomie,Débat et droit; Entrepreneuriat,a participé à un club de débat ou un simulacre de procès au lycée; a organisé une petite activité commerciale ou un projet associatif,Directeur Administratif et Financier,Contact clientèle/Relationnel,Droit et Techniques des Affaires,FIC,Finances et Comptabilité,False,
